Simpsons character classifier at home\simpsons_dataset\agnes_skinner\pic_0000.jpg	agnes_skinner
Simpsons character classifier at home\simpsons_dataset\agnes_skinner\pic_0001.jpg	agnes_skinner
Simpsons character classifier at home\simpsons_dataset\agnes_skinner\pic_0002.jpg	agnes_skinner
Simpsons character classifier at home\simpsons_dataset\agnes_skinner\pic_0003.jpg	agnes_skinner
Simpsons character classifier at home\simpsons_dataset\agnes_skinner\pic_0004.jpg	agnes_skinner
Simpsons character classifier at home\simpsons_dataset\agnes_skinner\pic_0005.jpg	agnes_skinner
Simpsons character classifier at home\simpsons_dataset\agnes_skinner\pic_0006.jpg	agnes_skinner
Simpsons character classifier at home\simpsons_dataset\agnes_skinner\pic_0007.jpg	agnes_skinner
Simpsons character classifier at home\simpsons_dataset\agnes_skinner\pic_0008.jpg	agnes_skinner
Simpsons character classifier at home\simpsons_dataset\agnes_skinner\pic_0009.jpg	agnes_skinner
Simpsons character classifier at home\simpsons_dataset\agnes_skinner\pic_0010.jpg	agnes_skinner
Simpsons character classifier at home\simpsons_dataset\agnes_skinner\pic_0011.jpg	agnes_skinner
Simpsons character classifier at home\simpsons_dataset\agnes_skinner\pic_0012.jpg	agnes_skinner
Simpsons character classifier at home\simpsons_dataset\agnes_skinner\pic_0013.jpg	agnes_skinner
Simpsons character classifier at home\simpsons_dataset\agnes_skinner\pic_0014.jpg	agnes_skinner
Simpsons character classifier at home\simpsons_dataset\agnes_skinner\pic_0015.jpg	agnes_skinner
Simpsons character classifier at home\simpsons_dataset\agnes_skinner\pic_0016.jpg	agnes_skinner
Simpsons character classifier at home\simpsons_dataset\agnes_skinner\pic_0017.jpg	agnes_skinner
Simpsons character classifier at home\simpsons_dataset\agnes_skinner\pic_0018.jpg	agnes_skinner
Simpsons character classifier at home\simpsons_dataset\agnes_skinner\pic_0019.jpg	agnes_skinner
Simpsons character classifier at home\simpsons_dataset\agnes_skinner\pic_0020.jpg	agnes_skinner
Simpsons character classifier at home\simpsons_dataset\agnes_skinner\pic_0021.jpg	agnes_skinner
Simpsons character classifier at home\simpsons_dataset\agnes_skinner\pic_0022.jpg	agnes_skinner
Simpsons character classifier at home\simpsons_dataset\agnes_skinner\pic_0023.jpg	agnes_skinner
Simpsons character classifier at home\simpsons_dataset\agnes_skinner\pic_0024.jpg	agnes_skinner
Simpsons character classifier at home\simpsons_dataset\agnes_skinner\pic_0025.jpg	agnes_skinner
Simpsons character classifier at home\simpsons_dataset\agnes_skinner\pic_0026.jpg	agnes_skinner
Simpsons character classifier at home\simpsons_dataset\agnes_skinner\pic_0027.jpg	agnes_skinner
Simpsons character classifier at home\simpsons_dataset\agnes_skinner\pic_0028.jpg	agnes_skinner
Simpsons character classifier at home\simpsons_dataset\agnes_skinner\pic_0029.jpg	agnes_skinner
Simpsons character classifier at home\simpsons_dataset\agnes_skinner\pic_0030.jpg	agnes_skinner
Simpsons character classifier at home\simpsons_dataset\agnes_skinner\pic_0031.jpg	agnes_skinner
Simpsons character classifier at home\simpsons_dataset\agnes_skinner\pic_0032.jpg	agnes_skinner
Simpsons character classifier at home\simpsons_dataset\agnes_skinner\pic_0033.jpg	agnes_skinner
Simpsons character classifier at home\simpsons_dataset\agnes_skinner\pic_0034.jpg	agnes_skinner
Simpsons character classifier at home\simpsons_dataset\agnes_skinner\pic_0035.jpg	agnes_skinner
Simpsons character classifier at home\simpsons_dataset\agnes_skinner\pic_0036.jpg	agnes_skinner
Simpsons character classifier at home\simpsons_dataset\agnes_skinner\pic_0037.jpg	agnes_skinner
Simpsons character classifier at home\simpsons_dataset\agnes_skinner\pic_0038.jpg	agnes_skinner
Simpsons character classifier at home\simpsons_dataset\agnes_skinner\pic_0039.jpg	agnes_skinner
Simpsons character classifier at home\simpsons_dataset\agnes_skinner\pic_0040.jpg	agnes_skinner
Simpsons character classifier at home\simpsons_dataset\agnes_skinner\pic_0041.jpg	agnes_skinner
