Simpsons character classifier at home\simpsons_dataset\apu_nahasapeemapetilon\pic_0000.jpg	apu_nahasapeemapetilon
Simpsons character classifier at home\simpsons_dataset\apu_nahasapeemapetilon\pic_0001.jpg	apu_nahasapeemapetilon
Simpsons character classifier at home\simpsons_dataset\apu_nahasapeemapetilon\pic_0002.jpg	apu_nahasapeemapetilon
Simpsons character classifier at home\simpsons_dataset\apu_nahasapeemapetilon\pic_0003.jpg	apu_nahasapeemapetilon
Simpsons character classifier at home\simpsons_dataset\apu_nahasapeemapetilon\pic_0004.jpg	apu_nahasapeemapetilon
Simpsons character classifier at home\simpsons_dataset\apu_nahasapeemapetilon\pic_0005.jpg	apu_nahasapeemapetilon
Simpsons character classifier at home\simpsons_dataset\apu_nahasapeemapetilon\pic_0006.jpg	apu_nahasapeemapetilon
Simpsons character classifier at home\simpsons_dataset\apu_nahasapeemapetilon\pic_0007.jpg	apu_nahasapeemapetilon
Simpsons character classifier at home\simpsons_dataset\apu_nahasapeemapetilon\pic_0008.jpg	apu_nahasapeemapetilon
Simpsons character classifier at home\simpsons_dataset\apu_nahasapeemapetilon\pic_0009.jpg	apu_nahasapeemapetilon
Simpsons character classifier at home\simpsons_dataset\apu_nahasapeemapetilon\pic_0010.jpg	apu_nahasapeemapetilon
Simpsons character classifier at home\simpsons_dataset\apu_nahasapeemapetilon\pic_0011.jpg	apu_nahasapeemapetilon
Simpsons character classifier at home\simpsons_dataset\apu_nahasapeemapetilon\pic_0012.jpg	apu_nahasapeemapetilon
Simpsons character classifier at home\simpsons_dataset\apu_nahasapeemapetilon\pic_0013.jpg	apu_nahasapeemapetilon
Simpsons character classifier at home\simpsons_dataset\apu_nahasapeemapetilon\pic_0014.jpg	apu_nahasapeemapetilon
Simpsons character classifier at home\simpsons_dataset\apu_nahasapeemapetilon\pic_0015.jpg	apu_nahasapeemapetilon
Simpsons character classifier at home\simpsons_dataset\apu_nahasapeemapetilon\pic_0016.jpg	apu_nahasapeemapetilon
Simpsons character classifier at home\simpsons_dataset\apu_nahasapeemapetilon\pic_0017.jpg	apu_nahasapeemapetilon
Simpsons character classifier at home\simpsons_dataset\apu_nahasapeemapetilon\pic_0018.jpg	apu_nahasapeemapetilon
Simpsons character classifier at home\simpsons_dataset\apu_nahasapeemapetilon\pic_0019.jpg	apu_nahasapeemapetilon
Simpsons character classifier at home\simpsons_dataset\apu_nahasapeemapetilon\pic_0020.jpg	apu_nahasapeemapetilon
Simpsons character classifier at home\simpsons_dataset\apu_nahasapeemapetilon\pic_0021.jpg	apu_nahasapeemapetilon
Simpsons character classifier at home\simpsons_dataset\apu_nahasapeemapetilon\pic_0022.jpg	apu_nahasapeemapetilon
Simpsons character classifier at home\simpsons_dataset\apu_nahasapeemapetilon\pic_0023.jpg	apu_nahasapeemapetilon
Simpsons character classifier at home\simpsons_dataset\apu_nahasapeemapetilon\pic_0024.jpg	apu_nahasapeemapetilon
Simpsons character classifier at home\simpsons_dataset\apu_nahasapeemapetilon\pic_0025.jpg	apu_nahasapeemapetilon
Simpsons character classifier at home\simpsons_dataset\apu_nahasapeemapetilon\pic_0026.jpg	apu_nahasapeemapetilon
Simpsons character classifier at home\simpsons_dataset\apu_nahasapeemapetilon\pic_0027.jpg	apu_nahasapeemapetilon
Simpsons character classifier at home\simpsons_dataset\apu_nahasapeemapetilon\pic_0028.jpg	apu_nahasapeemapetilon
Simpsons character classifier at home\simpsons_dataset\apu_nahasapeemapetilon\pic_0029.jpg	apu_nahasapeemapetilon
Simpsons character classifier at home\simpsons_dataset\apu_nahasapeemapetilon\pic_0030.jpg	apu_nahasapeemapetilon
Simpsons character classifier at home\simpsons_dataset\apu_nahasapeemapetilon\pic_0031.jpg	apu_nahasapeemapetilon
Simpsons character classifier at home\simpsons_dataset\apu_nahasapeemapetilon\pic_0032.jpg	apu_nahasapeemapetilon
Simpsons character classifier at home\simpsons_dataset\apu_nahasapeemapetilon\pic_0033.jpg	apu_nahasapeemapetilon
Simpsons character classifier at home\simpsons_dataset\apu_nahasapeemapetilon\pic_0034.jpg	apu_nahasapeemapetilon
Simpsons character classifier at home\simpsons_dataset\apu_nahasapeemapetilon\pic_0035.jpg	apu_nahasapeemapetilon
Simpsons character classifier at home\simpsons_dataset\apu_nahasapeemapetilon\pic_0036.jpg	apu_nahasapeemapetilon
Simpsons character classifier at home\simpsons_dataset\apu_nahasapeemapetilon\pic_0037.jpg	apu_nahasapeemapetilon
Simpsons character classifier at home\simpsons_dataset\apu_nahasapeemapetilon\pic_0038.jpg	apu_nahasapeemapetilon
Simpsons character classifier at home\simpsons_dataset\apu_nahasapeemapetilon\pic_0039.jpg	apu_nahasapeemapetilon
Simpsons character classifier at home\simpsons_dataset\apu_nahasapeemapetilon\pic_0040.jpg	apu_nahasapeemapetilon
Simpsons character classifier at home\simpsons_dataset\apu_nahasapeemapetilon\pic_0041.jpg	apu_nahasapeemapetilon
Simpsons character classifier at home\simpsons_dataset\apu_nahasapeemapetilon\pic_0042.jpg	apu_nahasapeemapetilon
Simpsons character classifier at home\simpsons_dataset\apu_nahasapeemapetilon\pic_0043.jpg	apu_nahasapeemapetilon
Simpsons character classifier at home\simpsons_dataset\apu_nahasapeemapetilon\pic_0044.jpg	apu_nahasapeemapetilon
Simpsons character classifier at home\simpsons_dataset\apu_nahasapeemapetilon\pic_0045.jpg	apu_nahasapeemapetilon
Simpsons character classifier at home\simpsons_dataset\apu_nahasapeemapetilon\pic_0046.jpg	apu_nahasapeemapetilon
Simpsons character classifier at home\simpsons_dataset\apu_nahasapeemapetilon\pic_0047.jpg	apu_nahasapeemapetilon
Simpsons character classifier at home\simpsons_dataset\apu_nahasapeemapetilon\pic_0048.jpg	apu_nahasapeemapetilon
Simpsons character classifier at home\simpsons_dataset\apu_nahasapeemapetilon\pic_0049.jpg	apu_nahasapeemapetilon
Simpsons character classifier at home\simpsons_dataset\apu_nahasapeemapetilon\pic_0050.jpg	apu_nahasapeemapetilon
Simpsons character classifier at home\simpsons_dataset\apu_nahasapeemapetilon\pic_0051.jpg	apu_nahasapeemapetilon
Simpsons character classifier at home\simpsons_dataset\apu_nahasapeemapetilon\pic_0052.jpg	apu_nahasapeemapetilon
Simpsons character classifier at home\simpsons_dataset\apu_nahasapeemapetilon\pic_0053.jpg	apu_nahasapeemapetilon
Simpsons character classifier at home\simpsons_dataset\apu_nahasapeemapetilon\pic_0054.jpg	apu_nahasapeemapetilon
Simpsons character classifier at home\simpsons_dataset\apu_nahasapeemapetilon\pic_0055.jpg	apu_nahasapeemapetilon
Simpsons character classifier at home\simpsons_dataset\apu_nahasapeemapetilon\pic_0056.jpg	apu_nahasapeemapetilon
Simpsons character classifier at home\simpsons_dataset\apu_nahasapeemapetilon\pic_0057.jpg	apu_nahasapeemapetilon
Simpsons character classifier at home\simpsons_dataset\apu_nahasapeemapetilon\pic_0058.jpg	apu_nahasapeemapetilon
Simpsons character classifier at home\simpsons_dataset\apu_nahasapeemapetilon\pic_0059.jpg	apu_nahasapeemapetilon
Simpsons character classifier at home\simpsons_dataset\apu_nahasapeemapetilon\pic_0060.jpg	apu_nahasapeemapetilon
Simpsons character classifier at home\simpsons_dataset\apu_nahasapeemapetilon\pic_0061.jpg	apu_nahasapeemapetilon
Simpsons character classifier at home\simpsons_dataset\apu_nahasapeemapetilon\pic_0062.jpg	apu_nahasapeemapetilon
Simpsons character classifier at home\simpsons_dataset\apu_nahasapeemapetilon\pic_0063.jpg	apu_nahasapeemapetilon
Simpsons character classifier at home\simpsons_dataset\apu_nahasapeemapetilon\pic_0064.jpg	apu_nahasapeemapetilon
Simpsons character classifier at home\simpsons_dataset\apu_nahasapeemapetilon\pic_0065.jpg	apu_nahasapeemapetilon
Simpsons character classifier at home\simpsons_dataset\apu_nahasapeemapetilon\pic_0066.jpg	apu_nahasapeemapetilon
Simpsons character classifier at home\simpsons_dataset\apu_nahasapeemapetilon\pic_0067.jpg	apu_nahasapeemapetilon
Simpsons character classifier at home\simpsons_dataset\apu_nahasapeemapetilon\pic_0068.jpg	apu_nahasapeemapetilon
Simpsons character classifier at home\simpsons_dataset\apu_nahasapeemapetilon\pic_0069.jpg	apu_nahasapeemapetilon
Simpsons character classifier at home\simpsons_dataset\apu_nahasapeemapetilon\pic_0070.jpg	apu_nahasapeemapetilon
Simpsons character classifier at home\simpsons_dataset\apu_nahasapeemapetilon\pic_0071.jpg	apu_nahasapeemapetilon
Simpsons character classifier at home\simpsons_dataset\apu_nahasapeemapetilon\pic_0072.jpg	apu_nahasapeemapetilon
Simpsons character classifier at home\simpsons_dataset\apu_nahasapeemapetilon\pic_0073.jpg	apu_nahasapeemapetilon
Simpsons character classifier at home\simpsons_dataset\apu_nahasapeemapetilon\pic_0074.jpg	apu_nahasapeemapetilon
Simpsons character classifier at home\simpsons_dataset\apu_nahasapeemapetilon\pic_0075.jpg	apu_nahasapeemapetilon
Simpsons character classifier at home\simpsons_dataset\apu_nahasapeemapetilon\pic_0076.jpg	apu_nahasapeemapetilon
Simpsons character classifier at home\simpsons_dataset\apu_nahasapeemapetilon\pic_0077.jpg	apu_nahasapeemapetilon
Simpsons character classifier at home\simpsons_dataset\apu_nahasapeemapetilon\pic_0078.jpg	apu_nahasapeemapetilon
Simpsons character classifier at home\simpsons_dataset\apu_nahasapeemapetilon\pic_0079.jpg	apu_nahasapeemapetilon
Simpsons character classifier at home\simpsons_dataset\apu_nahasapeemapetilon\pic_0080.jpg	apu_nahasapeemapetilon
Simpsons character classifier at home\simpsons_dataset\apu_nahasapeemapetilon\pic_0081.jpg	apu_nahasapeemapetilon
Simpsons character classifier at home\simpsons_dataset\apu_nahasapeemapetilon\pic_0082.jpg	apu_nahasapeemapetilon
Simpsons character classifier at home\simpsons_dataset\apu_nahasapeemapetilon\pic_0083.jpg	apu_nahasapeemapetilon
Simpsons character classifier at home\simpsons_dataset\apu_nahasapeemapetilon\pic_0084.jpg	apu_nahasapeemapetilon
Simpsons character classifier at home\simpsons_dataset\apu_nahasapeemapetilon\pic_0085.jpg	apu_nahasapeemapetilon
Simpsons character classifier at home\simpsons_dataset\apu_nahasapeemapetilon\pic_0086.jpg	apu_nahasapeemapetilon
Simpsons character classifier at home\simpsons_dataset\apu_nahasapeemapetilon\pic_0087.jpg	apu_nahasapeemapetilon
Simpsons character classifier at home\simpsons_dataset\apu_nahasapeemapetilon\pic_0088.jpg	apu_nahasapeemapetilon
Simpsons character classifier at home\simpsons_dataset\apu_nahasapeemapetilon\pic_0089.jpg	apu_nahasapeemapetilon
Simpsons character classifier at home\simpsons_dataset\apu_nahasapeemapetilon\pic_0090.jpg	apu_nahasapeemapetilon
Simpsons character classifier at home\simpsons_dataset\apu_nahasapeemapetilon\pic_0091.jpg	apu_nahasapeemapetilon
Simpsons character classifier at home\simpsons_dataset\apu_nahasapeemapetilon\pic_0092.jpg	apu_nahasapeemapetilon
Simpsons character classifier at home\simpsons_dataset\apu_nahasapeemapetilon\pic_0093.jpg	apu_nahasapeemapetilon
Simpsons character classifier at home\simpsons_dataset\apu_nahasapeemapetilon\pic_0094.jpg	apu_nahasapeemapetilon
Simpsons character classifier at home\simpsons_dataset\apu_nahasapeemapetilon\pic_0095.jpg	apu_nahasapeemapetilon
Simpsons character classifier at home\simpsons_dataset\apu_nahasapeemapetilon\pic_0096.jpg	apu_nahasapeemapetilon
Simpsons character classifier at home\simpsons_dataset\apu_nahasapeemapetilon\pic_0097.jpg	apu_nahasapeemapetilon
Simpsons character classifier at home\simpsons_dataset\apu_nahasapeemapetilon\pic_0098.jpg	apu_nahasapeemapetilon
Simpsons character classifier at home\simpsons_dataset\apu_nahasapeemapetilon\pic_0099.jpg	apu_nahasapeemapetilon
Simpsons character classifier at home\simpsons_dataset\apu_nahasapeemapetilon\pic_0100.jpg	apu_nahasapeemapetilon
Simpsons character classifier at home\simpsons_dataset\apu_nahasapeemapetilon\pic_0101.jpg	apu_nahasapeemapetilon
Simpsons character classifier at home\simpsons_dataset\apu_nahasapeemapetilon\pic_0102.jpg	apu_nahasapeemapetilon
Simpsons character classifier at home\simpsons_dataset\apu_nahasapeemapetilon\pic_0103.jpg	apu_nahasapeemapetilon
Simpsons character classifier at home\simpsons_dataset\apu_nahasapeemapetilon\pic_0104.jpg	apu_nahasapeemapetilon
Simpsons character classifier at home\simpsons_dataset\apu_nahasapeemapetilon\pic_0105.jpg	apu_nahasapeemapetilon
Simpsons character classifier at home\simpsons_dataset\apu_nahasapeemapetilon\pic_0106.jpg	apu_nahasapeemapetilon
Simpsons character classifier at home\simpsons_dataset\apu_nahasapeemapetilon\pic_0107.jpg	apu_nahasapeemapetilon
Simpsons character classifier at home\simpsons_dataset\apu_nahasapeemapetilon\pic_0108.jpg	apu_nahasapeemapetilon
Simpsons character classifier at home\simpsons_dataset\apu_nahasapeemapetilon\pic_0109.jpg	apu_nahasapeemapetilon
Simpsons character classifier at home\simpsons_dataset\apu_nahasapeemapetilon\pic_0110.jpg	apu_nahasapeemapetilon
Simpsons character classifier at home\simpsons_dataset\apu_nahasapeemapetilon\pic_0111.jpg	apu_nahasapeemapetilon
Simpsons character classifier at home\simpsons_dataset\apu_nahasapeemapetilon\pic_0112.jpg	apu_nahasapeemapetilon
Simpsons character classifier at home\simpsons_dataset\apu_nahasapeemapetilon\pic_0113.jpg	apu_nahasapeemapetilon
Simpsons character classifier at home\simpsons_dataset\apu_nahasapeemapetilon\pic_0114.jpg	apu_nahasapeemapetilon
Simpsons character classifier at home\simpsons_dataset\apu_nahasapeemapetilon\pic_0115.jpg	apu_nahasapeemapetilon
Simpsons character classifier at home\simpsons_dataset\apu_nahasapeemapetilon\pic_0116.jpg	apu_nahasapeemapetilon
Simpsons character classifier at home\simpsons_dataset\apu_nahasapeemapetilon\pic_0117.jpg	apu_nahasapeemapetilon
Simpsons character classifier at home\simpsons_dataset\apu_nahasapeemapetilon\pic_0118.jpg	apu_nahasapeemapetilon
Simpsons character classifier at home\simpsons_dataset\apu_nahasapeemapetilon\pic_0119.jpg	apu_nahasapeemapetilon
Simpsons character classifier at home\simpsons_dataset\apu_nahasapeemapetilon\pic_0120.jpg	apu_nahasapeemapetilon
Simpsons character classifier at home\simpsons_dataset\apu_nahasapeemapetilon\pic_0121.jpg	apu_nahasapeemapetilon
Simpsons character classifier at home\simpsons_dataset\apu_nahasapeemapetilon\pic_0122.jpg	apu_nahasapeemapetilon
Simpsons character classifier at home\simpsons_dataset\apu_nahasapeemapetilon\pic_0123.jpg	apu_nahasapeemapetilon
Simpsons character classifier at home\simpsons_dataset\apu_nahasapeemapetilon\pic_0124.jpg	apu_nahasapeemapetilon
Simpsons character classifier at home\simpsons_dataset\apu_nahasapeemapetilon\pic_0125.jpg	apu_nahasapeemapetilon
Simpsons character classifier at home\simpsons_dataset\apu_nahasapeemapetilon\pic_0126.jpg	apu_nahasapeemapetilon
Simpsons character classifier at home\simpsons_dataset\apu_nahasapeemapetilon\pic_0127.jpg	apu_nahasapeemapetilon
Simpsons character classifier at home\simpsons_dataset\apu_nahasapeemapetilon\pic_0128.jpg	apu_nahasapeemapetilon
Simpsons character classifier at home\simpsons_dataset\apu_nahasapeemapetilon\pic_0129.jpg	apu_nahasapeemapetilon
Simpsons character classifier at home\simpsons_dataset\apu_nahasapeemapetilon\pic_0130.jpg	apu_nahasapeemapetilon
Simpsons character classifier at home\simpsons_dataset\apu_nahasapeemapetilon\pic_0131.jpg	apu_nahasapeemapetilon
Simpsons character classifier at home\simpsons_dataset\apu_nahasapeemapetilon\pic_0132.jpg	apu_nahasapeemapetilon
Simpsons character classifier at home\simpsons_dataset\apu_nahasapeemapetilon\pic_0133.jpg	apu_nahasapeemapetilon
Simpsons character classifier at home\simpsons_dataset\apu_nahasapeemapetilon\pic_0134.jpg	apu_nahasapeemapetilon
Simpsons character classifier at home\simpsons_dataset\apu_nahasapeemapetilon\pic_0135.jpg	apu_nahasapeemapetilon
Simpsons character classifier at home\simpsons_dataset\apu_nahasapeemapetilon\pic_0136.jpg	apu_nahasapeemapetilon
Simpsons character classifier at home\simpsons_dataset\apu_nahasapeemapetilon\pic_0137.jpg	apu_nahasapeemapetilon
Simpsons character classifier at home\simpsons_dataset\apu_nahasapeemapetilon\pic_0138.jpg	apu_nahasapeemapetilon
Simpsons character classifier at home\simpsons_dataset\apu_nahasapeemapetilon\pic_0139.jpg	apu_nahasapeemapetilon
Simpsons character classifier at home\simpsons_dataset\apu_nahasapeemapetilon\pic_0140.jpg	apu_nahasapeemapetilon
Simpsons character classifier at home\simpsons_dataset\apu_nahasapeemapetilon\pic_0141.jpg	apu_nahasapeemapetilon
Simpsons character classifier at home\simpsons_dataset\apu_nahasapeemapetilon\pic_0142.jpg	apu_nahasapeemapetilon
Simpsons character classifier at home\simpsons_dataset\apu_nahasapeemapetilon\pic_0143.jpg	apu_nahasapeemapetilon
Simpsons character classifier at home\simpsons_dataset\apu_nahasapeemapetilon\pic_0144.jpg	apu_nahasapeemapetilon
Simpsons character classifier at home\simpsons_dataset\apu_nahasapeemapetilon\pic_0145.jpg	apu_nahasapeemapetilon
Simpsons character classifier at home\simpsons_dataset\apu_nahasapeemapetilon\pic_0146.jpg	apu_nahasapeemapetilon
Simpsons character classifier at home\simpsons_dataset\apu_nahasapeemapetilon\pic_0147.jpg	apu_nahasapeemapetilon
Simpsons character classifier at home\simpsons_dataset\apu_nahasapeemapetilon\pic_0148.jpg	apu_nahasapeemapetilon
Simpsons character classifier at home\simpsons_dataset\apu_nahasapeemapetilon\pic_0149.jpg	apu_nahasapeemapetilon
Simpsons character classifier at home\simpsons_dataset\apu_nahasapeemapetilon\pic_0150.jpg	apu_nahasapeemapetilon
Simpsons character classifier at home\simpsons_dataset\apu_nahasapeemapetilon\pic_0151.jpg	apu_nahasapeemapetilon
Simpsons character classifier at home\simpsons_dataset\apu_nahasapeemapetilon\pic_0152.jpg	apu_nahasapeemapetilon
Simpsons character classifier at home\simpsons_dataset\apu_nahasapeemapetilon\pic_0153.jpg	apu_nahasapeemapetilon
Simpsons character classifier at home\simpsons_dataset\apu_nahasapeemapetilon\pic_0154.jpg	apu_nahasapeemapetilon
Simpsons character classifier at home\simpsons_dataset\apu_nahasapeemapetilon\pic_0155.jpg	apu_nahasapeemapetilon
Simpsons character classifier at home\simpsons_dataset\apu_nahasapeemapetilon\pic_0156.jpg	apu_nahasapeemapetilon
Simpsons character classifier at home\simpsons_dataset\apu_nahasapeemapetilon\pic_0157.jpg	apu_nahasapeemapetilon
Simpsons character classifier at home\simpsons_dataset\apu_nahasapeemapetilon\pic_0158.jpg	apu_nahasapeemapetilon
Simpsons character classifier at home\simpsons_dataset\apu_nahasapeemapetilon\pic_0159.jpg	apu_nahasapeemapetilon
Simpsons character classifier at home\simpsons_dataset\apu_nahasapeemapetilon\pic_0160.jpg	apu_nahasapeemapetilon
Simpsons character classifier at home\simpsons_dataset\apu_nahasapeemapetilon\pic_0161.jpg	apu_nahasapeemapetilon
Simpsons character classifier at home\simpsons_dataset\apu_nahasapeemapetilon\pic_0162.jpg	apu_nahasapeemapetilon
Simpsons character classifier at home\simpsons_dataset\apu_nahasapeemapetilon\pic_0163.jpg	apu_nahasapeemapetilon
Simpsons character classifier at home\simpsons_dataset\apu_nahasapeemapetilon\pic_0164.jpg	apu_nahasapeemapetilon
Simpsons character classifier at home\simpsons_dataset\apu_nahasapeemapetilon\pic_0165.jpg	apu_nahasapeemapetilon
Simpsons character classifier at home\simpsons_dataset\apu_nahasapeemapetilon\pic_0166.jpg	apu_nahasapeemapetilon
Simpsons character classifier at home\simpsons_dataset\apu_nahasapeemapetilon\pic_0167.jpg	apu_nahasapeemapetilon
Simpsons character classifier at home\simpsons_dataset\apu_nahasapeemapetilon\pic_0168.jpg	apu_nahasapeemapetilon
Simpsons character classifier at home\simpsons_dataset\apu_nahasapeemapetilon\pic_0169.jpg	apu_nahasapeemapetilon
Simpsons character classifier at home\simpsons_dataset\apu_nahasapeemapetilon\pic_0170.jpg	apu_nahasapeemapetilon
Simpsons character classifier at home\simpsons_dataset\apu_nahasapeemapetilon\pic_0171.jpg	apu_nahasapeemapetilon
Simpsons character classifier at home\simpsons_dataset\apu_nahasapeemapetilon\pic_0172.jpg	apu_nahasapeemapetilon
Simpsons character classifier at home\simpsons_dataset\apu_nahasapeemapetilon\pic_0173.jpg	apu_nahasapeemapetilon
Simpsons character classifier at home\simpsons_dataset\apu_nahasapeemapetilon\pic_0174.jpg	apu_nahasapeemapetilon
Simpsons character classifier at home\simpsons_dataset\apu_nahasapeemapetilon\pic_0175.jpg	apu_nahasapeemapetilon
Simpsons character classifier at home\simpsons_dataset\apu_nahasapeemapetilon\pic_0176.jpg	apu_nahasapeemapetilon
Simpsons character classifier at home\simpsons_dataset\apu_nahasapeemapetilon\pic_0177.jpg	apu_nahasapeemapetilon
Simpsons character classifier at home\simpsons_dataset\apu_nahasapeemapetilon\pic_0178.jpg	apu_nahasapeemapetilon
Simpsons character classifier at home\simpsons_dataset\apu_nahasapeemapetilon\pic_0179.jpg	apu_nahasapeemapetilon
Simpsons character classifier at home\simpsons_dataset\apu_nahasapeemapetilon\pic_0180.jpg	apu_nahasapeemapetilon
Simpsons character classifier at home\simpsons_dataset\apu_nahasapeemapetilon\pic_0181.jpg	apu_nahasapeemapetilon
Simpsons character classifier at home\simpsons_dataset\apu_nahasapeemapetilon\pic_0182.jpg	apu_nahasapeemapetilon
Simpsons character classifier at home\simpsons_dataset\apu_nahasapeemapetilon\pic_0183.jpg	apu_nahasapeemapetilon
Simpsons character classifier at home\simpsons_dataset\apu_nahasapeemapetilon\pic_0184.jpg	apu_nahasapeemapetilon
Simpsons character classifier at home\simpsons_dataset\apu_nahasapeemapetilon\pic_0185.jpg	apu_nahasapeemapetilon
Simpsons character classifier at home\simpsons_dataset\apu_nahasapeemapetilon\pic_0186.jpg	apu_nahasapeemapetilon
Simpsons character classifier at home\simpsons_dataset\apu_nahasapeemapetilon\pic_0187.jpg	apu_nahasapeemapetilon
Simpsons character classifier at home\simpsons_dataset\apu_nahasapeemapetilon\pic_0188.jpg	apu_nahasapeemapetilon
Simpsons character classifier at home\simpsons_dataset\apu_nahasapeemapetilon\pic_0189.jpg	apu_nahasapeemapetilon
Simpsons character classifier at home\simpsons_dataset\apu_nahasapeemapetilon\pic_0190.jpg	apu_nahasapeemapetilon
Simpsons character classifier at home\simpsons_dataset\apu_nahasapeemapetilon\pic_0191.jpg	apu_nahasapeemapetilon
Simpsons character classifier at home\simpsons_dataset\apu_nahasapeemapetilon\pic_0192.jpg	apu_nahasapeemapetilon
Simpsons character classifier at home\simpsons_dataset\apu_nahasapeemapetilon\pic_0193.jpg	apu_nahasapeemapetilon
Simpsons character classifier at home\simpsons_dataset\apu_nahasapeemapetilon\pic_0194.jpg	apu_nahasapeemapetilon
Simpsons character classifier at home\simpsons_dataset\apu_nahasapeemapetilon\pic_0195.jpg	apu_nahasapeemapetilon
Simpsons character classifier at home\simpsons_dataset\apu_nahasapeemapetilon\pic_0196.jpg	apu_nahasapeemapetilon
Simpsons character classifier at home\simpsons_dataset\apu_nahasapeemapetilon\pic_0197.jpg	apu_nahasapeemapetilon
Simpsons character classifier at home\simpsons_dataset\apu_nahasapeemapetilon\pic_0198.jpg	apu_nahasapeemapetilon
Simpsons character classifier at home\simpsons_dataset\apu_nahasapeemapetilon\pic_0199.jpg	apu_nahasapeemapetilon
Simpsons character classifier at home\simpsons_dataset\apu_nahasapeemapetilon\pic_0200.jpg	apu_nahasapeemapetilon
Simpsons character classifier at home\simpsons_dataset\apu_nahasapeemapetilon\pic_0201.jpg	apu_nahasapeemapetilon
Simpsons character classifier at home\simpsons_dataset\apu_nahasapeemapetilon\pic_0202.jpg	apu_nahasapeemapetilon
Simpsons character classifier at home\simpsons_dataset\apu_nahasapeemapetilon\pic_0203.jpg	apu_nahasapeemapetilon
Simpsons character classifier at home\simpsons_dataset\apu_nahasapeemapetilon\pic_0204.jpg	apu_nahasapeemapetilon
Simpsons character classifier at home\simpsons_dataset\apu_nahasapeemapetilon\pic_0205.jpg	apu_nahasapeemapetilon
Simpsons character classifier at home\simpsons_dataset\apu_nahasapeemapetilon\pic_0206.jpg	apu_nahasapeemapetilon
Simpsons character classifier at home\simpsons_dataset\apu_nahasapeemapetilon\pic_0207.jpg	apu_nahasapeemapetilon
Simpsons character classifier at home\simpsons_dataset\apu_nahasapeemapetilon\pic_0208.jpg	apu_nahasapeemapetilon
Simpsons character classifier at home\simpsons_dataset\apu_nahasapeemapetilon\pic_0209.jpg	apu_nahasapeemapetilon
Simpsons character classifier at home\simpsons_dataset\apu_nahasapeemapetilon\pic_0210.jpg	apu_nahasapeemapetilon
Simpsons character classifier at home\simpsons_dataset\apu_nahasapeemapetilon\pic_0211.jpg	apu_nahasapeemapetilon
Simpsons character classifier at home\simpsons_dataset\apu_nahasapeemapetilon\pic_0212.jpg	apu_nahasapeemapetilon
Simpsons character classifier at home\simpsons_dataset\apu_nahasapeemapetilon\pic_0213.jpg	apu_nahasapeemapetilon
Simpsons character classifier at home\simpsons_dataset\apu_nahasapeemapetilon\pic_0214.jpg	apu_nahasapeemapetilon
Simpsons character classifier at home\simpsons_dataset\apu_nahasapeemapetilon\pic_0215.jpg	apu_nahasapeemapetilon
Simpsons character classifier at home\simpsons_dataset\apu_nahasapeemapetilon\pic_0216.jpg	apu_nahasapeemapetilon
Simpsons character classifier at home\simpsons_dataset\apu_nahasapeemapetilon\pic_0217.jpg	apu_nahasapeemapetilon
Simpsons character classifier at home\simpsons_dataset\apu_nahasapeemapetilon\pic_0218.jpg	apu_nahasapeemapetilon
Simpsons character classifier at home\simpsons_dataset\apu_nahasapeemapetilon\pic_0219.jpg	apu_nahasapeemapetilon
Simpsons character classifier at home\simpsons_dataset\apu_nahasapeemapetilon\pic_0220.jpg	apu_nahasapeemapetilon
Simpsons character classifier at home\simpsons_dataset\apu_nahasapeemapetilon\pic_0221.jpg	apu_nahasapeemapetilon
Simpsons character classifier at home\simpsons_dataset\apu_nahasapeemapetilon\pic_0222.jpg	apu_nahasapeemapetilon
Simpsons character classifier at home\simpsons_dataset\apu_nahasapeemapetilon\pic_0223.jpg	apu_nahasapeemapetilon
Simpsons character classifier at home\simpsons_dataset\apu_nahasapeemapetilon\pic_0224.jpg	apu_nahasapeemapetilon
Simpsons character classifier at home\simpsons_dataset\apu_nahasapeemapetilon\pic_0225.jpg	apu_nahasapeemapetilon
Simpsons character classifier at home\simpsons_dataset\apu_nahasapeemapetilon\pic_0226.jpg	apu_nahasapeemapetilon
Simpsons character classifier at home\simpsons_dataset\apu_nahasapeemapetilon\pic_0227.jpg	apu_nahasapeemapetilon
Simpsons character classifier at home\simpsons_dataset\apu_nahasapeemapetilon\pic_0228.jpg	apu_nahasapeemapetilon
Simpsons character classifier at home\simpsons_dataset\apu_nahasapeemapetilon\pic_0229.jpg	apu_nahasapeemapetilon
Simpsons character classifier at home\simpsons_dataset\apu_nahasapeemapetilon\pic_0230.jpg	apu_nahasapeemapetilon
Simpsons character classifier at home\simpsons_dataset\apu_nahasapeemapetilon\pic_0231.jpg	apu_nahasapeemapetilon
Simpsons character classifier at home\simpsons_dataset\apu_nahasapeemapetilon\pic_0232.jpg	apu_nahasapeemapetilon
Simpsons character classifier at home\simpsons_dataset\apu_nahasapeemapetilon\pic_0233.jpg	apu_nahasapeemapetilon
Simpsons character classifier at home\simpsons_dataset\apu_nahasapeemapetilon\pic_0234.jpg	apu_nahasapeemapetilon
Simpsons character classifier at home\simpsons_dataset\apu_nahasapeemapetilon\pic_0235.jpg	apu_nahasapeemapetilon
Simpsons character classifier at home\simpsons_dataset\apu_nahasapeemapetilon\pic_0236.jpg	apu_nahasapeemapetilon
Simpsons character classifier at home\simpsons_dataset\apu_nahasapeemapetilon\pic_0237.jpg	apu_nahasapeemapetilon
Simpsons character classifier at home\simpsons_dataset\apu_nahasapeemapetilon\pic_0238.jpg	apu_nahasapeemapetilon
Simpsons character classifier at home\simpsons_dataset\apu_nahasapeemapetilon\pic_0239.jpg	apu_nahasapeemapetilon
Simpsons character classifier at home\simpsons_dataset\apu_nahasapeemapetilon\pic_0240.jpg	apu_nahasapeemapetilon
Simpsons character classifier at home\simpsons_dataset\apu_nahasapeemapetilon\pic_0241.jpg	apu_nahasapeemapetilon
Simpsons character classifier at home\simpsons_dataset\apu_nahasapeemapetilon\pic_0242.jpg	apu_nahasapeemapetilon
Simpsons character classifier at home\simpsons_dataset\apu_nahasapeemapetilon\pic_0243.jpg	apu_nahasapeemapetilon
Simpsons character classifier at home\simpsons_dataset\apu_nahasapeemapetilon\pic_0244.jpg	apu_nahasapeemapetilon
Simpsons character classifier at home\simpsons_dataset\apu_nahasapeemapetilon\pic_0245.jpg	apu_nahasapeemapetilon
Simpsons character classifier at home\simpsons_dataset\apu_nahasapeemapetilon\pic_0246.jpg	apu_nahasapeemapetilon
Simpsons character classifier at home\simpsons_dataset\apu_nahasapeemapetilon\pic_0247.jpg	apu_nahasapeemapetilon
Simpsons character classifier at home\simpsons_dataset\apu_nahasapeemapetilon\pic_0248.jpg	apu_nahasapeemapetilon
Simpsons character classifier at home\simpsons_dataset\apu_nahasapeemapetilon\pic_0249.jpg	apu_nahasapeemapetilon
Simpsons character classifier at home\simpsons_dataset\apu_nahasapeemapetilon\pic_0250.jpg	apu_nahasapeemapetilon
Simpsons character classifier at home\simpsons_dataset\apu_nahasapeemapetilon\pic_0251.jpg	apu_nahasapeemapetilon
Simpsons character classifier at home\simpsons_dataset\apu_nahasapeemapetilon\pic_0252.jpg	apu_nahasapeemapetilon
Simpsons character classifier at home\simpsons_dataset\apu_nahasapeemapetilon\pic_0253.jpg	apu_nahasapeemapetilon
Simpsons character classifier at home\simpsons_dataset\apu_nahasapeemapetilon\pic_0254.jpg	apu_nahasapeemapetilon
Simpsons character classifier at home\simpsons_dataset\apu_nahasapeemapetilon\pic_0255.jpg	apu_nahasapeemapetilon
Simpsons character classifier at home\simpsons_dataset\apu_nahasapeemapetilon\pic_0256.jpg	apu_nahasapeemapetilon
Simpsons character classifier at home\simpsons_dataset\apu_nahasapeemapetilon\pic_0257.jpg	apu_nahasapeemapetilon
Simpsons character classifier at home\simpsons_dataset\apu_nahasapeemapetilon\pic_0258.jpg	apu_nahasapeemapetilon
Simpsons character classifier at home\simpsons_dataset\apu_nahasapeemapetilon\pic_0259.jpg	apu_nahasapeemapetilon
Simpsons character classifier at home\simpsons_dataset\apu_nahasapeemapetilon\pic_0260.jpg	apu_nahasapeemapetilon
Simpsons character classifier at home\simpsons_dataset\apu_nahasapeemapetilon\pic_0261.jpg	apu_nahasapeemapetilon
Simpsons character classifier at home\simpsons_dataset\apu_nahasapeemapetilon\pic_0262.jpg	apu_nahasapeemapetilon
Simpsons character classifier at home\simpsons_dataset\apu_nahasapeemapetilon\pic_0263.jpg	apu_nahasapeemapetilon
Simpsons character classifier at home\simpsons_dataset\apu_nahasapeemapetilon\pic_0264.jpg	apu_nahasapeemapetilon
Simpsons character classifier at home\simpsons_dataset\apu_nahasapeemapetilon\pic_0265.jpg	apu_nahasapeemapetilon
Simpsons character classifier at home\simpsons_dataset\apu_nahasapeemapetilon\pic_0266.jpg	apu_nahasapeemapetilon
Simpsons character classifier at home\simpsons_dataset\apu_nahasapeemapetilon\pic_0267.jpg	apu_nahasapeemapetilon
Simpsons character classifier at home\simpsons_dataset\apu_nahasapeemapetilon\pic_0268.jpg	apu_nahasapeemapetilon
Simpsons character classifier at home\simpsons_dataset\apu_nahasapeemapetilon\pic_0269.jpg	apu_nahasapeemapetilon
Simpsons character classifier at home\simpsons_dataset\apu_nahasapeemapetilon\pic_0270.jpg	apu_nahasapeemapetilon
Simpsons character classifier at home\simpsons_dataset\apu_nahasapeemapetilon\pic_0271.jpg	apu_nahasapeemapetilon
Simpsons character classifier at home\simpsons_dataset\apu_nahasapeemapetilon\pic_0272.jpg	apu_nahasapeemapetilon
Simpsons character classifier at home\simpsons_dataset\apu_nahasapeemapetilon\pic_0273.jpg	apu_nahasapeemapetilon
Simpsons character classifier at home\simpsons_dataset\apu_nahasapeemapetilon\pic_0274.jpg	apu_nahasapeemapetilon
Simpsons character classifier at home\simpsons_dataset\apu_nahasapeemapetilon\pic_0275.jpg	apu_nahasapeemapetilon
Simpsons character classifier at home\simpsons_dataset\apu_nahasapeemapetilon\pic_0276.jpg	apu_nahasapeemapetilon
Simpsons character classifier at home\simpsons_dataset\apu_nahasapeemapetilon\pic_0277.jpg	apu_nahasapeemapetilon
Simpsons character classifier at home\simpsons_dataset\apu_nahasapeemapetilon\pic_0278.jpg	apu_nahasapeemapetilon
Simpsons character classifier at home\simpsons_dataset\apu_nahasapeemapetilon\pic_0279.jpg	apu_nahasapeemapetilon
Simpsons character classifier at home\simpsons_dataset\apu_nahasapeemapetilon\pic_0280.jpg	apu_nahasapeemapetilon
Simpsons character classifier at home\simpsons_dataset\apu_nahasapeemapetilon\pic_0281.jpg	apu_nahasapeemapetilon
Simpsons character classifier at home\simpsons_dataset\apu_nahasapeemapetilon\pic_0282.jpg	apu_nahasapeemapetilon
Simpsons character classifier at home\simpsons_dataset\apu_nahasapeemapetilon\pic_0283.jpg	apu_nahasapeemapetilon
Simpsons character classifier at home\simpsons_dataset\apu_nahasapeemapetilon\pic_0284.jpg	apu_nahasapeemapetilon
Simpsons character classifier at home\simpsons_dataset\apu_nahasapeemapetilon\pic_0285.jpg	apu_nahasapeemapetilon
Simpsons character classifier at home\simpsons_dataset\apu_nahasapeemapetilon\pic_0286.jpg	apu_nahasapeemapetilon
Simpsons character classifier at home\simpsons_dataset\apu_nahasapeemapetilon\pic_0287.jpg	apu_nahasapeemapetilon
Simpsons character classifier at home\simpsons_dataset\apu_nahasapeemapetilon\pic_0288.jpg	apu_nahasapeemapetilon
Simpsons character classifier at home\simpsons_dataset\apu_nahasapeemapetilon\pic_0289.jpg	apu_nahasapeemapetilon
Simpsons character classifier at home\simpsons_dataset\apu_nahasapeemapetilon\pic_0290.jpg	apu_nahasapeemapetilon
Simpsons character classifier at home\simpsons_dataset\apu_nahasapeemapetilon\pic_0291.jpg	apu_nahasapeemapetilon
Simpsons character classifier at home\simpsons_dataset\apu_nahasapeemapetilon\pic_0292.jpg	apu_nahasapeemapetilon
Simpsons character classifier at home\simpsons_dataset\apu_nahasapeemapetilon\pic_0293.jpg	apu_nahasapeemapetilon
Simpsons character classifier at home\simpsons_dataset\apu_nahasapeemapetilon\pic_0294.jpg	apu_nahasapeemapetilon
Simpsons character classifier at home\simpsons_dataset\apu_nahasapeemapetilon\pic_0295.jpg	apu_nahasapeemapetilon
Simpsons character classifier at home\simpsons_dataset\apu_nahasapeemapetilon\pic_0296.jpg	apu_nahasapeemapetilon
Simpsons character classifier at home\simpsons_dataset\apu_nahasapeemapetilon\pic_0297.jpg	apu_nahasapeemapetilon
Simpsons character classifier at home\simpsons_dataset\apu_nahasapeemapetilon\pic_0298.jpg	apu_nahasapeemapetilon
Simpsons character classifier at home\simpsons_dataset\apu_nahasapeemapetilon\pic_0299.jpg	apu_nahasapeemapetilon
Simpsons character classifier at home\simpsons_dataset\apu_nahasapeemapetilon\pic_0300.jpg	apu_nahasapeemapetilon
Simpsons character classifier at home\simpsons_dataset\apu_nahasapeemapetilon\pic_0301.jpg	apu_nahasapeemapetilon
Simpsons character classifier at home\simpsons_dataset\apu_nahasapeemapetilon\pic_0302.jpg	apu_nahasapeemapetilon
Simpsons character classifier at home\simpsons_dataset\apu_nahasapeemapetilon\pic_0303.jpg	apu_nahasapeemapetilon
Simpsons character classifier at home\simpsons_dataset\apu_nahasapeemapetilon\pic_0304.jpg	apu_nahasapeemapetilon
Simpsons character classifier at home\simpsons_dataset\apu_nahasapeemapetilon\pic_0305.jpg	apu_nahasapeemapetilon
Simpsons character classifier at home\simpsons_dataset\apu_nahasapeemapetilon\pic_0306.jpg	apu_nahasapeemapetilon
Simpsons character classifier at home\simpsons_dataset\apu_nahasapeemapetilon\pic_0307.jpg	apu_nahasapeemapetilon
Simpsons character classifier at home\simpsons_dataset\apu_nahasapeemapetilon\pic_0308.jpg	apu_nahasapeemapetilon
Simpsons character classifier at home\simpsons_dataset\apu_nahasapeemapetilon\pic_0309.jpg	apu_nahasapeemapetilon
Simpsons character classifier at home\simpsons_dataset\apu_nahasapeemapetilon\pic_0310.jpg	apu_nahasapeemapetilon
Simpsons character classifier at home\simpsons_dataset\apu_nahasapeemapetilon\pic_0311.jpg	apu_nahasapeemapetilon
Simpsons character classifier at home\simpsons_dataset\apu_nahasapeemapetilon\pic_0312.jpg	apu_nahasapeemapetilon
Simpsons character classifier at home\simpsons_dataset\apu_nahasapeemapetilon\pic_0313.jpg	apu_nahasapeemapetilon
Simpsons character classifier at home\simpsons_dataset\apu_nahasapeemapetilon\pic_0314.jpg	apu_nahasapeemapetilon
Simpsons character classifier at home\simpsons_dataset\apu_nahasapeemapetilon\pic_0315.jpg	apu_nahasapeemapetilon
Simpsons character classifier at home\simpsons_dataset\apu_nahasapeemapetilon\pic_0316.jpg	apu_nahasapeemapetilon
Simpsons character classifier at home\simpsons_dataset\apu_nahasapeemapetilon\pic_0317.jpg	apu_nahasapeemapetilon
Simpsons character classifier at home\simpsons_dataset\apu_nahasapeemapetilon\pic_0318.jpg	apu_nahasapeemapetilon
Simpsons character classifier at home\simpsons_dataset\apu_nahasapeemapetilon\pic_0319.jpg	apu_nahasapeemapetilon
Simpsons character classifier at home\simpsons_dataset\apu_nahasapeemapetilon\pic_0320.jpg	apu_nahasapeemapetilon
Simpsons character classifier at home\simpsons_dataset\apu_nahasapeemapetilon\pic_0321.jpg	apu_nahasapeemapetilon
Simpsons character classifier at home\simpsons_dataset\apu_nahasapeemapetilon\pic_0322.jpg	apu_nahasapeemapetilon
Simpsons character classifier at home\simpsons_dataset\apu_nahasapeemapetilon\pic_0323.jpg	apu_nahasapeemapetilon
Simpsons character classifier at home\simpsons_dataset\apu_nahasapeemapetilon\pic_0324.jpg	apu_nahasapeemapetilon
Simpsons character classifier at home\simpsons_dataset\apu_nahasapeemapetilon\pic_0325.jpg	apu_nahasapeemapetilon
Simpsons character classifier at home\simpsons_dataset\apu_nahasapeemapetilon\pic_0326.jpg	apu_nahasapeemapetilon
Simpsons character classifier at home\simpsons_dataset\apu_nahasapeemapetilon\pic_0327.jpg	apu_nahasapeemapetilon
Simpsons character classifier at home\simpsons_dataset\apu_nahasapeemapetilon\pic_0328.jpg	apu_nahasapeemapetilon
Simpsons character classifier at home\simpsons_dataset\apu_nahasapeemapetilon\pic_0329.jpg	apu_nahasapeemapetilon
Simpsons character classifier at home\simpsons_dataset\apu_nahasapeemapetilon\pic_0330.jpg	apu_nahasapeemapetilon
Simpsons character classifier at home\simpsons_dataset\apu_nahasapeemapetilon\pic_0331.jpg	apu_nahasapeemapetilon
Simpsons character classifier at home\simpsons_dataset\apu_nahasapeemapetilon\pic_0332.jpg	apu_nahasapeemapetilon
Simpsons character classifier at home\simpsons_dataset\apu_nahasapeemapetilon\pic_0333.jpg	apu_nahasapeemapetilon
Simpsons character classifier at home\simpsons_dataset\apu_nahasapeemapetilon\pic_0334.jpg	apu_nahasapeemapetilon
Simpsons character classifier at home\simpsons_dataset\apu_nahasapeemapetilon\pic_0335.jpg	apu_nahasapeemapetilon
Simpsons character classifier at home\simpsons_dataset\apu_nahasapeemapetilon\pic_0336.jpg	apu_nahasapeemapetilon
Simpsons character classifier at home\simpsons_dataset\apu_nahasapeemapetilon\pic_0337.jpg	apu_nahasapeemapetilon
Simpsons character classifier at home\simpsons_dataset\apu_nahasapeemapetilon\pic_0338.jpg	apu_nahasapeemapetilon
Simpsons character classifier at home\simpsons_dataset\apu_nahasapeemapetilon\pic_0339.jpg	apu_nahasapeemapetilon
Simpsons character classifier at home\simpsons_dataset\apu_nahasapeemapetilon\pic_0340.jpg	apu_nahasapeemapetilon
Simpsons character classifier at home\simpsons_dataset\apu_nahasapeemapetilon\pic_0341.jpg	apu_nahasapeemapetilon
Simpsons character classifier at home\simpsons_dataset\apu_nahasapeemapetilon\pic_0342.jpg	apu_nahasapeemapetilon
Simpsons character classifier at home\simpsons_dataset\apu_nahasapeemapetilon\pic_0343.jpg	apu_nahasapeemapetilon
Simpsons character classifier at home\simpsons_dataset\apu_nahasapeemapetilon\pic_0344.jpg	apu_nahasapeemapetilon
Simpsons character classifier at home\simpsons_dataset\apu_nahasapeemapetilon\pic_0345.jpg	apu_nahasapeemapetilon
Simpsons character classifier at home\simpsons_dataset\apu_nahasapeemapetilon\pic_0346.jpg	apu_nahasapeemapetilon
Simpsons character classifier at home\simpsons_dataset\apu_nahasapeemapetilon\pic_0347.jpg	apu_nahasapeemapetilon
Simpsons character classifier at home\simpsons_dataset\apu_nahasapeemapetilon\pic_0348.jpg	apu_nahasapeemapetilon
Simpsons character classifier at home\simpsons_dataset\apu_nahasapeemapetilon\pic_0349.jpg	apu_nahasapeemapetilon
Simpsons character classifier at home\simpsons_dataset\apu_nahasapeemapetilon\pic_0350.jpg	apu_nahasapeemapetilon
Simpsons character classifier at home\simpsons_dataset\apu_nahasapeemapetilon\pic_0351.jpg	apu_nahasapeemapetilon
Simpsons character classifier at home\simpsons_dataset\apu_nahasapeemapetilon\pic_0352.jpg	apu_nahasapeemapetilon
Simpsons character classifier at home\simpsons_dataset\apu_nahasapeemapetilon\pic_0353.jpg	apu_nahasapeemapetilon
Simpsons character classifier at home\simpsons_dataset\apu_nahasapeemapetilon\pic_0354.jpg	apu_nahasapeemapetilon
Simpsons character classifier at home\simpsons_dataset\apu_nahasapeemapetilon\pic_0355.jpg	apu_nahasapeemapetilon
Simpsons character classifier at home\simpsons_dataset\apu_nahasapeemapetilon\pic_0356.jpg	apu_nahasapeemapetilon
Simpsons character classifier at home\simpsons_dataset\apu_nahasapeemapetilon\pic_0357.jpg	apu_nahasapeemapetilon
Simpsons character classifier at home\simpsons_dataset\apu_nahasapeemapetilon\pic_0358.jpg	apu_nahasapeemapetilon
Simpsons character classifier at home\simpsons_dataset\apu_nahasapeemapetilon\pic_0359.jpg	apu_nahasapeemapetilon
Simpsons character classifier at home\simpsons_dataset\apu_nahasapeemapetilon\pic_0360.jpg	apu_nahasapeemapetilon
Simpsons character classifier at home\simpsons_dataset\apu_nahasapeemapetilon\pic_0361.jpg	apu_nahasapeemapetilon
Simpsons character classifier at home\simpsons_dataset\apu_nahasapeemapetilon\pic_0362.jpg	apu_nahasapeemapetilon
Simpsons character classifier at home\simpsons_dataset\apu_nahasapeemapetilon\pic_0363.jpg	apu_nahasapeemapetilon
Simpsons character classifier at home\simpsons_dataset\apu_nahasapeemapetilon\pic_0364.jpg	apu_nahasapeemapetilon
Simpsons character classifier at home\simpsons_dataset\apu_nahasapeemapetilon\pic_0365.jpg	apu_nahasapeemapetilon
Simpsons character classifier at home\simpsons_dataset\apu_nahasapeemapetilon\pic_0366.jpg	apu_nahasapeemapetilon
Simpsons character classifier at home\simpsons_dataset\apu_nahasapeemapetilon\pic_0367.jpg	apu_nahasapeemapetilon
Simpsons character classifier at home\simpsons_dataset\apu_nahasapeemapetilon\pic_0368.jpg	apu_nahasapeemapetilon
Simpsons character classifier at home\simpsons_dataset\apu_nahasapeemapetilon\pic_0369.jpg	apu_nahasapeemapetilon
Simpsons character classifier at home\simpsons_dataset\apu_nahasapeemapetilon\pic_0370.jpg	apu_nahasapeemapetilon
Simpsons character classifier at home\simpsons_dataset\apu_nahasapeemapetilon\pic_0371.jpg	apu_nahasapeemapetilon
Simpsons character classifier at home\simpsons_dataset\apu_nahasapeemapetilon\pic_0372.jpg	apu_nahasapeemapetilon
Simpsons character classifier at home\simpsons_dataset\apu_nahasapeemapetilon\pic_0373.jpg	apu_nahasapeemapetilon
Simpsons character classifier at home\simpsons_dataset\apu_nahasapeemapetilon\pic_0374.jpg	apu_nahasapeemapetilon
Simpsons character classifier at home\simpsons_dataset\apu_nahasapeemapetilon\pic_0375.jpg	apu_nahasapeemapetilon
Simpsons character classifier at home\simpsons_dataset\apu_nahasapeemapetilon\pic_0376.jpg	apu_nahasapeemapetilon
Simpsons character classifier at home\simpsons_dataset\apu_nahasapeemapetilon\pic_0377.jpg	apu_nahasapeemapetilon
Simpsons character classifier at home\simpsons_dataset\apu_nahasapeemapetilon\pic_0378.jpg	apu_nahasapeemapetilon
Simpsons character classifier at home\simpsons_dataset\apu_nahasapeemapetilon\pic_0379.jpg	apu_nahasapeemapetilon
Simpsons character classifier at home\simpsons_dataset\apu_nahasapeemapetilon\pic_0380.jpg	apu_nahasapeemapetilon
Simpsons character classifier at home\simpsons_dataset\apu_nahasapeemapetilon\pic_0381.jpg	apu_nahasapeemapetilon
Simpsons character classifier at home\simpsons_dataset\apu_nahasapeemapetilon\pic_0382.jpg	apu_nahasapeemapetilon
Simpsons character classifier at home\simpsons_dataset\apu_nahasapeemapetilon\pic_0383.jpg	apu_nahasapeemapetilon
Simpsons character classifier at home\simpsons_dataset\apu_nahasapeemapetilon\pic_0384.jpg	apu_nahasapeemapetilon
Simpsons character classifier at home\simpsons_dataset\apu_nahasapeemapetilon\pic_0385.jpg	apu_nahasapeemapetilon
Simpsons character classifier at home\simpsons_dataset\apu_nahasapeemapetilon\pic_0386.jpg	apu_nahasapeemapetilon
Simpsons character classifier at home\simpsons_dataset\apu_nahasapeemapetilon\pic_0387.jpg	apu_nahasapeemapetilon
Simpsons character classifier at home\simpsons_dataset\apu_nahasapeemapetilon\pic_0388.jpg	apu_nahasapeemapetilon
Simpsons character classifier at home\simpsons_dataset\apu_nahasapeemapetilon\pic_0389.jpg	apu_nahasapeemapetilon
Simpsons character classifier at home\simpsons_dataset\apu_nahasapeemapetilon\pic_0390.jpg	apu_nahasapeemapetilon
Simpsons character classifier at home\simpsons_dataset\apu_nahasapeemapetilon\pic_0391.jpg	apu_nahasapeemapetilon
Simpsons character classifier at home\simpsons_dataset\apu_nahasapeemapetilon\pic_0392.jpg	apu_nahasapeemapetilon
Simpsons character classifier at home\simpsons_dataset\apu_nahasapeemapetilon\pic_0393.jpg	apu_nahasapeemapetilon
Simpsons character classifier at home\simpsons_dataset\apu_nahasapeemapetilon\pic_0394.jpg	apu_nahasapeemapetilon
Simpsons character classifier at home\simpsons_dataset\apu_nahasapeemapetilon\pic_0395.jpg	apu_nahasapeemapetilon
Simpsons character classifier at home\simpsons_dataset\apu_nahasapeemapetilon\pic_0396.jpg	apu_nahasapeemapetilon
Simpsons character classifier at home\simpsons_dataset\apu_nahasapeemapetilon\pic_0397.jpg	apu_nahasapeemapetilon
Simpsons character classifier at home\simpsons_dataset\apu_nahasapeemapetilon\pic_0398.jpg	apu_nahasapeemapetilon
Simpsons character classifier at home\simpsons_dataset\apu_nahasapeemapetilon\pic_0399.jpg	apu_nahasapeemapetilon
Simpsons character classifier at home\simpsons_dataset\apu_nahasapeemapetilon\pic_0400.jpg	apu_nahasapeemapetilon
Simpsons character classifier at home\simpsons_dataset\apu_nahasapeemapetilon\pic_0401.jpg	apu_nahasapeemapetilon
Simpsons character classifier at home\simpsons_dataset\apu_nahasapeemapetilon\pic_0402.jpg	apu_nahasapeemapetilon
Simpsons character classifier at home\simpsons_dataset\apu_nahasapeemapetilon\pic_0403.jpg	apu_nahasapeemapetilon
Simpsons character classifier at home\simpsons_dataset\apu_nahasapeemapetilon\pic_0404.jpg	apu_nahasapeemapetilon
Simpsons character classifier at home\simpsons_dataset\apu_nahasapeemapetilon\pic_0405.jpg	apu_nahasapeemapetilon
Simpsons character classifier at home\simpsons_dataset\apu_nahasapeemapetilon\pic_0406.jpg	apu_nahasapeemapetilon
Simpsons character classifier at home\simpsons_dataset\apu_nahasapeemapetilon\pic_0407.jpg	apu_nahasapeemapetilon
Simpsons character classifier at home\simpsons_dataset\apu_nahasapeemapetilon\pic_0408.jpg	apu_nahasapeemapetilon
Simpsons character classifier at home\simpsons_dataset\apu_nahasapeemapetilon\pic_0409.jpg	apu_nahasapeemapetilon
Simpsons character classifier at home\simpsons_dataset\apu_nahasapeemapetilon\pic_0410.jpg	apu_nahasapeemapetilon
Simpsons character classifier at home\simpsons_dataset\apu_nahasapeemapetilon\pic_0411.jpg	apu_nahasapeemapetilon
Simpsons character classifier at home\simpsons_dataset\apu_nahasapeemapetilon\pic_0412.jpg	apu_nahasapeemapetilon
Simpsons character classifier at home\simpsons_dataset\apu_nahasapeemapetilon\pic_0413.jpg	apu_nahasapeemapetilon
Simpsons character classifier at home\simpsons_dataset\apu_nahasapeemapetilon\pic_0414.jpg	apu_nahasapeemapetilon
Simpsons character classifier at home\simpsons_dataset\apu_nahasapeemapetilon\pic_0415.jpg	apu_nahasapeemapetilon
Simpsons character classifier at home\simpsons_dataset\apu_nahasapeemapetilon\pic_0416.jpg	apu_nahasapeemapetilon
Simpsons character classifier at home\simpsons_dataset\apu_nahasapeemapetilon\pic_0417.jpg	apu_nahasapeemapetilon
Simpsons character classifier at home\simpsons_dataset\apu_nahasapeemapetilon\pic_0418.jpg	apu_nahasapeemapetilon
Simpsons character classifier at home\simpsons_dataset\apu_nahasapeemapetilon\pic_0419.jpg	apu_nahasapeemapetilon
Simpsons character classifier at home\simpsons_dataset\apu_nahasapeemapetilon\pic_0420.jpg	apu_nahasapeemapetilon
Simpsons character classifier at home\simpsons_dataset\apu_nahasapeemapetilon\pic_0421.jpg	apu_nahasapeemapetilon
Simpsons character classifier at home\simpsons_dataset\apu_nahasapeemapetilon\pic_0422.jpg	apu_nahasapeemapetilon
Simpsons character classifier at home\simpsons_dataset\apu_nahasapeemapetilon\pic_0423.jpg	apu_nahasapeemapetilon
Simpsons character classifier at home\simpsons_dataset\apu_nahasapeemapetilon\pic_0424.jpg	apu_nahasapeemapetilon
Simpsons character classifier at home\simpsons_dataset\apu_nahasapeemapetilon\pic_0425.jpg	apu_nahasapeemapetilon
Simpsons character classifier at home\simpsons_dataset\apu_nahasapeemapetilon\pic_0426.jpg	apu_nahasapeemapetilon
Simpsons character classifier at home\simpsons_dataset\apu_nahasapeemapetilon\pic_0427.jpg	apu_nahasapeemapetilon
Simpsons character classifier at home\simpsons_dataset\apu_nahasapeemapetilon\pic_0428.jpg	apu_nahasapeemapetilon
Simpsons character classifier at home\simpsons_dataset\apu_nahasapeemapetilon\pic_0429.jpg	apu_nahasapeemapetilon
Simpsons character classifier at home\simpsons_dataset\apu_nahasapeemapetilon\pic_0430.jpg	apu_nahasapeemapetilon
Simpsons character classifier at home\simpsons_dataset\apu_nahasapeemapetilon\pic_0431.jpg	apu_nahasapeemapetilon
Simpsons character classifier at home\simpsons_dataset\apu_nahasapeemapetilon\pic_0432.jpg	apu_nahasapeemapetilon
Simpsons character classifier at home\simpsons_dataset\apu_nahasapeemapetilon\pic_0433.jpg	apu_nahasapeemapetilon
Simpsons character classifier at home\simpsons_dataset\apu_nahasapeemapetilon\pic_0434.jpg	apu_nahasapeemapetilon
Simpsons character classifier at home\simpsons_dataset\apu_nahasapeemapetilon\pic_0435.jpg	apu_nahasapeemapetilon
Simpsons character classifier at home\simpsons_dataset\apu_nahasapeemapetilon\pic_0436.jpg	apu_nahasapeemapetilon
Simpsons character classifier at home\simpsons_dataset\apu_nahasapeemapetilon\pic_0437.jpg	apu_nahasapeemapetilon
Simpsons character classifier at home\simpsons_dataset\apu_nahasapeemapetilon\pic_0438.jpg	apu_nahasapeemapetilon
Simpsons character classifier at home\simpsons_dataset\apu_nahasapeemapetilon\pic_0439.jpg	apu_nahasapeemapetilon
Simpsons character classifier at home\simpsons_dataset\apu_nahasapeemapetilon\pic_0440.jpg	apu_nahasapeemapetilon
Simpsons character classifier at home\simpsons_dataset\apu_nahasapeemapetilon\pic_0441.jpg	apu_nahasapeemapetilon
Simpsons character classifier at home\simpsons_dataset\apu_nahasapeemapetilon\pic_0442.jpg	apu_nahasapeemapetilon
Simpsons character classifier at home\simpsons_dataset\apu_nahasapeemapetilon\pic_0443.jpg	apu_nahasapeemapetilon
Simpsons character classifier at home\simpsons_dataset\apu_nahasapeemapetilon\pic_0444.jpg	apu_nahasapeemapetilon
Simpsons character classifier at home\simpsons_dataset\apu_nahasapeemapetilon\pic_0445.jpg	apu_nahasapeemapetilon
Simpsons character classifier at home\simpsons_dataset\apu_nahasapeemapetilon\pic_0446.jpg	apu_nahasapeemapetilon
Simpsons character classifier at home\simpsons_dataset\apu_nahasapeemapetilon\pic_0447.jpg	apu_nahasapeemapetilon
Simpsons character classifier at home\simpsons_dataset\apu_nahasapeemapetilon\pic_0448.jpg	apu_nahasapeemapetilon
Simpsons character classifier at home\simpsons_dataset\apu_nahasapeemapetilon\pic_0449.jpg	apu_nahasapeemapetilon
Simpsons character classifier at home\simpsons_dataset\apu_nahasapeemapetilon\pic_0450.jpg	apu_nahasapeemapetilon
Simpsons character classifier at home\simpsons_dataset\apu_nahasapeemapetilon\pic_0451.jpg	apu_nahasapeemapetilon
Simpsons character classifier at home\simpsons_dataset\apu_nahasapeemapetilon\pic_0452.jpg	apu_nahasapeemapetilon
Simpsons character classifier at home\simpsons_dataset\apu_nahasapeemapetilon\pic_0453.jpg	apu_nahasapeemapetilon
Simpsons character classifier at home\simpsons_dataset\apu_nahasapeemapetilon\pic_0454.jpg	apu_nahasapeemapetilon
Simpsons character classifier at home\simpsons_dataset\apu_nahasapeemapetilon\pic_0455.jpg	apu_nahasapeemapetilon
Simpsons character classifier at home\simpsons_dataset\apu_nahasapeemapetilon\pic_0456.jpg	apu_nahasapeemapetilon
Simpsons character classifier at home\simpsons_dataset\apu_nahasapeemapetilon\pic_0457.jpg	apu_nahasapeemapetilon
Simpsons character classifier at home\simpsons_dataset\apu_nahasapeemapetilon\pic_0458.jpg	apu_nahasapeemapetilon
Simpsons character classifier at home\simpsons_dataset\apu_nahasapeemapetilon\pic_0459.jpg	apu_nahasapeemapetilon
Simpsons character classifier at home\simpsons_dataset\apu_nahasapeemapetilon\pic_0460.jpg	apu_nahasapeemapetilon
Simpsons character classifier at home\simpsons_dataset\apu_nahasapeemapetilon\pic_0461.jpg	apu_nahasapeemapetilon
Simpsons character classifier at home\simpsons_dataset\apu_nahasapeemapetilon\pic_0462.jpg	apu_nahasapeemapetilon
Simpsons character classifier at home\simpsons_dataset\apu_nahasapeemapetilon\pic_0463.jpg	apu_nahasapeemapetilon
Simpsons character classifier at home\simpsons_dataset\apu_nahasapeemapetilon\pic_0464.jpg	apu_nahasapeemapetilon
Simpsons character classifier at home\simpsons_dataset\apu_nahasapeemapetilon\pic_0465.jpg	apu_nahasapeemapetilon
Simpsons character classifier at home\simpsons_dataset\apu_nahasapeemapetilon\pic_0466.jpg	apu_nahasapeemapetilon
Simpsons character classifier at home\simpsons_dataset\apu_nahasapeemapetilon\pic_0467.jpg	apu_nahasapeemapetilon
Simpsons character classifier at home\simpsons_dataset\apu_nahasapeemapetilon\pic_0468.jpg	apu_nahasapeemapetilon
Simpsons character classifier at home\simpsons_dataset\apu_nahasapeemapetilon\pic_0469.jpg	apu_nahasapeemapetilon
Simpsons character classifier at home\simpsons_dataset\apu_nahasapeemapetilon\pic_0470.jpg	apu_nahasapeemapetilon
Simpsons character classifier at home\simpsons_dataset\apu_nahasapeemapetilon\pic_0471.jpg	apu_nahasapeemapetilon
Simpsons character classifier at home\simpsons_dataset\apu_nahasapeemapetilon\pic_0472.jpg	apu_nahasapeemapetilon
Simpsons character classifier at home\simpsons_dataset\apu_nahasapeemapetilon\pic_0473.jpg	apu_nahasapeemapetilon
Simpsons character classifier at home\simpsons_dataset\apu_nahasapeemapetilon\pic_0474.jpg	apu_nahasapeemapetilon
Simpsons character classifier at home\simpsons_dataset\apu_nahasapeemapetilon\pic_0475.jpg	apu_nahasapeemapetilon
Simpsons character classifier at home\simpsons_dataset\apu_nahasapeemapetilon\pic_0476.jpg	apu_nahasapeemapetilon
Simpsons character classifier at home\simpsons_dataset\apu_nahasapeemapetilon\pic_0477.jpg	apu_nahasapeemapetilon
Simpsons character classifier at home\simpsons_dataset\apu_nahasapeemapetilon\pic_0478.jpg	apu_nahasapeemapetilon
Simpsons character classifier at home\simpsons_dataset\apu_nahasapeemapetilon\pic_0479.jpg	apu_nahasapeemapetilon
Simpsons character classifier at home\simpsons_dataset\apu_nahasapeemapetilon\pic_0480.jpg	apu_nahasapeemapetilon
Simpsons character classifier at home\simpsons_dataset\apu_nahasapeemapetilon\pic_0481.jpg	apu_nahasapeemapetilon
Simpsons character classifier at home\simpsons_dataset\apu_nahasapeemapetilon\pic_0482.jpg	apu_nahasapeemapetilon
Simpsons character classifier at home\simpsons_dataset\apu_nahasapeemapetilon\pic_0483.jpg	apu_nahasapeemapetilon
Simpsons character classifier at home\simpsons_dataset\apu_nahasapeemapetilon\pic_0484.jpg	apu_nahasapeemapetilon
Simpsons character classifier at home\simpsons_dataset\apu_nahasapeemapetilon\pic_0485.jpg	apu_nahasapeemapetilon
Simpsons character classifier at home\simpsons_dataset\apu_nahasapeemapetilon\pic_0486.jpg	apu_nahasapeemapetilon
Simpsons character classifier at home\simpsons_dataset\apu_nahasapeemapetilon\pic_0487.jpg	apu_nahasapeemapetilon
Simpsons character classifier at home\simpsons_dataset\apu_nahasapeemapetilon\pic_0488.jpg	apu_nahasapeemapetilon
Simpsons character classifier at home\simpsons_dataset\apu_nahasapeemapetilon\pic_0489.jpg	apu_nahasapeemapetilon
Simpsons character classifier at home\simpsons_dataset\apu_nahasapeemapetilon\pic_0490.jpg	apu_nahasapeemapetilon
Simpsons character classifier at home\simpsons_dataset\apu_nahasapeemapetilon\pic_0491.jpg	apu_nahasapeemapetilon
Simpsons character classifier at home\simpsons_dataset\apu_nahasapeemapetilon\pic_0492.jpg	apu_nahasapeemapetilon
Simpsons character classifier at home\simpsons_dataset\apu_nahasapeemapetilon\pic_0493.jpg	apu_nahasapeemapetilon
Simpsons character classifier at home\simpsons_dataset\apu_nahasapeemapetilon\pic_0494.jpg	apu_nahasapeemapetilon
Simpsons character classifier at home\simpsons_dataset\apu_nahasapeemapetilon\pic_0495.jpg	apu_nahasapeemapetilon
Simpsons character classifier at home\simpsons_dataset\apu_nahasapeemapetilon\pic_0496.jpg	apu_nahasapeemapetilon
Simpsons character classifier at home\simpsons_dataset\apu_nahasapeemapetilon\pic_0497.jpg	apu_nahasapeemapetilon
Simpsons character classifier at home\simpsons_dataset\apu_nahasapeemapetilon\pic_0498.jpg	apu_nahasapeemapetilon
Simpsons character classifier at home\simpsons_dataset\apu_nahasapeemapetilon\pic_0499.jpg	apu_nahasapeemapetilon
Simpsons character classifier at home\simpsons_dataset\apu_nahasapeemapetilon\pic_0500.jpg	apu_nahasapeemapetilon
Simpsons character classifier at home\simpsons_dataset\apu_nahasapeemapetilon\pic_0501.jpg	apu_nahasapeemapetilon
Simpsons character classifier at home\simpsons_dataset\apu_nahasapeemapetilon\pic_0502.jpg	apu_nahasapeemapetilon
Simpsons character classifier at home\simpsons_dataset\apu_nahasapeemapetilon\pic_0503.jpg	apu_nahasapeemapetilon
Simpsons character classifier at home\simpsons_dataset\apu_nahasapeemapetilon\pic_0504.jpg	apu_nahasapeemapetilon
Simpsons character classifier at home\simpsons_dataset\apu_nahasapeemapetilon\pic_0505.jpg	apu_nahasapeemapetilon
Simpsons character classifier at home\simpsons_dataset\apu_nahasapeemapetilon\pic_0506.jpg	apu_nahasapeemapetilon
Simpsons character classifier at home\simpsons_dataset\apu_nahasapeemapetilon\pic_0507.jpg	apu_nahasapeemapetilon
Simpsons character classifier at home\simpsons_dataset\apu_nahasapeemapetilon\pic_0508.jpg	apu_nahasapeemapetilon
Simpsons character classifier at home\simpsons_dataset\apu_nahasapeemapetilon\pic_0509.jpg	apu_nahasapeemapetilon
Simpsons character classifier at home\simpsons_dataset\apu_nahasapeemapetilon\pic_0510.jpg	apu_nahasapeemapetilon
Simpsons character classifier at home\simpsons_dataset\apu_nahasapeemapetilon\pic_0511.jpg	apu_nahasapeemapetilon
Simpsons character classifier at home\simpsons_dataset\apu_nahasapeemapetilon\pic_0512.jpg	apu_nahasapeemapetilon
Simpsons character classifier at home\simpsons_dataset\apu_nahasapeemapetilon\pic_0513.jpg	apu_nahasapeemapetilon
Simpsons character classifier at home\simpsons_dataset\apu_nahasapeemapetilon\pic_0514.jpg	apu_nahasapeemapetilon
Simpsons character classifier at home\simpsons_dataset\apu_nahasapeemapetilon\pic_0515.jpg	apu_nahasapeemapetilon
Simpsons character classifier at home\simpsons_dataset\apu_nahasapeemapetilon\pic_0516.jpg	apu_nahasapeemapetilon
Simpsons character classifier at home\simpsons_dataset\apu_nahasapeemapetilon\pic_0517.jpg	apu_nahasapeemapetilon
Simpsons character classifier at home\simpsons_dataset\apu_nahasapeemapetilon\pic_0518.jpg	apu_nahasapeemapetilon
Simpsons character classifier at home\simpsons_dataset\apu_nahasapeemapetilon\pic_0519.jpg	apu_nahasapeemapetilon
Simpsons character classifier at home\simpsons_dataset\apu_nahasapeemapetilon\pic_0520.jpg	apu_nahasapeemapetilon
Simpsons character classifier at home\simpsons_dataset\apu_nahasapeemapetilon\pic_0521.jpg	apu_nahasapeemapetilon
Simpsons character classifier at home\simpsons_dataset\apu_nahasapeemapetilon\pic_0522.jpg	apu_nahasapeemapetilon
Simpsons character classifier at home\simpsons_dataset\apu_nahasapeemapetilon\pic_0523.jpg	apu_nahasapeemapetilon
Simpsons character classifier at home\simpsons_dataset\apu_nahasapeemapetilon\pic_0524.jpg	apu_nahasapeemapetilon
Simpsons character classifier at home\simpsons_dataset\apu_nahasapeemapetilon\pic_0525.jpg	apu_nahasapeemapetilon
Simpsons character classifier at home\simpsons_dataset\apu_nahasapeemapetilon\pic_0526.jpg	apu_nahasapeemapetilon
Simpsons character classifier at home\simpsons_dataset\apu_nahasapeemapetilon\pic_0527.jpg	apu_nahasapeemapetilon
Simpsons character classifier at home\simpsons_dataset\apu_nahasapeemapetilon\pic_0528.jpg	apu_nahasapeemapetilon
Simpsons character classifier at home\simpsons_dataset\apu_nahasapeemapetilon\pic_0529.jpg	apu_nahasapeemapetilon
Simpsons character classifier at home\simpsons_dataset\apu_nahasapeemapetilon\pic_0530.jpg	apu_nahasapeemapetilon
Simpsons character classifier at home\simpsons_dataset\apu_nahasapeemapetilon\pic_0531.jpg	apu_nahasapeemapetilon
Simpsons character classifier at home\simpsons_dataset\apu_nahasapeemapetilon\pic_0532.jpg	apu_nahasapeemapetilon
Simpsons character classifier at home\simpsons_dataset\apu_nahasapeemapetilon\pic_0533.jpg	apu_nahasapeemapetilon
Simpsons character classifier at home\simpsons_dataset\apu_nahasapeemapetilon\pic_0534.jpg	apu_nahasapeemapetilon
Simpsons character classifier at home\simpsons_dataset\apu_nahasapeemapetilon\pic_0535.jpg	apu_nahasapeemapetilon
Simpsons character classifier at home\simpsons_dataset\apu_nahasapeemapetilon\pic_0536.jpg	apu_nahasapeemapetilon
Simpsons character classifier at home\simpsons_dataset\apu_nahasapeemapetilon\pic_0537.jpg	apu_nahasapeemapetilon
Simpsons character classifier at home\simpsons_dataset\apu_nahasapeemapetilon\pic_0538.jpg	apu_nahasapeemapetilon
Simpsons character classifier at home\simpsons_dataset\apu_nahasapeemapetilon\pic_0539.jpg	apu_nahasapeemapetilon
Simpsons character classifier at home\simpsons_dataset\apu_nahasapeemapetilon\pic_0540.jpg	apu_nahasapeemapetilon
Simpsons character classifier at home\simpsons_dataset\apu_nahasapeemapetilon\pic_0541.jpg	apu_nahasapeemapetilon
Simpsons character classifier at home\simpsons_dataset\apu_nahasapeemapetilon\pic_0542.jpg	apu_nahasapeemapetilon
Simpsons character classifier at home\simpsons_dataset\apu_nahasapeemapetilon\pic_0543.jpg	apu_nahasapeemapetilon
Simpsons character classifier at home\simpsons_dataset\apu_nahasapeemapetilon\pic_0544.jpg	apu_nahasapeemapetilon
Simpsons character classifier at home\simpsons_dataset\apu_nahasapeemapetilon\pic_0545.jpg	apu_nahasapeemapetilon
Simpsons character classifier at home\simpsons_dataset\apu_nahasapeemapetilon\pic_0546.jpg	apu_nahasapeemapetilon
Simpsons character classifier at home\simpsons_dataset\apu_nahasapeemapetilon\pic_0547.jpg	apu_nahasapeemapetilon
Simpsons character classifier at home\simpsons_dataset\apu_nahasapeemapetilon\pic_0548.jpg	apu_nahasapeemapetilon
Simpsons character classifier at home\simpsons_dataset\apu_nahasapeemapetilon\pic_0549.jpg	apu_nahasapeemapetilon
Simpsons character classifier at home\simpsons_dataset\apu_nahasapeemapetilon\pic_0550.jpg	apu_nahasapeemapetilon
Simpsons character classifier at home\simpsons_dataset\apu_nahasapeemapetilon\pic_0551.jpg	apu_nahasapeemapetilon
Simpsons character classifier at home\simpsons_dataset\apu_nahasapeemapetilon\pic_0552.jpg	apu_nahasapeemapetilon
Simpsons character classifier at home\simpsons_dataset\apu_nahasapeemapetilon\pic_0553.jpg	apu_nahasapeemapetilon
Simpsons character classifier at home\simpsons_dataset\apu_nahasapeemapetilon\pic_0554.jpg	apu_nahasapeemapetilon
Simpsons character classifier at home\simpsons_dataset\apu_nahasapeemapetilon\pic_0555.jpg	apu_nahasapeemapetilon
Simpsons character classifier at home\simpsons_dataset\apu_nahasapeemapetilon\pic_0556.jpg	apu_nahasapeemapetilon
Simpsons character classifier at home\simpsons_dataset\apu_nahasapeemapetilon\pic_0557.jpg	apu_nahasapeemapetilon
Simpsons character classifier at home\simpsons_dataset\apu_nahasapeemapetilon\pic_0558.jpg	apu_nahasapeemapetilon
Simpsons character classifier at home\simpsons_dataset\apu_nahasapeemapetilon\pic_0559.jpg	apu_nahasapeemapetilon
Simpsons character classifier at home\simpsons_dataset\apu_nahasapeemapetilon\pic_0560.jpg	apu_nahasapeemapetilon
Simpsons character classifier at home\simpsons_dataset\apu_nahasapeemapetilon\pic_0561.jpg	apu_nahasapeemapetilon
Simpsons character classifier at home\simpsons_dataset\apu_nahasapeemapetilon\pic_0562.jpg	apu_nahasapeemapetilon
Simpsons character classifier at home\simpsons_dataset\apu_nahasapeemapetilon\pic_0563.jpg	apu_nahasapeemapetilon
Simpsons character classifier at home\simpsons_dataset\apu_nahasapeemapetilon\pic_0564.jpg	apu_nahasapeemapetilon
Simpsons character classifier at home\simpsons_dataset\apu_nahasapeemapetilon\pic_0565.jpg	apu_nahasapeemapetilon
Simpsons character classifier at home\simpsons_dataset\apu_nahasapeemapetilon\pic_0566.jpg	apu_nahasapeemapetilon
Simpsons character classifier at home\simpsons_dataset\apu_nahasapeemapetilon\pic_0567.jpg	apu_nahasapeemapetilon
Simpsons character classifier at home\simpsons_dataset\apu_nahasapeemapetilon\pic_0568.jpg	apu_nahasapeemapetilon
Simpsons character classifier at home\simpsons_dataset\apu_nahasapeemapetilon\pic_0569.jpg	apu_nahasapeemapetilon
Simpsons character classifier at home\simpsons_dataset\apu_nahasapeemapetilon\pic_0570.jpg	apu_nahasapeemapetilon
Simpsons character classifier at home\simpsons_dataset\apu_nahasapeemapetilon\pic_0571.jpg	apu_nahasapeemapetilon
Simpsons character classifier at home\simpsons_dataset\apu_nahasapeemapetilon\pic_0572.jpg	apu_nahasapeemapetilon
Simpsons character classifier at home\simpsons_dataset\apu_nahasapeemapetilon\pic_0573.jpg	apu_nahasapeemapetilon
Simpsons character classifier at home\simpsons_dataset\apu_nahasapeemapetilon\pic_0574.jpg	apu_nahasapeemapetilon
Simpsons character classifier at home\simpsons_dataset\apu_nahasapeemapetilon\pic_0575.jpg	apu_nahasapeemapetilon
Simpsons character classifier at home\simpsons_dataset\apu_nahasapeemapetilon\pic_0576.jpg	apu_nahasapeemapetilon
Simpsons character classifier at home\simpsons_dataset\apu_nahasapeemapetilon\pic_0577.jpg	apu_nahasapeemapetilon
Simpsons character classifier at home\simpsons_dataset\apu_nahasapeemapetilon\pic_0578.jpg	apu_nahasapeemapetilon
Simpsons character classifier at home\simpsons_dataset\apu_nahasapeemapetilon\pic_0579.jpg	apu_nahasapeemapetilon
Simpsons character classifier at home\simpsons_dataset\apu_nahasapeemapetilon\pic_0580.jpg	apu_nahasapeemapetilon
Simpsons character classifier at home\simpsons_dataset\apu_nahasapeemapetilon\pic_0581.jpg	apu_nahasapeemapetilon
Simpsons character classifier at home\simpsons_dataset\apu_nahasapeemapetilon\pic_0582.jpg	apu_nahasapeemapetilon
Simpsons character classifier at home\simpsons_dataset\apu_nahasapeemapetilon\pic_0583.jpg	apu_nahasapeemapetilon
Simpsons character classifier at home\simpsons_dataset\apu_nahasapeemapetilon\pic_0584.jpg	apu_nahasapeemapetilon
Simpsons character classifier at home\simpsons_dataset\apu_nahasapeemapetilon\pic_0585.jpg	apu_nahasapeemapetilon
Simpsons character classifier at home\simpsons_dataset\apu_nahasapeemapetilon\pic_0586.jpg	apu_nahasapeemapetilon
Simpsons character classifier at home\simpsons_dataset\apu_nahasapeemapetilon\pic_0587.jpg	apu_nahasapeemapetilon
Simpsons character classifier at home\simpsons_dataset\apu_nahasapeemapetilon\pic_0588.jpg	apu_nahasapeemapetilon
Simpsons character classifier at home\simpsons_dataset\apu_nahasapeemapetilon\pic_0589.jpg	apu_nahasapeemapetilon
Simpsons character classifier at home\simpsons_dataset\apu_nahasapeemapetilon\pic_0590.jpg	apu_nahasapeemapetilon
Simpsons character classifier at home\simpsons_dataset\apu_nahasapeemapetilon\pic_0591.jpg	apu_nahasapeemapetilon
Simpsons character classifier at home\simpsons_dataset\apu_nahasapeemapetilon\pic_0592.jpg	apu_nahasapeemapetilon
Simpsons character classifier at home\simpsons_dataset\apu_nahasapeemapetilon\pic_0593.jpg	apu_nahasapeemapetilon
Simpsons character classifier at home\simpsons_dataset\apu_nahasapeemapetilon\pic_0594.jpg	apu_nahasapeemapetilon
Simpsons character classifier at home\simpsons_dataset\apu_nahasapeemapetilon\pic_0595.jpg	apu_nahasapeemapetilon
Simpsons character classifier at home\simpsons_dataset\apu_nahasapeemapetilon\pic_0596.jpg	apu_nahasapeemapetilon
Simpsons character classifier at home\simpsons_dataset\apu_nahasapeemapetilon\pic_0597.jpg	apu_nahasapeemapetilon
Simpsons character classifier at home\simpsons_dataset\apu_nahasapeemapetilon\pic_0598.jpg	apu_nahasapeemapetilon
Simpsons character classifier at home\simpsons_dataset\apu_nahasapeemapetilon\pic_0599.jpg	apu_nahasapeemapetilon
Simpsons character classifier at home\simpsons_dataset\apu_nahasapeemapetilon\pic_0600.jpg	apu_nahasapeemapetilon
Simpsons character classifier at home\simpsons_dataset\apu_nahasapeemapetilon\pic_0601.jpg	apu_nahasapeemapetilon
Simpsons character classifier at home\simpsons_dataset\apu_nahasapeemapetilon\pic_0602.jpg	apu_nahasapeemapetilon
Simpsons character classifier at home\simpsons_dataset\apu_nahasapeemapetilon\pic_0603.jpg	apu_nahasapeemapetilon
Simpsons character classifier at home\simpsons_dataset\apu_nahasapeemapetilon\pic_0604.jpg	apu_nahasapeemapetilon
Simpsons character classifier at home\simpsons_dataset\apu_nahasapeemapetilon\pic_0605.jpg	apu_nahasapeemapetilon
Simpsons character classifier at home\simpsons_dataset\apu_nahasapeemapetilon\pic_0606.jpg	apu_nahasapeemapetilon
Simpsons character classifier at home\simpsons_dataset\apu_nahasapeemapetilon\pic_0607.jpg	apu_nahasapeemapetilon
Simpsons character classifier at home\simpsons_dataset\apu_nahasapeemapetilon\pic_0608.jpg	apu_nahasapeemapetilon
Simpsons character classifier at home\simpsons_dataset\apu_nahasapeemapetilon\pic_0609.jpg	apu_nahasapeemapetilon
Simpsons character classifier at home\simpsons_dataset\apu_nahasapeemapetilon\pic_0610.jpg	apu_nahasapeemapetilon
Simpsons character classifier at home\simpsons_dataset\apu_nahasapeemapetilon\pic_0612.jpg	apu_nahasapeemapetilon
Simpsons character classifier at home\simpsons_dataset\apu_nahasapeemapetilon\pic_0613.jpg	apu_nahasapeemapetilon
Simpsons character classifier at home\simpsons_dataset\apu_nahasapeemapetilon\pic_0614.jpg	apu_nahasapeemapetilon
Simpsons character classifier at home\simpsons_dataset\apu_nahasapeemapetilon\pic_0615.jpg	apu_nahasapeemapetilon
Simpsons character classifier at home\simpsons_dataset\apu_nahasapeemapetilon\pic_0616.jpg	apu_nahasapeemapetilon
Simpsons character classifier at home\simpsons_dataset\apu_nahasapeemapetilon\pic_0617.jpg	apu_nahasapeemapetilon
Simpsons character classifier at home\simpsons_dataset\apu_nahasapeemapetilon\pic_0618.jpg	apu_nahasapeemapetilon
Simpsons character classifier at home\simpsons_dataset\apu_nahasapeemapetilon\pic_0619.jpg	apu_nahasapeemapetilon
Simpsons character classifier at home\simpsons_dataset\apu_nahasapeemapetilon\pic_0620.jpg	apu_nahasapeemapetilon
Simpsons character classifier at home\simpsons_dataset\apu_nahasapeemapetilon\pic_0621.jpg	apu_nahasapeemapetilon
Simpsons character classifier at home\simpsons_dataset\apu_nahasapeemapetilon\pic_0622.jpg	apu_nahasapeemapetilon
Simpsons character classifier at home\simpsons_dataset\apu_nahasapeemapetilon\pic_0623.jpg	apu_nahasapeemapetilon
