Simpsons character classifier at home\simpsons_dataset\carl_carlson\pic_0000.jpg	carl_carlson
Simpsons character classifier at home\simpsons_dataset\carl_carlson\pic_0001.jpg	carl_carlson
Simpsons character classifier at home\simpsons_dataset\carl_carlson\pic_0002.jpg	carl_carlson
Simpsons character classifier at home\simpsons_dataset\carl_carlson\pic_0003.jpg	carl_carlson
Simpsons character classifier at home\simpsons_dataset\carl_carlson\pic_0004.jpg	carl_carlson
Simpsons character classifier at home\simpsons_dataset\carl_carlson\pic_0005.jpg	carl_carlson
Simpsons character classifier at home\simpsons_dataset\carl_carlson\pic_0006.jpg	carl_carlson
Simpsons character classifier at home\simpsons_dataset\carl_carlson\pic_0007.jpg	carl_carlson
Simpsons character classifier at home\simpsons_dataset\carl_carlson\pic_0008.jpg	carl_carlson
Simpsons character classifier at home\simpsons_dataset\carl_carlson\pic_0009.jpg	carl_carlson
Simpsons character classifier at home\simpsons_dataset\carl_carlson\pic_0010.jpg	carl_carlson
Simpsons character classifier at home\simpsons_dataset\carl_carlson\pic_0011.jpg	carl_carlson
Simpsons character classifier at home\simpsons_dataset\carl_carlson\pic_0012.jpg	carl_carlson
Simpsons character classifier at home\simpsons_dataset\carl_carlson\pic_0013.jpg	carl_carlson
Simpsons character classifier at home\simpsons_dataset\carl_carlson\pic_0014.jpg	carl_carlson
Simpsons character classifier at home\simpsons_dataset\carl_carlson\pic_0015.jpg	carl_carlson
Simpsons character classifier at home\simpsons_dataset\carl_carlson\pic_0016.jpg	carl_carlson
Simpsons character classifier at home\simpsons_dataset\carl_carlson\pic_0017.jpg	carl_carlson
Simpsons character classifier at home\simpsons_dataset\carl_carlson\pic_0018.jpg	carl_carlson
Simpsons character classifier at home\simpsons_dataset\carl_carlson\pic_0019.jpg	carl_carlson
Simpsons character classifier at home\simpsons_dataset\carl_carlson\pic_0020.jpg	carl_carlson
Simpsons character classifier at home\simpsons_dataset\carl_carlson\pic_0021.jpg	carl_carlson
Simpsons character classifier at home\simpsons_dataset\carl_carlson\pic_0022.jpg	carl_carlson
Simpsons character classifier at home\simpsons_dataset\carl_carlson\pic_0023.jpg	carl_carlson
Simpsons character classifier at home\simpsons_dataset\carl_carlson\pic_0024.jpg	carl_carlson
Simpsons character classifier at home\simpsons_dataset\carl_carlson\pic_0025.jpg	carl_carlson
Simpsons character classifier at home\simpsons_dataset\carl_carlson\pic_0026.jpg	carl_carlson
Simpsons character classifier at home\simpsons_dataset\carl_carlson\pic_0027.jpg	carl_carlson
Simpsons character classifier at home\simpsons_dataset\carl_carlson\pic_0028.jpg	carl_carlson
Simpsons character classifier at home\simpsons_dataset\carl_carlson\pic_0029.jpg	carl_carlson
Simpsons character classifier at home\simpsons_dataset\carl_carlson\pic_0030.jpg	carl_carlson
Simpsons character classifier at home\simpsons_dataset\carl_carlson\pic_0031.jpg	carl_carlson
Simpsons character classifier at home\simpsons_dataset\carl_carlson\pic_0032.jpg	carl_carlson
Simpsons character classifier at home\simpsons_dataset\carl_carlson\pic_0033.jpg	carl_carlson
Simpsons character classifier at home\simpsons_dataset\carl_carlson\pic_0034.jpg	carl_carlson
Simpsons character classifier at home\simpsons_dataset\carl_carlson\pic_0035.jpg	carl_carlson
Simpsons character classifier at home\simpsons_dataset\carl_carlson\pic_0036.jpg	carl_carlson
Simpsons character classifier at home\simpsons_dataset\carl_carlson\pic_0037.jpg	carl_carlson
Simpsons character classifier at home\simpsons_dataset\carl_carlson\pic_0038.jpg	carl_carlson
Simpsons character classifier at home\simpsons_dataset\carl_carlson\pic_0039.jpg	carl_carlson
Simpsons character classifier at home\simpsons_dataset\carl_carlson\pic_0040.jpg	carl_carlson
Simpsons character classifier at home\simpsons_dataset\carl_carlson\pic_0041.jpg	carl_carlson
Simpsons character classifier at home\simpsons_dataset\carl_carlson\pic_0042.jpg	carl_carlson
Simpsons character classifier at home\simpsons_dataset\carl_carlson\pic_0043.jpg	carl_carlson
Simpsons character classifier at home\simpsons_dataset\carl_carlson\pic_0044.jpg	carl_carlson
Simpsons character classifier at home\simpsons_dataset\carl_carlson\pic_0045.jpg	carl_carlson
Simpsons character classifier at home\simpsons_dataset\carl_carlson\pic_0046.jpg	carl_carlson
Simpsons character classifier at home\simpsons_dataset\carl_carlson\pic_0047.jpg	carl_carlson
Simpsons character classifier at home\simpsons_dataset\carl_carlson\pic_0048.jpg	carl_carlson
Simpsons character classifier at home\simpsons_dataset\carl_carlson\pic_0049.jpg	carl_carlson
Simpsons character classifier at home\simpsons_dataset\carl_carlson\pic_0050.jpg	carl_carlson
Simpsons character classifier at home\simpsons_dataset\carl_carlson\pic_0051.jpg	carl_carlson
Simpsons character classifier at home\simpsons_dataset\carl_carlson\pic_0052.jpg	carl_carlson
Simpsons character classifier at home\simpsons_dataset\carl_carlson\pic_0053.jpg	carl_carlson
Simpsons character classifier at home\simpsons_dataset\carl_carlson\pic_0054.jpg	carl_carlson
Simpsons character classifier at home\simpsons_dataset\carl_carlson\pic_0055.jpg	carl_carlson
Simpsons character classifier at home\simpsons_dataset\carl_carlson\pic_0056.jpg	carl_carlson
Simpsons character classifier at home\simpsons_dataset\carl_carlson\pic_0057.jpg	carl_carlson
Simpsons character classifier at home\simpsons_dataset\carl_carlson\pic_0058.jpg	carl_carlson
Simpsons character classifier at home\simpsons_dataset\carl_carlson\pic_0059.jpg	carl_carlson
Simpsons character classifier at home\simpsons_dataset\carl_carlson\pic_0060.jpg	carl_carlson
Simpsons character classifier at home\simpsons_dataset\carl_carlson\pic_0061.jpg	carl_carlson
Simpsons character classifier at home\simpsons_dataset\carl_carlson\pic_0062.jpg	carl_carlson
Simpsons character classifier at home\simpsons_dataset\carl_carlson\pic_0063.jpg	carl_carlson
Simpsons character classifier at home\simpsons_dataset\carl_carlson\pic_0064.jpg	carl_carlson
Simpsons character classifier at home\simpsons_dataset\carl_carlson\pic_0065.jpg	carl_carlson
Simpsons character classifier at home\simpsons_dataset\carl_carlson\pic_0066.jpg	carl_carlson
Simpsons character classifier at home\simpsons_dataset\carl_carlson\pic_0067.jpg	carl_carlson
Simpsons character classifier at home\simpsons_dataset\carl_carlson\pic_0068.jpg	carl_carlson
Simpsons character classifier at home\simpsons_dataset\carl_carlson\pic_0069.jpg	carl_carlson
Simpsons character classifier at home\simpsons_dataset\carl_carlson\pic_0070.jpg	carl_carlson
Simpsons character classifier at home\simpsons_dataset\carl_carlson\pic_0071.jpg	carl_carlson
Simpsons character classifier at home\simpsons_dataset\carl_carlson\pic_0072.jpg	carl_carlson
Simpsons character classifier at home\simpsons_dataset\carl_carlson\pic_0073.jpg	carl_carlson
Simpsons character classifier at home\simpsons_dataset\carl_carlson\pic_0074.jpg	carl_carlson
Simpsons character classifier at home\simpsons_dataset\carl_carlson\pic_0075.jpg	carl_carlson
Simpsons character classifier at home\simpsons_dataset\carl_carlson\pic_0076.jpg	carl_carlson
Simpsons character classifier at home\simpsons_dataset\carl_carlson\pic_0077.jpg	carl_carlson
Simpsons character classifier at home\simpsons_dataset\carl_carlson\pic_0078.jpg	carl_carlson
Simpsons character classifier at home\simpsons_dataset\carl_carlson\pic_0079.jpg	carl_carlson
Simpsons character classifier at home\simpsons_dataset\carl_carlson\pic_0080.jpg	carl_carlson
Simpsons character classifier at home\simpsons_dataset\carl_carlson\pic_0081.jpg	carl_carlson
Simpsons character classifier at home\simpsons_dataset\carl_carlson\pic_0082.jpg	carl_carlson
Simpsons character classifier at home\simpsons_dataset\carl_carlson\pic_0083.jpg	carl_carlson
Simpsons character classifier at home\simpsons_dataset\carl_carlson\pic_0084.jpg	carl_carlson
Simpsons character classifier at home\simpsons_dataset\carl_carlson\pic_0085.jpg	carl_carlson
Simpsons character classifier at home\simpsons_dataset\carl_carlson\pic_0086.jpg	carl_carlson
Simpsons character classifier at home\simpsons_dataset\carl_carlson\pic_0087.jpg	carl_carlson
Simpsons character classifier at home\simpsons_dataset\carl_carlson\pic_0088.jpg	carl_carlson
Simpsons character classifier at home\simpsons_dataset\carl_carlson\pic_0089.jpg	carl_carlson
Simpsons character classifier at home\simpsons_dataset\carl_carlson\pic_0090.jpg	carl_carlson
Simpsons character classifier at home\simpsons_dataset\carl_carlson\pic_0091.jpg	carl_carlson
Simpsons character classifier at home\simpsons_dataset\carl_carlson\pic_0092.jpg	carl_carlson
Simpsons character classifier at home\simpsons_dataset\carl_carlson\pic_0093.jpg	carl_carlson
Simpsons character classifier at home\simpsons_dataset\carl_carlson\pic_0094.jpg	carl_carlson
Simpsons character classifier at home\simpsons_dataset\carl_carlson\pic_0095.jpg	carl_carlson
Simpsons character classifier at home\simpsons_dataset\carl_carlson\pic_0096.jpg	carl_carlson
Simpsons character classifier at home\simpsons_dataset\carl_carlson\pic_0097.jpg	carl_carlson
