Simpsons character classifier at home\simpsons_dataset\chief_wiggum\pic_0000.jpg	chief_wiggum
Simpsons character classifier at home\simpsons_dataset\chief_wiggum\pic_0001.jpg	chief_wiggum
Simpsons character classifier at home\simpsons_dataset\chief_wiggum\pic_0002.jpg	chief_wiggum
Simpsons character classifier at home\simpsons_dataset\chief_wiggum\pic_0003.jpg	chief_wiggum
Simpsons character classifier at home\simpsons_dataset\chief_wiggum\pic_0004.jpg	chief_wiggum
Simpsons character classifier at home\simpsons_dataset\chief_wiggum\pic_0005.jpg	chief_wiggum
Simpsons character classifier at home\simpsons_dataset\chief_wiggum\pic_0006.jpg	chief_wiggum
Simpsons character classifier at home\simpsons_dataset\chief_wiggum\pic_0007.jpg	chief_wiggum
Simpsons character classifier at home\simpsons_dataset\chief_wiggum\pic_0008.jpg	chief_wiggum
Simpsons character classifier at home\simpsons_dataset\chief_wiggum\pic_0009.jpg	chief_wiggum
Simpsons character classifier at home\simpsons_dataset\chief_wiggum\pic_0010.jpg	chief_wiggum
Simpsons character classifier at home\simpsons_dataset\chief_wiggum\pic_0011.jpg	chief_wiggum
Simpsons character classifier at home\simpsons_dataset\chief_wiggum\pic_0012.jpg	chief_wiggum
Simpsons character classifier at home\simpsons_dataset\chief_wiggum\pic_0013.jpg	chief_wiggum
Simpsons character classifier at home\simpsons_dataset\chief_wiggum\pic_0014.jpg	chief_wiggum
Simpsons character classifier at home\simpsons_dataset\chief_wiggum\pic_0015.jpg	chief_wiggum
Simpsons character classifier at home\simpsons_dataset\chief_wiggum\pic_0016.jpg	chief_wiggum
Simpsons character classifier at home\simpsons_dataset\chief_wiggum\pic_0017.jpg	chief_wiggum
Simpsons character classifier at home\simpsons_dataset\chief_wiggum\pic_0018.jpg	chief_wiggum
Simpsons character classifier at home\simpsons_dataset\chief_wiggum\pic_0019.jpg	chief_wiggum
Simpsons character classifier at home\simpsons_dataset\chief_wiggum\pic_0020.jpg	chief_wiggum
Simpsons character classifier at home\simpsons_dataset\chief_wiggum\pic_0021.jpg	chief_wiggum
Simpsons character classifier at home\simpsons_dataset\chief_wiggum\pic_0022.jpg	chief_wiggum
Simpsons character classifier at home\simpsons_dataset\chief_wiggum\pic_0023.jpg	chief_wiggum
Simpsons character classifier at home\simpsons_dataset\chief_wiggum\pic_0024.jpg	chief_wiggum
Simpsons character classifier at home\simpsons_dataset\chief_wiggum\pic_0025.jpg	chief_wiggum
Simpsons character classifier at home\simpsons_dataset\chief_wiggum\pic_0026.jpg	chief_wiggum
Simpsons character classifier at home\simpsons_dataset\chief_wiggum\pic_0027.jpg	chief_wiggum
Simpsons character classifier at home\simpsons_dataset\chief_wiggum\pic_0028.jpg	chief_wiggum
Simpsons character classifier at home\simpsons_dataset\chief_wiggum\pic_0029.jpg	chief_wiggum
Simpsons character classifier at home\simpsons_dataset\chief_wiggum\pic_0030.jpg	chief_wiggum
Simpsons character classifier at home\simpsons_dataset\chief_wiggum\pic_0031.jpg	chief_wiggum
Simpsons character classifier at home\simpsons_dataset\chief_wiggum\pic_0032.jpg	chief_wiggum
Simpsons character classifier at home\simpsons_dataset\chief_wiggum\pic_0033.jpg	chief_wiggum
Simpsons character classifier at home\simpsons_dataset\chief_wiggum\pic_0034.jpg	chief_wiggum
Simpsons character classifier at home\simpsons_dataset\chief_wiggum\pic_0035.jpg	chief_wiggum
Simpsons character classifier at home\simpsons_dataset\chief_wiggum\pic_0036.jpg	chief_wiggum
Simpsons character classifier at home\simpsons_dataset\chief_wiggum\pic_0037.jpg	chief_wiggum
Simpsons character classifier at home\simpsons_dataset\chief_wiggum\pic_0038.jpg	chief_wiggum
Simpsons character classifier at home\simpsons_dataset\chief_wiggum\pic_0039.jpg	chief_wiggum
Simpsons character classifier at home\simpsons_dataset\chief_wiggum\pic_0040.jpg	chief_wiggum
Simpsons character classifier at home\simpsons_dataset\chief_wiggum\pic_0041.jpg	chief_wiggum
Simpsons character classifier at home\simpsons_dataset\chief_wiggum\pic_0042.jpg	chief_wiggum
Simpsons character classifier at home\simpsons_dataset\chief_wiggum\pic_0043.jpg	chief_wiggum
Simpsons character classifier at home\simpsons_dataset\chief_wiggum\pic_0044.jpg	chief_wiggum
Simpsons character classifier at home\simpsons_dataset\chief_wiggum\pic_0045.jpg	chief_wiggum
Simpsons character classifier at home\simpsons_dataset\chief_wiggum\pic_0046.jpg	chief_wiggum
Simpsons character classifier at home\simpsons_dataset\chief_wiggum\pic_0047.jpg	chief_wiggum
Simpsons character classifier at home\simpsons_dataset\chief_wiggum\pic_0048.jpg	chief_wiggum
Simpsons character classifier at home\simpsons_dataset\chief_wiggum\pic_0049.jpg	chief_wiggum
Simpsons character classifier at home\simpsons_dataset\chief_wiggum\pic_0050.jpg	chief_wiggum
Simpsons character classifier at home\simpsons_dataset\chief_wiggum\pic_0051.jpg	chief_wiggum
Simpsons character classifier at home\simpsons_dataset\chief_wiggum\pic_0052.jpg	chief_wiggum
Simpsons character classifier at home\simpsons_dataset\chief_wiggum\pic_0053.jpg	chief_wiggum
Simpsons character classifier at home\simpsons_dataset\chief_wiggum\pic_0054.jpg	chief_wiggum
Simpsons character classifier at home\simpsons_dataset\chief_wiggum\pic_0055.jpg	chief_wiggum
Simpsons character classifier at home\simpsons_dataset\chief_wiggum\pic_0056.jpg	chief_wiggum
Simpsons character classifier at home\simpsons_dataset\chief_wiggum\pic_0057.jpg	chief_wiggum
Simpsons character classifier at home\simpsons_dataset\chief_wiggum\pic_0058.jpg	chief_wiggum
Simpsons character classifier at home\simpsons_dataset\chief_wiggum\pic_0059.jpg	chief_wiggum
Simpsons character classifier at home\simpsons_dataset\chief_wiggum\pic_0060.jpg	chief_wiggum
Simpsons character classifier at home\simpsons_dataset\chief_wiggum\pic_0061.jpg	chief_wiggum
Simpsons character classifier at home\simpsons_dataset\chief_wiggum\pic_0062.jpg	chief_wiggum
Simpsons character classifier at home\simpsons_dataset\chief_wiggum\pic_0063.jpg	chief_wiggum
Simpsons character classifier at home\simpsons_dataset\chief_wiggum\pic_0064.jpg	chief_wiggum
Simpsons character classifier at home\simpsons_dataset\chief_wiggum\pic_0065.jpg	chief_wiggum
Simpsons character classifier at home\simpsons_dataset\chief_wiggum\pic_0066.jpg	chief_wiggum
Simpsons character classifier at home\simpsons_dataset\chief_wiggum\pic_0067.jpg	chief_wiggum
Simpsons character classifier at home\simpsons_dataset\chief_wiggum\pic_0068.jpg	chief_wiggum
Simpsons character classifier at home\simpsons_dataset\chief_wiggum\pic_0069.jpg	chief_wiggum
Simpsons character classifier at home\simpsons_dataset\chief_wiggum\pic_0070.jpg	chief_wiggum
Simpsons character classifier at home\simpsons_dataset\chief_wiggum\pic_0071.jpg	chief_wiggum
Simpsons character classifier at home\simpsons_dataset\chief_wiggum\pic_0072.jpg	chief_wiggum
Simpsons character classifier at home\simpsons_dataset\chief_wiggum\pic_0073.jpg	chief_wiggum
Simpsons character classifier at home\simpsons_dataset\chief_wiggum\pic_0074.jpg	chief_wiggum
Simpsons character classifier at home\simpsons_dataset\chief_wiggum\pic_0075.jpg	chief_wiggum
Simpsons character classifier at home\simpsons_dataset\chief_wiggum\pic_0076.jpg	chief_wiggum
Simpsons character classifier at home\simpsons_dataset\chief_wiggum\pic_0077.jpg	chief_wiggum
Simpsons character classifier at home\simpsons_dataset\chief_wiggum\pic_0078.jpg	chief_wiggum
Simpsons character classifier at home\simpsons_dataset\chief_wiggum\pic_0079.jpg	chief_wiggum
Simpsons character classifier at home\simpsons_dataset\chief_wiggum\pic_0080.jpg	chief_wiggum
Simpsons character classifier at home\simpsons_dataset\chief_wiggum\pic_0081.jpg	chief_wiggum
Simpsons character classifier at home\simpsons_dataset\chief_wiggum\pic_0082.jpg	chief_wiggum
Simpsons character classifier at home\simpsons_dataset\chief_wiggum\pic_0083.jpg	chief_wiggum
Simpsons character classifier at home\simpsons_dataset\chief_wiggum\pic_0084.jpg	chief_wiggum
Simpsons character classifier at home\simpsons_dataset\chief_wiggum\pic_0085.jpg	chief_wiggum
Simpsons character classifier at home\simpsons_dataset\chief_wiggum\pic_0086.jpg	chief_wiggum
Simpsons character classifier at home\simpsons_dataset\chief_wiggum\pic_0087.jpg	chief_wiggum
Simpsons character classifier at home\simpsons_dataset\chief_wiggum\pic_0088.jpg	chief_wiggum
Simpsons character classifier at home\simpsons_dataset\chief_wiggum\pic_0089.jpg	chief_wiggum
Simpsons character classifier at home\simpsons_dataset\chief_wiggum\pic_0090.jpg	chief_wiggum
Simpsons character classifier at home\simpsons_dataset\chief_wiggum\pic_0091.jpg	chief_wiggum
Simpsons character classifier at home\simpsons_dataset\chief_wiggum\pic_0092.jpg	chief_wiggum
Simpsons character classifier at home\simpsons_dataset\chief_wiggum\pic_0093.jpg	chief_wiggum
Simpsons character classifier at home\simpsons_dataset\chief_wiggum\pic_0094.jpg	chief_wiggum
Simpsons character classifier at home\simpsons_dataset\chief_wiggum\pic_0095.jpg	chief_wiggum
Simpsons character classifier at home\simpsons_dataset\chief_wiggum\pic_0096.jpg	chief_wiggum
Simpsons character classifier at home\simpsons_dataset\chief_wiggum\pic_0097.jpg	chief_wiggum
Simpsons character classifier at home\simpsons_dataset\chief_wiggum\pic_0098.jpg	chief_wiggum
Simpsons character classifier at home\simpsons_dataset\chief_wiggum\pic_0099.jpg	chief_wiggum
Simpsons character classifier at home\simpsons_dataset\chief_wiggum\pic_0100.jpg	chief_wiggum
Simpsons character classifier at home\simpsons_dataset\chief_wiggum\pic_0101.jpg	chief_wiggum
Simpsons character classifier at home\simpsons_dataset\chief_wiggum\pic_0102.jpg	chief_wiggum
Simpsons character classifier at home\simpsons_dataset\chief_wiggum\pic_0103.jpg	chief_wiggum
Simpsons character classifier at home\simpsons_dataset\chief_wiggum\pic_0104.jpg	chief_wiggum
Simpsons character classifier at home\simpsons_dataset\chief_wiggum\pic_0105.jpg	chief_wiggum
Simpsons character classifier at home\simpsons_dataset\chief_wiggum\pic_0106.jpg	chief_wiggum
Simpsons character classifier at home\simpsons_dataset\chief_wiggum\pic_0107.jpg	chief_wiggum
Simpsons character classifier at home\simpsons_dataset\chief_wiggum\pic_0108.jpg	chief_wiggum
Simpsons character classifier at home\simpsons_dataset\chief_wiggum\pic_0109.jpg	chief_wiggum
Simpsons character classifier at home\simpsons_dataset\chief_wiggum\pic_0110.jpg	chief_wiggum
Simpsons character classifier at home\simpsons_dataset\chief_wiggum\pic_0111.jpg	chief_wiggum
Simpsons character classifier at home\simpsons_dataset\chief_wiggum\pic_0112.jpg	chief_wiggum
Simpsons character classifier at home\simpsons_dataset\chief_wiggum\pic_0113.jpg	chief_wiggum
Simpsons character classifier at home\simpsons_dataset\chief_wiggum\pic_0114.jpg	chief_wiggum
Simpsons character classifier at home\simpsons_dataset\chief_wiggum\pic_0115.jpg	chief_wiggum
Simpsons character classifier at home\simpsons_dataset\chief_wiggum\pic_0116.jpg	chief_wiggum
Simpsons character classifier at home\simpsons_dataset\chief_wiggum\pic_0117.jpg	chief_wiggum
Simpsons character classifier at home\simpsons_dataset\chief_wiggum\pic_0118.jpg	chief_wiggum
Simpsons character classifier at home\simpsons_dataset\chief_wiggum\pic_0119.jpg	chief_wiggum
Simpsons character classifier at home\simpsons_dataset\chief_wiggum\pic_0120.jpg	chief_wiggum
Simpsons character classifier at home\simpsons_dataset\chief_wiggum\pic_0121.jpg	chief_wiggum
Simpsons character classifier at home\simpsons_dataset\chief_wiggum\pic_0122.jpg	chief_wiggum
Simpsons character classifier at home\simpsons_dataset\chief_wiggum\pic_0123.jpg	chief_wiggum
Simpsons character classifier at home\simpsons_dataset\chief_wiggum\pic_0124.jpg	chief_wiggum
Simpsons character classifier at home\simpsons_dataset\chief_wiggum\pic_0125.jpg	chief_wiggum
Simpsons character classifier at home\simpsons_dataset\chief_wiggum\pic_0126.jpg	chief_wiggum
Simpsons character classifier at home\simpsons_dataset\chief_wiggum\pic_0127.jpg	chief_wiggum
Simpsons character classifier at home\simpsons_dataset\chief_wiggum\pic_0128.jpg	chief_wiggum
Simpsons character classifier at home\simpsons_dataset\chief_wiggum\pic_0129.jpg	chief_wiggum
Simpsons character classifier at home\simpsons_dataset\chief_wiggum\pic_0130.jpg	chief_wiggum
Simpsons character classifier at home\simpsons_dataset\chief_wiggum\pic_0131.jpg	chief_wiggum
Simpsons character classifier at home\simpsons_dataset\chief_wiggum\pic_0132.jpg	chief_wiggum
Simpsons character classifier at home\simpsons_dataset\chief_wiggum\pic_0133.jpg	chief_wiggum
Simpsons character classifier at home\simpsons_dataset\chief_wiggum\pic_0134.jpg	chief_wiggum
Simpsons character classifier at home\simpsons_dataset\chief_wiggum\pic_0135.jpg	chief_wiggum
Simpsons character classifier at home\simpsons_dataset\chief_wiggum\pic_0136.jpg	chief_wiggum
Simpsons character classifier at home\simpsons_dataset\chief_wiggum\pic_0137.jpg	chief_wiggum
Simpsons character classifier at home\simpsons_dataset\chief_wiggum\pic_0138.jpg	chief_wiggum
Simpsons character classifier at home\simpsons_dataset\chief_wiggum\pic_0139.jpg	chief_wiggum
Simpsons character classifier at home\simpsons_dataset\chief_wiggum\pic_0140.jpg	chief_wiggum
Simpsons character classifier at home\simpsons_dataset\chief_wiggum\pic_0141.jpg	chief_wiggum
Simpsons character classifier at home\simpsons_dataset\chief_wiggum\pic_0142.jpg	chief_wiggum
Simpsons character classifier at home\simpsons_dataset\chief_wiggum\pic_0143.jpg	chief_wiggum
Simpsons character classifier at home\simpsons_dataset\chief_wiggum\pic_0144.jpg	chief_wiggum
Simpsons character classifier at home\simpsons_dataset\chief_wiggum\pic_0145.jpg	chief_wiggum
Simpsons character classifier at home\simpsons_dataset\chief_wiggum\pic_0146.jpg	chief_wiggum
Simpsons character classifier at home\simpsons_dataset\chief_wiggum\pic_0147.jpg	chief_wiggum
Simpsons character classifier at home\simpsons_dataset\chief_wiggum\pic_0148.jpg	chief_wiggum
Simpsons character classifier at home\simpsons_dataset\chief_wiggum\pic_0149.jpg	chief_wiggum
Simpsons character classifier at home\simpsons_dataset\chief_wiggum\pic_0150.jpg	chief_wiggum
Simpsons character classifier at home\simpsons_dataset\chief_wiggum\pic_0151.jpg	chief_wiggum
Simpsons character classifier at home\simpsons_dataset\chief_wiggum\pic_0152.jpg	chief_wiggum
Simpsons character classifier at home\simpsons_dataset\chief_wiggum\pic_0153.jpg	chief_wiggum
Simpsons character classifier at home\simpsons_dataset\chief_wiggum\pic_0154.jpg	chief_wiggum
Simpsons character classifier at home\simpsons_dataset\chief_wiggum\pic_0155.jpg	chief_wiggum
Simpsons character classifier at home\simpsons_dataset\chief_wiggum\pic_0156.jpg	chief_wiggum
Simpsons character classifier at home\simpsons_dataset\chief_wiggum\pic_0157.jpg	chief_wiggum
Simpsons character classifier at home\simpsons_dataset\chief_wiggum\pic_0158.jpg	chief_wiggum
Simpsons character classifier at home\simpsons_dataset\chief_wiggum\pic_0159.jpg	chief_wiggum
Simpsons character classifier at home\simpsons_dataset\chief_wiggum\pic_0160.jpg	chief_wiggum
Simpsons character classifier at home\simpsons_dataset\chief_wiggum\pic_0161.jpg	chief_wiggum
Simpsons character classifier at home\simpsons_dataset\chief_wiggum\pic_0162.jpg	chief_wiggum
Simpsons character classifier at home\simpsons_dataset\chief_wiggum\pic_0163.jpg	chief_wiggum
Simpsons character classifier at home\simpsons_dataset\chief_wiggum\pic_0164.jpg	chief_wiggum
Simpsons character classifier at home\simpsons_dataset\chief_wiggum\pic_0165.jpg	chief_wiggum
Simpsons character classifier at home\simpsons_dataset\chief_wiggum\pic_0166.jpg	chief_wiggum
Simpsons character classifier at home\simpsons_dataset\chief_wiggum\pic_0167.jpg	chief_wiggum
Simpsons character classifier at home\simpsons_dataset\chief_wiggum\pic_0168.jpg	chief_wiggum
Simpsons character classifier at home\simpsons_dataset\chief_wiggum\pic_0169.jpg	chief_wiggum
Simpsons character classifier at home\simpsons_dataset\chief_wiggum\pic_0170.jpg	chief_wiggum
Simpsons character classifier at home\simpsons_dataset\chief_wiggum\pic_0171.jpg	chief_wiggum
Simpsons character classifier at home\simpsons_dataset\chief_wiggum\pic_0172.jpg	chief_wiggum
Simpsons character classifier at home\simpsons_dataset\chief_wiggum\pic_0173.jpg	chief_wiggum
Simpsons character classifier at home\simpsons_dataset\chief_wiggum\pic_0174.jpg	chief_wiggum
Simpsons character classifier at home\simpsons_dataset\chief_wiggum\pic_0175.jpg	chief_wiggum
Simpsons character classifier at home\simpsons_dataset\chief_wiggum\pic_0176.jpg	chief_wiggum
Simpsons character classifier at home\simpsons_dataset\chief_wiggum\pic_0177.jpg	chief_wiggum
Simpsons character classifier at home\simpsons_dataset\chief_wiggum\pic_0178.jpg	chief_wiggum
Simpsons character classifier at home\simpsons_dataset\chief_wiggum\pic_0179.jpg	chief_wiggum
Simpsons character classifier at home\simpsons_dataset\chief_wiggum\pic_0180.jpg	chief_wiggum
Simpsons character classifier at home\simpsons_dataset\chief_wiggum\pic_0181.jpg	chief_wiggum
Simpsons character classifier at home\simpsons_dataset\chief_wiggum\pic_0182.jpg	chief_wiggum
Simpsons character classifier at home\simpsons_dataset\chief_wiggum\pic_0183.jpg	chief_wiggum
Simpsons character classifier at home\simpsons_dataset\chief_wiggum\pic_0184.jpg	chief_wiggum
Simpsons character classifier at home\simpsons_dataset\chief_wiggum\pic_0185.jpg	chief_wiggum
Simpsons character classifier at home\simpsons_dataset\chief_wiggum\pic_0186.jpg	chief_wiggum
Simpsons character classifier at home\simpsons_dataset\chief_wiggum\pic_0187.jpg	chief_wiggum
Simpsons character classifier at home\simpsons_dataset\chief_wiggum\pic_0188.jpg	chief_wiggum
Simpsons character classifier at home\simpsons_dataset\chief_wiggum\pic_0189.jpg	chief_wiggum
Simpsons character classifier at home\simpsons_dataset\chief_wiggum\pic_0190.jpg	chief_wiggum
Simpsons character classifier at home\simpsons_dataset\chief_wiggum\pic_0191.jpg	chief_wiggum
Simpsons character classifier at home\simpsons_dataset\chief_wiggum\pic_0192.jpg	chief_wiggum
Simpsons character classifier at home\simpsons_dataset\chief_wiggum\pic_0193.jpg	chief_wiggum
Simpsons character classifier at home\simpsons_dataset\chief_wiggum\pic_0194.jpg	chief_wiggum
Simpsons character classifier at home\simpsons_dataset\chief_wiggum\pic_0195.jpg	chief_wiggum
Simpsons character classifier at home\simpsons_dataset\chief_wiggum\pic_0196.jpg	chief_wiggum
Simpsons character classifier at home\simpsons_dataset\chief_wiggum\pic_0197.jpg	chief_wiggum
Simpsons character classifier at home\simpsons_dataset\chief_wiggum\pic_0198.jpg	chief_wiggum
Simpsons character classifier at home\simpsons_dataset\chief_wiggum\pic_0199.jpg	chief_wiggum
Simpsons character classifier at home\simpsons_dataset\chief_wiggum\pic_0200.jpg	chief_wiggum
Simpsons character classifier at home\simpsons_dataset\chief_wiggum\pic_0201.jpg	chief_wiggum
Simpsons character classifier at home\simpsons_dataset\chief_wiggum\pic_0202.jpg	chief_wiggum
Simpsons character classifier at home\simpsons_dataset\chief_wiggum\pic_0203.jpg	chief_wiggum
Simpsons character classifier at home\simpsons_dataset\chief_wiggum\pic_0204.jpg	chief_wiggum
Simpsons character classifier at home\simpsons_dataset\chief_wiggum\pic_0205.jpg	chief_wiggum
Simpsons character classifier at home\simpsons_dataset\chief_wiggum\pic_0206.jpg	chief_wiggum
Simpsons character classifier at home\simpsons_dataset\chief_wiggum\pic_0207.jpg	chief_wiggum
Simpsons character classifier at home\simpsons_dataset\chief_wiggum\pic_0208.jpg	chief_wiggum
Simpsons character classifier at home\simpsons_dataset\chief_wiggum\pic_0209.jpg	chief_wiggum
Simpsons character classifier at home\simpsons_dataset\chief_wiggum\pic_0210.jpg	chief_wiggum
Simpsons character classifier at home\simpsons_dataset\chief_wiggum\pic_0211.jpg	chief_wiggum
Simpsons character classifier at home\simpsons_dataset\chief_wiggum\pic_0212.jpg	chief_wiggum
Simpsons character classifier at home\simpsons_dataset\chief_wiggum\pic_0213.jpg	chief_wiggum
Simpsons character classifier at home\simpsons_dataset\chief_wiggum\pic_0214.jpg	chief_wiggum
Simpsons character classifier at home\simpsons_dataset\chief_wiggum\pic_0215.jpg	chief_wiggum
Simpsons character classifier at home\simpsons_dataset\chief_wiggum\pic_0216.jpg	chief_wiggum
Simpsons character classifier at home\simpsons_dataset\chief_wiggum\pic_0217.jpg	chief_wiggum
Simpsons character classifier at home\simpsons_dataset\chief_wiggum\pic_0218.jpg	chief_wiggum
Simpsons character classifier at home\simpsons_dataset\chief_wiggum\pic_0219.jpg	chief_wiggum
Simpsons character classifier at home\simpsons_dataset\chief_wiggum\pic_0220.jpg	chief_wiggum
Simpsons character classifier at home\simpsons_dataset\chief_wiggum\pic_0221.jpg	chief_wiggum
Simpsons character classifier at home\simpsons_dataset\chief_wiggum\pic_0222.jpg	chief_wiggum
Simpsons character classifier at home\simpsons_dataset\chief_wiggum\pic_0223.jpg	chief_wiggum
Simpsons character classifier at home\simpsons_dataset\chief_wiggum\pic_0224.jpg	chief_wiggum
Simpsons character classifier at home\simpsons_dataset\chief_wiggum\pic_0225.jpg	chief_wiggum
Simpsons character classifier at home\simpsons_dataset\chief_wiggum\pic_0226.jpg	chief_wiggum
Simpsons character classifier at home\simpsons_dataset\chief_wiggum\pic_0227.jpg	chief_wiggum
Simpsons character classifier at home\simpsons_dataset\chief_wiggum\pic_0228.jpg	chief_wiggum
Simpsons character classifier at home\simpsons_dataset\chief_wiggum\pic_0229.jpg	chief_wiggum
Simpsons character classifier at home\simpsons_dataset\chief_wiggum\pic_0230.jpg	chief_wiggum
Simpsons character classifier at home\simpsons_dataset\chief_wiggum\pic_0231.jpg	chief_wiggum
Simpsons character classifier at home\simpsons_dataset\chief_wiggum\pic_0232.jpg	chief_wiggum
Simpsons character classifier at home\simpsons_dataset\chief_wiggum\pic_0233.jpg	chief_wiggum
Simpsons character classifier at home\simpsons_dataset\chief_wiggum\pic_0234.jpg	chief_wiggum
Simpsons character classifier at home\simpsons_dataset\chief_wiggum\pic_0235.jpg	chief_wiggum
Simpsons character classifier at home\simpsons_dataset\chief_wiggum\pic_0236.jpg	chief_wiggum
Simpsons character classifier at home\simpsons_dataset\chief_wiggum\pic_0237.jpg	chief_wiggum
Simpsons character classifier at home\simpsons_dataset\chief_wiggum\pic_0238.jpg	chief_wiggum
Simpsons character classifier at home\simpsons_dataset\chief_wiggum\pic_0239.jpg	chief_wiggum
Simpsons character classifier at home\simpsons_dataset\chief_wiggum\pic_0240.jpg	chief_wiggum
Simpsons character classifier at home\simpsons_dataset\chief_wiggum\pic_0241.jpg	chief_wiggum
Simpsons character classifier at home\simpsons_dataset\chief_wiggum\pic_0242.jpg	chief_wiggum
Simpsons character classifier at home\simpsons_dataset\chief_wiggum\pic_0243.jpg	chief_wiggum
Simpsons character classifier at home\simpsons_dataset\chief_wiggum\pic_0244.jpg	chief_wiggum
Simpsons character classifier at home\simpsons_dataset\chief_wiggum\pic_0245.jpg	chief_wiggum
Simpsons character classifier at home\simpsons_dataset\chief_wiggum\pic_0246.jpg	chief_wiggum
Simpsons character classifier at home\simpsons_dataset\chief_wiggum\pic_0247.jpg	chief_wiggum
Simpsons character classifier at home\simpsons_dataset\chief_wiggum\pic_0248.jpg	chief_wiggum
Simpsons character classifier at home\simpsons_dataset\chief_wiggum\pic_0249.jpg	chief_wiggum
Simpsons character classifier at home\simpsons_dataset\chief_wiggum\pic_0250.jpg	chief_wiggum
Simpsons character classifier at home\simpsons_dataset\chief_wiggum\pic_0251.jpg	chief_wiggum
Simpsons character classifier at home\simpsons_dataset\chief_wiggum\pic_0252.jpg	chief_wiggum
Simpsons character classifier at home\simpsons_dataset\chief_wiggum\pic_0253.jpg	chief_wiggum
Simpsons character classifier at home\simpsons_dataset\chief_wiggum\pic_0254.jpg	chief_wiggum
Simpsons character classifier at home\simpsons_dataset\chief_wiggum\pic_0255.jpg	chief_wiggum
Simpsons character classifier at home\simpsons_dataset\chief_wiggum\pic_0256.jpg	chief_wiggum
Simpsons character classifier at home\simpsons_dataset\chief_wiggum\pic_0257.jpg	chief_wiggum
Simpsons character classifier at home\simpsons_dataset\chief_wiggum\pic_0258.jpg	chief_wiggum
Simpsons character classifier at home\simpsons_dataset\chief_wiggum\pic_0259.jpg	chief_wiggum
Simpsons character classifier at home\simpsons_dataset\chief_wiggum\pic_0260.jpg	chief_wiggum
Simpsons character classifier at home\simpsons_dataset\chief_wiggum\pic_0261.jpg	chief_wiggum
Simpsons character classifier at home\simpsons_dataset\chief_wiggum\pic_0262.jpg	chief_wiggum
Simpsons character classifier at home\simpsons_dataset\chief_wiggum\pic_0263.jpg	chief_wiggum
Simpsons character classifier at home\simpsons_dataset\chief_wiggum\pic_0264.jpg	chief_wiggum
Simpsons character classifier at home\simpsons_dataset\chief_wiggum\pic_0265.jpg	chief_wiggum
Simpsons character classifier at home\simpsons_dataset\chief_wiggum\pic_0266.jpg	chief_wiggum
Simpsons character classifier at home\simpsons_dataset\chief_wiggum\pic_0267.jpg	chief_wiggum
Simpsons character classifier at home\simpsons_dataset\chief_wiggum\pic_0268.jpg	chief_wiggum
Simpsons character classifier at home\simpsons_dataset\chief_wiggum\pic_0269.jpg	chief_wiggum
Simpsons character classifier at home\simpsons_dataset\chief_wiggum\pic_0270.jpg	chief_wiggum
Simpsons character classifier at home\simpsons_dataset\chief_wiggum\pic_0271.jpg	chief_wiggum
Simpsons character classifier at home\simpsons_dataset\chief_wiggum\pic_0272.jpg	chief_wiggum
Simpsons character classifier at home\simpsons_dataset\chief_wiggum\pic_0273.jpg	chief_wiggum
Simpsons character classifier at home\simpsons_dataset\chief_wiggum\pic_0274.jpg	chief_wiggum
Simpsons character classifier at home\simpsons_dataset\chief_wiggum\pic_0275.jpg	chief_wiggum
Simpsons character classifier at home\simpsons_dataset\chief_wiggum\pic_0276.jpg	chief_wiggum
Simpsons character classifier at home\simpsons_dataset\chief_wiggum\pic_0277.jpg	chief_wiggum
Simpsons character classifier at home\simpsons_dataset\chief_wiggum\pic_0278.jpg	chief_wiggum
Simpsons character classifier at home\simpsons_dataset\chief_wiggum\pic_0279.jpg	chief_wiggum
Simpsons character classifier at home\simpsons_dataset\chief_wiggum\pic_0280.jpg	chief_wiggum
Simpsons character classifier at home\simpsons_dataset\chief_wiggum\pic_0281.jpg	chief_wiggum
Simpsons character classifier at home\simpsons_dataset\chief_wiggum\pic_0282.jpg	chief_wiggum
Simpsons character classifier at home\simpsons_dataset\chief_wiggum\pic_0283.jpg	chief_wiggum
Simpsons character classifier at home\simpsons_dataset\chief_wiggum\pic_0284.jpg	chief_wiggum
Simpsons character classifier at home\simpsons_dataset\chief_wiggum\pic_0285.jpg	chief_wiggum
Simpsons character classifier at home\simpsons_dataset\chief_wiggum\pic_0286.jpg	chief_wiggum
Simpsons character classifier at home\simpsons_dataset\chief_wiggum\pic_0287.jpg	chief_wiggum
Simpsons character classifier at home\simpsons_dataset\chief_wiggum\pic_0288.jpg	chief_wiggum
Simpsons character classifier at home\simpsons_dataset\chief_wiggum\pic_0289.jpg	chief_wiggum
Simpsons character classifier at home\simpsons_dataset\chief_wiggum\pic_0290.jpg	chief_wiggum
Simpsons character classifier at home\simpsons_dataset\chief_wiggum\pic_0291.jpg	chief_wiggum
Simpsons character classifier at home\simpsons_dataset\chief_wiggum\pic_0292.jpg	chief_wiggum
Simpsons character classifier at home\simpsons_dataset\chief_wiggum\pic_0293.jpg	chief_wiggum
Simpsons character classifier at home\simpsons_dataset\chief_wiggum\pic_0294.jpg	chief_wiggum
Simpsons character classifier at home\simpsons_dataset\chief_wiggum\pic_0295.jpg	chief_wiggum
Simpsons character classifier at home\simpsons_dataset\chief_wiggum\pic_0296.jpg	chief_wiggum
Simpsons character classifier at home\simpsons_dataset\chief_wiggum\pic_0297.jpg	chief_wiggum
Simpsons character classifier at home\simpsons_dataset\chief_wiggum\pic_0298.jpg	chief_wiggum
Simpsons character classifier at home\simpsons_dataset\chief_wiggum\pic_0299.jpg	chief_wiggum
Simpsons character classifier at home\simpsons_dataset\chief_wiggum\pic_0300.jpg	chief_wiggum
Simpsons character classifier at home\simpsons_dataset\chief_wiggum\pic_0301.jpg	chief_wiggum
Simpsons character classifier at home\simpsons_dataset\chief_wiggum\pic_0302.jpg	chief_wiggum
Simpsons character classifier at home\simpsons_dataset\chief_wiggum\pic_0303.jpg	chief_wiggum
Simpsons character classifier at home\simpsons_dataset\chief_wiggum\pic_0304.jpg	chief_wiggum
Simpsons character classifier at home\simpsons_dataset\chief_wiggum\pic_0305.jpg	chief_wiggum
Simpsons character classifier at home\simpsons_dataset\chief_wiggum\pic_0306.jpg	chief_wiggum
Simpsons character classifier at home\simpsons_dataset\chief_wiggum\pic_0307.jpg	chief_wiggum
Simpsons character classifier at home\simpsons_dataset\chief_wiggum\pic_0308.jpg	chief_wiggum
Simpsons character classifier at home\simpsons_dataset\chief_wiggum\pic_0309.jpg	chief_wiggum
Simpsons character classifier at home\simpsons_dataset\chief_wiggum\pic_0310.jpg	chief_wiggum
Simpsons character classifier at home\simpsons_dataset\chief_wiggum\pic_0311.jpg	chief_wiggum
Simpsons character classifier at home\simpsons_dataset\chief_wiggum\pic_0312.jpg	chief_wiggum
Simpsons character classifier at home\simpsons_dataset\chief_wiggum\pic_0313.jpg	chief_wiggum
Simpsons character classifier at home\simpsons_dataset\chief_wiggum\pic_0314.jpg	chief_wiggum
Simpsons character classifier at home\simpsons_dataset\chief_wiggum\pic_0315.jpg	chief_wiggum
Simpsons character classifier at home\simpsons_dataset\chief_wiggum\pic_0316.jpg	chief_wiggum
Simpsons character classifier at home\simpsons_dataset\chief_wiggum\pic_0317.jpg	chief_wiggum
Simpsons character classifier at home\simpsons_dataset\chief_wiggum\pic_0318.jpg	chief_wiggum
Simpsons character classifier at home\simpsons_dataset\chief_wiggum\pic_0319.jpg	chief_wiggum
Simpsons character classifier at home\simpsons_dataset\chief_wiggum\pic_0320.jpg	chief_wiggum
Simpsons character classifier at home\simpsons_dataset\chief_wiggum\pic_0321.jpg	chief_wiggum
Simpsons character classifier at home\simpsons_dataset\chief_wiggum\pic_0322.jpg	chief_wiggum
Simpsons character classifier at home\simpsons_dataset\chief_wiggum\pic_0323.jpg	chief_wiggum
Simpsons character classifier at home\simpsons_dataset\chief_wiggum\pic_0324.jpg	chief_wiggum
Simpsons character classifier at home\simpsons_dataset\chief_wiggum\pic_0325.jpg	chief_wiggum
Simpsons character classifier at home\simpsons_dataset\chief_wiggum\pic_0326.jpg	chief_wiggum
Simpsons character classifier at home\simpsons_dataset\chief_wiggum\pic_0327.jpg	chief_wiggum
Simpsons character classifier at home\simpsons_dataset\chief_wiggum\pic_0328.jpg	chief_wiggum
Simpsons character classifier at home\simpsons_dataset\chief_wiggum\pic_0329.jpg	chief_wiggum
Simpsons character classifier at home\simpsons_dataset\chief_wiggum\pic_0330.jpg	chief_wiggum
Simpsons character classifier at home\simpsons_dataset\chief_wiggum\pic_0331.jpg	chief_wiggum
Simpsons character classifier at home\simpsons_dataset\chief_wiggum\pic_0332.jpg	chief_wiggum
Simpsons character classifier at home\simpsons_dataset\chief_wiggum\pic_0333.jpg	chief_wiggum
Simpsons character classifier at home\simpsons_dataset\chief_wiggum\pic_0334.jpg	chief_wiggum
Simpsons character classifier at home\simpsons_dataset\chief_wiggum\pic_0335.jpg	chief_wiggum
Simpsons character classifier at home\simpsons_dataset\chief_wiggum\pic_0336.jpg	chief_wiggum
Simpsons character classifier at home\simpsons_dataset\chief_wiggum\pic_0337.jpg	chief_wiggum
Simpsons character classifier at home\simpsons_dataset\chief_wiggum\pic_0338.jpg	chief_wiggum
Simpsons character classifier at home\simpsons_dataset\chief_wiggum\pic_0339.jpg	chief_wiggum
Simpsons character classifier at home\simpsons_dataset\chief_wiggum\pic_0340.jpg	chief_wiggum
Simpsons character classifier at home\simpsons_dataset\chief_wiggum\pic_0341.jpg	chief_wiggum
Simpsons character classifier at home\simpsons_dataset\chief_wiggum\pic_0342.jpg	chief_wiggum
Simpsons character classifier at home\simpsons_dataset\chief_wiggum\pic_0343.jpg	chief_wiggum
Simpsons character classifier at home\simpsons_dataset\chief_wiggum\pic_0344.jpg	chief_wiggum
Simpsons character classifier at home\simpsons_dataset\chief_wiggum\pic_0345.jpg	chief_wiggum
Simpsons character classifier at home\simpsons_dataset\chief_wiggum\pic_0346.jpg	chief_wiggum
Simpsons character classifier at home\simpsons_dataset\chief_wiggum\pic_0347.jpg	chief_wiggum
Simpsons character classifier at home\simpsons_dataset\chief_wiggum\pic_0348.jpg	chief_wiggum
Simpsons character classifier at home\simpsons_dataset\chief_wiggum\pic_0349.jpg	chief_wiggum
Simpsons character classifier at home\simpsons_dataset\chief_wiggum\pic_0350.jpg	chief_wiggum
Simpsons character classifier at home\simpsons_dataset\chief_wiggum\pic_0351.jpg	chief_wiggum
Simpsons character classifier at home\simpsons_dataset\chief_wiggum\pic_0352.jpg	chief_wiggum
Simpsons character classifier at home\simpsons_dataset\chief_wiggum\pic_0353.jpg	chief_wiggum
Simpsons character classifier at home\simpsons_dataset\chief_wiggum\pic_0354.jpg	chief_wiggum
Simpsons character classifier at home\simpsons_dataset\chief_wiggum\pic_0355.jpg	chief_wiggum
Simpsons character classifier at home\simpsons_dataset\chief_wiggum\pic_0356.jpg	chief_wiggum
Simpsons character classifier at home\simpsons_dataset\chief_wiggum\pic_0357.jpg	chief_wiggum
Simpsons character classifier at home\simpsons_dataset\chief_wiggum\pic_0358.jpg	chief_wiggum
Simpsons character classifier at home\simpsons_dataset\chief_wiggum\pic_0359.jpg	chief_wiggum
Simpsons character classifier at home\simpsons_dataset\chief_wiggum\pic_0360.jpg	chief_wiggum
Simpsons character classifier at home\simpsons_dataset\chief_wiggum\pic_0361.jpg	chief_wiggum
Simpsons character classifier at home\simpsons_dataset\chief_wiggum\pic_0362.jpg	chief_wiggum
Simpsons character classifier at home\simpsons_dataset\chief_wiggum\pic_0363.jpg	chief_wiggum
Simpsons character classifier at home\simpsons_dataset\chief_wiggum\pic_0364.jpg	chief_wiggum
Simpsons character classifier at home\simpsons_dataset\chief_wiggum\pic_0365.jpg	chief_wiggum
Simpsons character classifier at home\simpsons_dataset\chief_wiggum\pic_0366.jpg	chief_wiggum
Simpsons character classifier at home\simpsons_dataset\chief_wiggum\pic_0367.jpg	chief_wiggum
Simpsons character classifier at home\simpsons_dataset\chief_wiggum\pic_0368.jpg	chief_wiggum
Simpsons character classifier at home\simpsons_dataset\chief_wiggum\pic_0369.jpg	chief_wiggum
Simpsons character classifier at home\simpsons_dataset\chief_wiggum\pic_0370.jpg	chief_wiggum
Simpsons character classifier at home\simpsons_dataset\chief_wiggum\pic_0371.jpg	chief_wiggum
Simpsons character classifier at home\simpsons_dataset\chief_wiggum\pic_0372.jpg	chief_wiggum
Simpsons character classifier at home\simpsons_dataset\chief_wiggum\pic_0373.jpg	chief_wiggum
Simpsons character classifier at home\simpsons_dataset\chief_wiggum\pic_0374.jpg	chief_wiggum
Simpsons character classifier at home\simpsons_dataset\chief_wiggum\pic_0375.jpg	chief_wiggum
Simpsons character classifier at home\simpsons_dataset\chief_wiggum\pic_0376.jpg	chief_wiggum
Simpsons character classifier at home\simpsons_dataset\chief_wiggum\pic_0377.jpg	chief_wiggum
Simpsons character classifier at home\simpsons_dataset\chief_wiggum\pic_0378.jpg	chief_wiggum
Simpsons character classifier at home\simpsons_dataset\chief_wiggum\pic_0379.jpg	chief_wiggum
Simpsons character classifier at home\simpsons_dataset\chief_wiggum\pic_0380.jpg	chief_wiggum
Simpsons character classifier at home\simpsons_dataset\chief_wiggum\pic_0381.jpg	chief_wiggum
Simpsons character classifier at home\simpsons_dataset\chief_wiggum\pic_0382.jpg	chief_wiggum
Simpsons character classifier at home\simpsons_dataset\chief_wiggum\pic_0383.jpg	chief_wiggum
Simpsons character classifier at home\simpsons_dataset\chief_wiggum\pic_0384.jpg	chief_wiggum
Simpsons character classifier at home\simpsons_dataset\chief_wiggum\pic_0385.jpg	chief_wiggum
Simpsons character classifier at home\simpsons_dataset\chief_wiggum\pic_0386.jpg	chief_wiggum
Simpsons character classifier at home\simpsons_dataset\chief_wiggum\pic_0387.jpg	chief_wiggum
Simpsons character classifier at home\simpsons_dataset\chief_wiggum\pic_0388.jpg	chief_wiggum
Simpsons character classifier at home\simpsons_dataset\chief_wiggum\pic_0389.jpg	chief_wiggum
Simpsons character classifier at home\simpsons_dataset\chief_wiggum\pic_0390.jpg	chief_wiggum
Simpsons character classifier at home\simpsons_dataset\chief_wiggum\pic_0391.jpg	chief_wiggum
Simpsons character classifier at home\simpsons_dataset\chief_wiggum\pic_0392.jpg	chief_wiggum
Simpsons character classifier at home\simpsons_dataset\chief_wiggum\pic_0393.jpg	chief_wiggum
Simpsons character classifier at home\simpsons_dataset\chief_wiggum\pic_0394.jpg	chief_wiggum
Simpsons character classifier at home\simpsons_dataset\chief_wiggum\pic_0395.jpg	chief_wiggum
Simpsons character classifier at home\simpsons_dataset\chief_wiggum\pic_0396.jpg	chief_wiggum
Simpsons character classifier at home\simpsons_dataset\chief_wiggum\pic_0397.jpg	chief_wiggum
Simpsons character classifier at home\simpsons_dataset\chief_wiggum\pic_0398.jpg	chief_wiggum
Simpsons character classifier at home\simpsons_dataset\chief_wiggum\pic_0399.jpg	chief_wiggum
Simpsons character classifier at home\simpsons_dataset\chief_wiggum\pic_0400.jpg	chief_wiggum
Simpsons character classifier at home\simpsons_dataset\chief_wiggum\pic_0401.jpg	chief_wiggum
Simpsons character classifier at home\simpsons_dataset\chief_wiggum\pic_0402.jpg	chief_wiggum
Simpsons character classifier at home\simpsons_dataset\chief_wiggum\pic_0403.jpg	chief_wiggum
Simpsons character classifier at home\simpsons_dataset\chief_wiggum\pic_0404.jpg	chief_wiggum
Simpsons character classifier at home\simpsons_dataset\chief_wiggum\pic_0405.jpg	chief_wiggum
Simpsons character classifier at home\simpsons_dataset\chief_wiggum\pic_0406.jpg	chief_wiggum
Simpsons character classifier at home\simpsons_dataset\chief_wiggum\pic_0407.jpg	chief_wiggum
Simpsons character classifier at home\simpsons_dataset\chief_wiggum\pic_0408.jpg	chief_wiggum
Simpsons character classifier at home\simpsons_dataset\chief_wiggum\pic_0409.jpg	chief_wiggum
Simpsons character classifier at home\simpsons_dataset\chief_wiggum\pic_0410.jpg	chief_wiggum
Simpsons character classifier at home\simpsons_dataset\chief_wiggum\pic_0411.jpg	chief_wiggum
Simpsons character classifier at home\simpsons_dataset\chief_wiggum\pic_0412.jpg	chief_wiggum
Simpsons character classifier at home\simpsons_dataset\chief_wiggum\pic_0413.jpg	chief_wiggum
Simpsons character classifier at home\simpsons_dataset\chief_wiggum\pic_0414.jpg	chief_wiggum
Simpsons character classifier at home\simpsons_dataset\chief_wiggum\pic_0415.jpg	chief_wiggum
Simpsons character classifier at home\simpsons_dataset\chief_wiggum\pic_0416.jpg	chief_wiggum
Simpsons character classifier at home\simpsons_dataset\chief_wiggum\pic_0417.jpg	chief_wiggum
Simpsons character classifier at home\simpsons_dataset\chief_wiggum\pic_0418.jpg	chief_wiggum
Simpsons character classifier at home\simpsons_dataset\chief_wiggum\pic_0419.jpg	chief_wiggum
Simpsons character classifier at home\simpsons_dataset\chief_wiggum\pic_0420.jpg	chief_wiggum
Simpsons character classifier at home\simpsons_dataset\chief_wiggum\pic_0421.jpg	chief_wiggum
Simpsons character classifier at home\simpsons_dataset\chief_wiggum\pic_0422.jpg	chief_wiggum
Simpsons character classifier at home\simpsons_dataset\chief_wiggum\pic_0423.jpg	chief_wiggum
Simpsons character classifier at home\simpsons_dataset\chief_wiggum\pic_0424.jpg	chief_wiggum
Simpsons character classifier at home\simpsons_dataset\chief_wiggum\pic_0425.jpg	chief_wiggum
Simpsons character classifier at home\simpsons_dataset\chief_wiggum\pic_0426.jpg	chief_wiggum
Simpsons character classifier at home\simpsons_dataset\chief_wiggum\pic_0427.jpg	chief_wiggum
Simpsons character classifier at home\simpsons_dataset\chief_wiggum\pic_0428.jpg	chief_wiggum
Simpsons character classifier at home\simpsons_dataset\chief_wiggum\pic_0429.jpg	chief_wiggum
Simpsons character classifier at home\simpsons_dataset\chief_wiggum\pic_0430.jpg	chief_wiggum
Simpsons character classifier at home\simpsons_dataset\chief_wiggum\pic_0431.jpg	chief_wiggum
Simpsons character classifier at home\simpsons_dataset\chief_wiggum\pic_0432.jpg	chief_wiggum
Simpsons character classifier at home\simpsons_dataset\chief_wiggum\pic_0433.jpg	chief_wiggum
Simpsons character classifier at home\simpsons_dataset\chief_wiggum\pic_0434.jpg	chief_wiggum
Simpsons character classifier at home\simpsons_dataset\chief_wiggum\pic_0435.jpg	chief_wiggum
Simpsons character classifier at home\simpsons_dataset\chief_wiggum\pic_0436.jpg	chief_wiggum
Simpsons character classifier at home\simpsons_dataset\chief_wiggum\pic_0437.jpg	chief_wiggum
Simpsons character classifier at home\simpsons_dataset\chief_wiggum\pic_0438.jpg	chief_wiggum
Simpsons character classifier at home\simpsons_dataset\chief_wiggum\pic_0439.jpg	chief_wiggum
Simpsons character classifier at home\simpsons_dataset\chief_wiggum\pic_0440.jpg	chief_wiggum
Simpsons character classifier at home\simpsons_dataset\chief_wiggum\pic_0441.jpg	chief_wiggum
Simpsons character classifier at home\simpsons_dataset\chief_wiggum\pic_0442.jpg	chief_wiggum
Simpsons character classifier at home\simpsons_dataset\chief_wiggum\pic_0443.jpg	chief_wiggum
Simpsons character classifier at home\simpsons_dataset\chief_wiggum\pic_0444.jpg	chief_wiggum
Simpsons character classifier at home\simpsons_dataset\chief_wiggum\pic_0445.jpg	chief_wiggum
Simpsons character classifier at home\simpsons_dataset\chief_wiggum\pic_0446.jpg	chief_wiggum
Simpsons character classifier at home\simpsons_dataset\chief_wiggum\pic_0447.jpg	chief_wiggum
Simpsons character classifier at home\simpsons_dataset\chief_wiggum\pic_0448.jpg	chief_wiggum
Simpsons character classifier at home\simpsons_dataset\chief_wiggum\pic_0449.jpg	chief_wiggum
Simpsons character classifier at home\simpsons_dataset\chief_wiggum\pic_0450.jpg	chief_wiggum
Simpsons character classifier at home\simpsons_dataset\chief_wiggum\pic_0451.jpg	chief_wiggum
Simpsons character classifier at home\simpsons_dataset\chief_wiggum\pic_0452.jpg	chief_wiggum
Simpsons character classifier at home\simpsons_dataset\chief_wiggum\pic_0453.jpg	chief_wiggum
Simpsons character classifier at home\simpsons_dataset\chief_wiggum\pic_0454.jpg	chief_wiggum
Simpsons character classifier at home\simpsons_dataset\chief_wiggum\pic_0455.jpg	chief_wiggum
Simpsons character classifier at home\simpsons_dataset\chief_wiggum\pic_0456.jpg	chief_wiggum
Simpsons character classifier at home\simpsons_dataset\chief_wiggum\pic_0457.jpg	chief_wiggum
Simpsons character classifier at home\simpsons_dataset\chief_wiggum\pic_0458.jpg	chief_wiggum
Simpsons character classifier at home\simpsons_dataset\chief_wiggum\pic_0459.jpg	chief_wiggum
Simpsons character classifier at home\simpsons_dataset\chief_wiggum\pic_0460.jpg	chief_wiggum
Simpsons character classifier at home\simpsons_dataset\chief_wiggum\pic_0461.jpg	chief_wiggum
Simpsons character classifier at home\simpsons_dataset\chief_wiggum\pic_0462.jpg	chief_wiggum
Simpsons character classifier at home\simpsons_dataset\chief_wiggum\pic_0463.jpg	chief_wiggum
Simpsons character classifier at home\simpsons_dataset\chief_wiggum\pic_0464.jpg	chief_wiggum
Simpsons character classifier at home\simpsons_dataset\chief_wiggum\pic_0465.jpg	chief_wiggum
Simpsons character classifier at home\simpsons_dataset\chief_wiggum\pic_0466.jpg	chief_wiggum
Simpsons character classifier at home\simpsons_dataset\chief_wiggum\pic_0467.jpg	chief_wiggum
Simpsons character classifier at home\simpsons_dataset\chief_wiggum\pic_0468.jpg	chief_wiggum
Simpsons character classifier at home\simpsons_dataset\chief_wiggum\pic_0469.jpg	chief_wiggum
Simpsons character classifier at home\simpsons_dataset\chief_wiggum\pic_0470.jpg	chief_wiggum
Simpsons character classifier at home\simpsons_dataset\chief_wiggum\pic_0471.jpg	chief_wiggum
Simpsons character classifier at home\simpsons_dataset\chief_wiggum\pic_0472.jpg	chief_wiggum
Simpsons character classifier at home\simpsons_dataset\chief_wiggum\pic_0473.jpg	chief_wiggum
Simpsons character classifier at home\simpsons_dataset\chief_wiggum\pic_0474.jpg	chief_wiggum
Simpsons character classifier at home\simpsons_dataset\chief_wiggum\pic_0475.jpg	chief_wiggum
Simpsons character classifier at home\simpsons_dataset\chief_wiggum\pic_0476.jpg	chief_wiggum
Simpsons character classifier at home\simpsons_dataset\chief_wiggum\pic_0477.jpg	chief_wiggum
Simpsons character classifier at home\simpsons_dataset\chief_wiggum\pic_0478.jpg	chief_wiggum
Simpsons character classifier at home\simpsons_dataset\chief_wiggum\pic_0479.jpg	chief_wiggum
Simpsons character classifier at home\simpsons_dataset\chief_wiggum\pic_0480.jpg	chief_wiggum
Simpsons character classifier at home\simpsons_dataset\chief_wiggum\pic_0481.jpg	chief_wiggum
Simpsons character classifier at home\simpsons_dataset\chief_wiggum\pic_0482.jpg	chief_wiggum
Simpsons character classifier at home\simpsons_dataset\chief_wiggum\pic_0483.jpg	chief_wiggum
Simpsons character classifier at home\simpsons_dataset\chief_wiggum\pic_0484.jpg	chief_wiggum
Simpsons character classifier at home\simpsons_dataset\chief_wiggum\pic_0485.jpg	chief_wiggum
Simpsons character classifier at home\simpsons_dataset\chief_wiggum\pic_0486.jpg	chief_wiggum
Simpsons character classifier at home\simpsons_dataset\chief_wiggum\pic_0487.jpg	chief_wiggum
Simpsons character classifier at home\simpsons_dataset\chief_wiggum\pic_0488.jpg	chief_wiggum
Simpsons character classifier at home\simpsons_dataset\chief_wiggum\pic_0489.jpg	chief_wiggum
Simpsons character classifier at home\simpsons_dataset\chief_wiggum\pic_0490.jpg	chief_wiggum
Simpsons character classifier at home\simpsons_dataset\chief_wiggum\pic_0491.jpg	chief_wiggum
Simpsons character classifier at home\simpsons_dataset\chief_wiggum\pic_0492.jpg	chief_wiggum
Simpsons character classifier at home\simpsons_dataset\chief_wiggum\pic_0493.jpg	chief_wiggum
Simpsons character classifier at home\simpsons_dataset\chief_wiggum\pic_0494.jpg	chief_wiggum
Simpsons character classifier at home\simpsons_dataset\chief_wiggum\pic_0495.jpg	chief_wiggum
Simpsons character classifier at home\simpsons_dataset\chief_wiggum\pic_0496.jpg	chief_wiggum
Simpsons character classifier at home\simpsons_dataset\chief_wiggum\pic_0497.jpg	chief_wiggum
Simpsons character classifier at home\simpsons_dataset\chief_wiggum\pic_0498.jpg	chief_wiggum
Simpsons character classifier at home\simpsons_dataset\chief_wiggum\pic_0499.jpg	chief_wiggum
Simpsons character classifier at home\simpsons_dataset\chief_wiggum\pic_0500.jpg	chief_wiggum
Simpsons character classifier at home\simpsons_dataset\chief_wiggum\pic_0501.jpg	chief_wiggum
Simpsons character classifier at home\simpsons_dataset\chief_wiggum\pic_0502.jpg	chief_wiggum
Simpsons character classifier at home\simpsons_dataset\chief_wiggum\pic_0503.jpg	chief_wiggum
Simpsons character classifier at home\simpsons_dataset\chief_wiggum\pic_0504.jpg	chief_wiggum
Simpsons character classifier at home\simpsons_dataset\chief_wiggum\pic_0505.jpg	chief_wiggum
Simpsons character classifier at home\simpsons_dataset\chief_wiggum\pic_0506.jpg	chief_wiggum
Simpsons character classifier at home\simpsons_dataset\chief_wiggum\pic_0507.jpg	chief_wiggum
Simpsons character classifier at home\simpsons_dataset\chief_wiggum\pic_0508.jpg	chief_wiggum
Simpsons character classifier at home\simpsons_dataset\chief_wiggum\pic_0509.jpg	chief_wiggum
Simpsons character classifier at home\simpsons_dataset\chief_wiggum\pic_0510.jpg	chief_wiggum
Simpsons character classifier at home\simpsons_dataset\chief_wiggum\pic_0511.jpg	chief_wiggum
Simpsons character classifier at home\simpsons_dataset\chief_wiggum\pic_0512.jpg	chief_wiggum
Simpsons character classifier at home\simpsons_dataset\chief_wiggum\pic_0513.jpg	chief_wiggum
Simpsons character classifier at home\simpsons_dataset\chief_wiggum\pic_0514.jpg	chief_wiggum
Simpsons character classifier at home\simpsons_dataset\chief_wiggum\pic_0515.jpg	chief_wiggum
Simpsons character classifier at home\simpsons_dataset\chief_wiggum\pic_0516.jpg	chief_wiggum
Simpsons character classifier at home\simpsons_dataset\chief_wiggum\pic_0517.jpg	chief_wiggum
Simpsons character classifier at home\simpsons_dataset\chief_wiggum\pic_0518.jpg	chief_wiggum
Simpsons character classifier at home\simpsons_dataset\chief_wiggum\pic_0519.jpg	chief_wiggum
Simpsons character classifier at home\simpsons_dataset\chief_wiggum\pic_0520.jpg	chief_wiggum
Simpsons character classifier at home\simpsons_dataset\chief_wiggum\pic_0521.jpg	chief_wiggum
Simpsons character classifier at home\simpsons_dataset\chief_wiggum\pic_0522.jpg	chief_wiggum
Simpsons character classifier at home\simpsons_dataset\chief_wiggum\pic_0523.jpg	chief_wiggum
Simpsons character classifier at home\simpsons_dataset\chief_wiggum\pic_0524.jpg	chief_wiggum
Simpsons character classifier at home\simpsons_dataset\chief_wiggum\pic_0525.jpg	chief_wiggum
Simpsons character classifier at home\simpsons_dataset\chief_wiggum\pic_0526.jpg	chief_wiggum
Simpsons character classifier at home\simpsons_dataset\chief_wiggum\pic_0527.jpg	chief_wiggum
Simpsons character classifier at home\simpsons_dataset\chief_wiggum\pic_0528.jpg	chief_wiggum
Simpsons character classifier at home\simpsons_dataset\chief_wiggum\pic_0529.jpg	chief_wiggum
Simpsons character classifier at home\simpsons_dataset\chief_wiggum\pic_0530.jpg	chief_wiggum
Simpsons character classifier at home\simpsons_dataset\chief_wiggum\pic_0531.jpg	chief_wiggum
Simpsons character classifier at home\simpsons_dataset\chief_wiggum\pic_0532.jpg	chief_wiggum
Simpsons character classifier at home\simpsons_dataset\chief_wiggum\pic_0533.jpg	chief_wiggum
Simpsons character classifier at home\simpsons_dataset\chief_wiggum\pic_0534.jpg	chief_wiggum
Simpsons character classifier at home\simpsons_dataset\chief_wiggum\pic_0535.jpg	chief_wiggum
Simpsons character classifier at home\simpsons_dataset\chief_wiggum\pic_0536.jpg	chief_wiggum
Simpsons character classifier at home\simpsons_dataset\chief_wiggum\pic_0537.jpg	chief_wiggum
Simpsons character classifier at home\simpsons_dataset\chief_wiggum\pic_0538.jpg	chief_wiggum
Simpsons character classifier at home\simpsons_dataset\chief_wiggum\pic_0539.jpg	chief_wiggum
Simpsons character classifier at home\simpsons_dataset\chief_wiggum\pic_0540.jpg	chief_wiggum
Simpsons character classifier at home\simpsons_dataset\chief_wiggum\pic_0541.jpg	chief_wiggum
Simpsons character classifier at home\simpsons_dataset\chief_wiggum\pic_0542.jpg	chief_wiggum
Simpsons character classifier at home\simpsons_dataset\chief_wiggum\pic_0543.jpg	chief_wiggum
Simpsons character classifier at home\simpsons_dataset\chief_wiggum\pic_0544.jpg	chief_wiggum
Simpsons character classifier at home\simpsons_dataset\chief_wiggum\pic_0545.jpg	chief_wiggum
Simpsons character classifier at home\simpsons_dataset\chief_wiggum\pic_0546.jpg	chief_wiggum
Simpsons character classifier at home\simpsons_dataset\chief_wiggum\pic_0547.jpg	chief_wiggum
Simpsons character classifier at home\simpsons_dataset\chief_wiggum\pic_0548.jpg	chief_wiggum
Simpsons character classifier at home\simpsons_dataset\chief_wiggum\pic_0549.jpg	chief_wiggum
Simpsons character classifier at home\simpsons_dataset\chief_wiggum\pic_0550.jpg	chief_wiggum
Simpsons character classifier at home\simpsons_dataset\chief_wiggum\pic_0551.jpg	chief_wiggum
Simpsons character classifier at home\simpsons_dataset\chief_wiggum\pic_0552.jpg	chief_wiggum
Simpsons character classifier at home\simpsons_dataset\chief_wiggum\pic_0553.jpg	chief_wiggum
Simpsons character classifier at home\simpsons_dataset\chief_wiggum\pic_0554.jpg	chief_wiggum
Simpsons character classifier at home\simpsons_dataset\chief_wiggum\pic_0555.jpg	chief_wiggum
Simpsons character classifier at home\simpsons_dataset\chief_wiggum\pic_0556.jpg	chief_wiggum
Simpsons character classifier at home\simpsons_dataset\chief_wiggum\pic_0557.jpg	chief_wiggum
Simpsons character classifier at home\simpsons_dataset\chief_wiggum\pic_0558.jpg	chief_wiggum
Simpsons character classifier at home\simpsons_dataset\chief_wiggum\pic_0559.jpg	chief_wiggum
Simpsons character classifier at home\simpsons_dataset\chief_wiggum\pic_0560.jpg	chief_wiggum
Simpsons character classifier at home\simpsons_dataset\chief_wiggum\pic_0561.jpg	chief_wiggum
Simpsons character classifier at home\simpsons_dataset\chief_wiggum\pic_0562.jpg	chief_wiggum
Simpsons character classifier at home\simpsons_dataset\chief_wiggum\pic_0563.jpg	chief_wiggum
Simpsons character classifier at home\simpsons_dataset\chief_wiggum\pic_0564.jpg	chief_wiggum
Simpsons character classifier at home\simpsons_dataset\chief_wiggum\pic_0565.jpg	chief_wiggum
Simpsons character classifier at home\simpsons_dataset\chief_wiggum\pic_0566.jpg	chief_wiggum
Simpsons character classifier at home\simpsons_dataset\chief_wiggum\pic_0567.jpg	chief_wiggum
Simpsons character classifier at home\simpsons_dataset\chief_wiggum\pic_0568.jpg	chief_wiggum
Simpsons character classifier at home\simpsons_dataset\chief_wiggum\pic_0569.jpg	chief_wiggum
Simpsons character classifier at home\simpsons_dataset\chief_wiggum\pic_0570.jpg	chief_wiggum
Simpsons character classifier at home\simpsons_dataset\chief_wiggum\pic_0571.jpg	chief_wiggum
Simpsons character classifier at home\simpsons_dataset\chief_wiggum\pic_0572.jpg	chief_wiggum
Simpsons character classifier at home\simpsons_dataset\chief_wiggum\pic_0573.jpg	chief_wiggum
Simpsons character classifier at home\simpsons_dataset\chief_wiggum\pic_0574.jpg	chief_wiggum
Simpsons character classifier at home\simpsons_dataset\chief_wiggum\pic_0575.jpg	chief_wiggum
Simpsons character classifier at home\simpsons_dataset\chief_wiggum\pic_0576.jpg	chief_wiggum
Simpsons character classifier at home\simpsons_dataset\chief_wiggum\pic_0577.jpg	chief_wiggum
Simpsons character classifier at home\simpsons_dataset\chief_wiggum\pic_0578.jpg	chief_wiggum
Simpsons character classifier at home\simpsons_dataset\chief_wiggum\pic_0579.jpg	chief_wiggum
Simpsons character classifier at home\simpsons_dataset\chief_wiggum\pic_0580.jpg	chief_wiggum
Simpsons character classifier at home\simpsons_dataset\chief_wiggum\pic_0581.jpg	chief_wiggum
Simpsons character classifier at home\simpsons_dataset\chief_wiggum\pic_0582.jpg	chief_wiggum
Simpsons character classifier at home\simpsons_dataset\chief_wiggum\pic_0583.jpg	chief_wiggum
Simpsons character classifier at home\simpsons_dataset\chief_wiggum\pic_0584.jpg	chief_wiggum
Simpsons character classifier at home\simpsons_dataset\chief_wiggum\pic_0585.jpg	chief_wiggum
Simpsons character classifier at home\simpsons_dataset\chief_wiggum\pic_0586.jpg	chief_wiggum
Simpsons character classifier at home\simpsons_dataset\chief_wiggum\pic_0587.jpg	chief_wiggum
Simpsons character classifier at home\simpsons_dataset\chief_wiggum\pic_0588.jpg	chief_wiggum
Simpsons character classifier at home\simpsons_dataset\chief_wiggum\pic_0589.jpg	chief_wiggum
Simpsons character classifier at home\simpsons_dataset\chief_wiggum\pic_0590.jpg	chief_wiggum
Simpsons character classifier at home\simpsons_dataset\chief_wiggum\pic_0591.jpg	chief_wiggum
Simpsons character classifier at home\simpsons_dataset\chief_wiggum\pic_0592.jpg	chief_wiggum
Simpsons character classifier at home\simpsons_dataset\chief_wiggum\pic_0593.jpg	chief_wiggum
Simpsons character classifier at home\simpsons_dataset\chief_wiggum\pic_0594.jpg	chief_wiggum
Simpsons character classifier at home\simpsons_dataset\chief_wiggum\pic_0595.jpg	chief_wiggum
Simpsons character classifier at home\simpsons_dataset\chief_wiggum\pic_0596.jpg	chief_wiggum
Simpsons character classifier at home\simpsons_dataset\chief_wiggum\pic_0597.jpg	chief_wiggum
Simpsons character classifier at home\simpsons_dataset\chief_wiggum\pic_0598.jpg	chief_wiggum
Simpsons character classifier at home\simpsons_dataset\chief_wiggum\pic_0599.jpg	chief_wiggum
Simpsons character classifier at home\simpsons_dataset\chief_wiggum\pic_0600.jpg	chief_wiggum
Simpsons character classifier at home\simpsons_dataset\chief_wiggum\pic_0601.jpg	chief_wiggum
Simpsons character classifier at home\simpsons_dataset\chief_wiggum\pic_0602.jpg	chief_wiggum
Simpsons character classifier at home\simpsons_dataset\chief_wiggum\pic_0603.jpg	chief_wiggum
Simpsons character classifier at home\simpsons_dataset\chief_wiggum\pic_0604.jpg	chief_wiggum
Simpsons character classifier at home\simpsons_dataset\chief_wiggum\pic_0605.jpg	chief_wiggum
Simpsons character classifier at home\simpsons_dataset\chief_wiggum\pic_0606.jpg	chief_wiggum
Simpsons character classifier at home\simpsons_dataset\chief_wiggum\pic_0607.jpg	chief_wiggum
Simpsons character classifier at home\simpsons_dataset\chief_wiggum\pic_0608.jpg	chief_wiggum
Simpsons character classifier at home\simpsons_dataset\chief_wiggum\pic_0609.jpg	chief_wiggum
Simpsons character classifier at home\simpsons_dataset\chief_wiggum\pic_0610.jpg	chief_wiggum
Simpsons character classifier at home\simpsons_dataset\chief_wiggum\pic_0611.jpg	chief_wiggum
Simpsons character classifier at home\simpsons_dataset\chief_wiggum\pic_0612.jpg	chief_wiggum
Simpsons character classifier at home\simpsons_dataset\chief_wiggum\pic_0613.jpg	chief_wiggum
Simpsons character classifier at home\simpsons_dataset\chief_wiggum\pic_0614.jpg	chief_wiggum
Simpsons character classifier at home\simpsons_dataset\chief_wiggum\pic_0615.jpg	chief_wiggum
Simpsons character classifier at home\simpsons_dataset\chief_wiggum\pic_0616.jpg	chief_wiggum
Simpsons character classifier at home\simpsons_dataset\chief_wiggum\pic_0617.jpg	chief_wiggum
Simpsons character classifier at home\simpsons_dataset\chief_wiggum\pic_0618.jpg	chief_wiggum
Simpsons character classifier at home\simpsons_dataset\chief_wiggum\pic_0619.jpg	chief_wiggum
Simpsons character classifier at home\simpsons_dataset\chief_wiggum\pic_0620.jpg	chief_wiggum
Simpsons character classifier at home\simpsons_dataset\chief_wiggum\pic_0621.jpg	chief_wiggum
Simpsons character classifier at home\simpsons_dataset\chief_wiggum\pic_0622.jpg	chief_wiggum
Simpsons character classifier at home\simpsons_dataset\chief_wiggum\pic_0623.jpg	chief_wiggum
Simpsons character classifier at home\simpsons_dataset\chief_wiggum\pic_0624.jpg	chief_wiggum
Simpsons character classifier at home\simpsons_dataset\chief_wiggum\pic_0625.jpg	chief_wiggum
Simpsons character classifier at home\simpsons_dataset\chief_wiggum\pic_0626.jpg	chief_wiggum
Simpsons character classifier at home\simpsons_dataset\chief_wiggum\pic_0627.jpg	chief_wiggum
Simpsons character classifier at home\simpsons_dataset\chief_wiggum\pic_0628.jpg	chief_wiggum
Simpsons character classifier at home\simpsons_dataset\chief_wiggum\pic_0629.jpg	chief_wiggum
Simpsons character classifier at home\simpsons_dataset\chief_wiggum\pic_0630.jpg	chief_wiggum
Simpsons character classifier at home\simpsons_dataset\chief_wiggum\pic_0631.jpg	chief_wiggum
Simpsons character classifier at home\simpsons_dataset\chief_wiggum\pic_0632.jpg	chief_wiggum
Simpsons character classifier at home\simpsons_dataset\chief_wiggum\pic_0633.jpg	chief_wiggum
Simpsons character classifier at home\simpsons_dataset\chief_wiggum\pic_0634.jpg	chief_wiggum
Simpsons character classifier at home\simpsons_dataset\chief_wiggum\pic_0635.jpg	chief_wiggum
Simpsons character classifier at home\simpsons_dataset\chief_wiggum\pic_0636.jpg	chief_wiggum
Simpsons character classifier at home\simpsons_dataset\chief_wiggum\pic_0637.jpg	chief_wiggum
Simpsons character classifier at home\simpsons_dataset\chief_wiggum\pic_0638.jpg	chief_wiggum
Simpsons character classifier at home\simpsons_dataset\chief_wiggum\pic_0639.jpg	chief_wiggum
Simpsons character classifier at home\simpsons_dataset\chief_wiggum\pic_0640.jpg	chief_wiggum
Simpsons character classifier at home\simpsons_dataset\chief_wiggum\pic_0641.jpg	chief_wiggum
Simpsons character classifier at home\simpsons_dataset\chief_wiggum\pic_0642.jpg	chief_wiggum
Simpsons character classifier at home\simpsons_dataset\chief_wiggum\pic_0643.jpg	chief_wiggum
Simpsons character classifier at home\simpsons_dataset\chief_wiggum\pic_0644.jpg	chief_wiggum
Simpsons character classifier at home\simpsons_dataset\chief_wiggum\pic_0645.jpg	chief_wiggum
Simpsons character classifier at home\simpsons_dataset\chief_wiggum\pic_0646.jpg	chief_wiggum
Simpsons character classifier at home\simpsons_dataset\chief_wiggum\pic_0647.jpg	chief_wiggum
Simpsons character classifier at home\simpsons_dataset\chief_wiggum\pic_0648.jpg	chief_wiggum
Simpsons character classifier at home\simpsons_dataset\chief_wiggum\pic_0649.jpg	chief_wiggum
Simpsons character classifier at home\simpsons_dataset\chief_wiggum\pic_0650.jpg	chief_wiggum
Simpsons character classifier at home\simpsons_dataset\chief_wiggum\pic_0651.jpg	chief_wiggum
Simpsons character classifier at home\simpsons_dataset\chief_wiggum\pic_0652.jpg	chief_wiggum
Simpsons character classifier at home\simpsons_dataset\chief_wiggum\pic_0653.jpg	chief_wiggum
Simpsons character classifier at home\simpsons_dataset\chief_wiggum\pic_0654.jpg	chief_wiggum
Simpsons character classifier at home\simpsons_dataset\chief_wiggum\pic_0655.jpg	chief_wiggum
Simpsons character classifier at home\simpsons_dataset\chief_wiggum\pic_0656.jpg	chief_wiggum
Simpsons character classifier at home\simpsons_dataset\chief_wiggum\pic_0657.jpg	chief_wiggum
Simpsons character classifier at home\simpsons_dataset\chief_wiggum\pic_0658.jpg	chief_wiggum
Simpsons character classifier at home\simpsons_dataset\chief_wiggum\pic_0659.jpg	chief_wiggum
Simpsons character classifier at home\simpsons_dataset\chief_wiggum\pic_0660.jpg	chief_wiggum
Simpsons character classifier at home\simpsons_dataset\chief_wiggum\pic_0661.jpg	chief_wiggum
Simpsons character classifier at home\simpsons_dataset\chief_wiggum\pic_0662.jpg	chief_wiggum
Simpsons character classifier at home\simpsons_dataset\chief_wiggum\pic_0663.jpg	chief_wiggum
Simpsons character classifier at home\simpsons_dataset\chief_wiggum\pic_0664.jpg	chief_wiggum
Simpsons character classifier at home\simpsons_dataset\chief_wiggum\pic_0665.jpg	chief_wiggum
Simpsons character classifier at home\simpsons_dataset\chief_wiggum\pic_0666.jpg	chief_wiggum
Simpsons character classifier at home\simpsons_dataset\chief_wiggum\pic_0667.jpg	chief_wiggum
Simpsons character classifier at home\simpsons_dataset\chief_wiggum\pic_0668.jpg	chief_wiggum
Simpsons character classifier at home\simpsons_dataset\chief_wiggum\pic_0669.jpg	chief_wiggum
Simpsons character classifier at home\simpsons_dataset\chief_wiggum\pic_0670.jpg	chief_wiggum
Simpsons character classifier at home\simpsons_dataset\chief_wiggum\pic_0671.jpg	chief_wiggum
Simpsons character classifier at home\simpsons_dataset\chief_wiggum\pic_0672.jpg	chief_wiggum
Simpsons character classifier at home\simpsons_dataset\chief_wiggum\pic_0673.jpg	chief_wiggum
Simpsons character classifier at home\simpsons_dataset\chief_wiggum\pic_0674.jpg	chief_wiggum
Simpsons character classifier at home\simpsons_dataset\chief_wiggum\pic_0675.jpg	chief_wiggum
Simpsons character classifier at home\simpsons_dataset\chief_wiggum\pic_0676.jpg	chief_wiggum
Simpsons character classifier at home\simpsons_dataset\chief_wiggum\pic_0677.jpg	chief_wiggum
Simpsons character classifier at home\simpsons_dataset\chief_wiggum\pic_0678.jpg	chief_wiggum
Simpsons character classifier at home\simpsons_dataset\chief_wiggum\pic_0679.jpg	chief_wiggum
Simpsons character classifier at home\simpsons_dataset\chief_wiggum\pic_0680.jpg	chief_wiggum
Simpsons character classifier at home\simpsons_dataset\chief_wiggum\pic_0681.jpg	chief_wiggum
Simpsons character classifier at home\simpsons_dataset\chief_wiggum\pic_0682.jpg	chief_wiggum
Simpsons character classifier at home\simpsons_dataset\chief_wiggum\pic_0683.jpg	chief_wiggum
Simpsons character classifier at home\simpsons_dataset\chief_wiggum\pic_0684.jpg	chief_wiggum
Simpsons character classifier at home\simpsons_dataset\chief_wiggum\pic_0685.jpg	chief_wiggum
Simpsons character classifier at home\simpsons_dataset\chief_wiggum\pic_0686.jpg	chief_wiggum
Simpsons character classifier at home\simpsons_dataset\chief_wiggum\pic_0687.jpg	chief_wiggum
Simpsons character classifier at home\simpsons_dataset\chief_wiggum\pic_0688.jpg	chief_wiggum
Simpsons character classifier at home\simpsons_dataset\chief_wiggum\pic_0689.jpg	chief_wiggum
Simpsons character classifier at home\simpsons_dataset\chief_wiggum\pic_0690.jpg	chief_wiggum
Simpsons character classifier at home\simpsons_dataset\chief_wiggum\pic_0691.jpg	chief_wiggum
Simpsons character classifier at home\simpsons_dataset\chief_wiggum\pic_0692.jpg	chief_wiggum
Simpsons character classifier at home\simpsons_dataset\chief_wiggum\pic_0693.jpg	chief_wiggum
Simpsons character classifier at home\simpsons_dataset\chief_wiggum\pic_0694.jpg	chief_wiggum
Simpsons character classifier at home\simpsons_dataset\chief_wiggum\pic_0695.jpg	chief_wiggum
Simpsons character classifier at home\simpsons_dataset\chief_wiggum\pic_0696.jpg	chief_wiggum
Simpsons character classifier at home\simpsons_dataset\chief_wiggum\pic_0697.jpg	chief_wiggum
Simpsons character classifier at home\simpsons_dataset\chief_wiggum\pic_0698.jpg	chief_wiggum
Simpsons character classifier at home\simpsons_dataset\chief_wiggum\pic_0699.jpg	chief_wiggum
Simpsons character classifier at home\simpsons_dataset\chief_wiggum\pic_0700.jpg	chief_wiggum
Simpsons character classifier at home\simpsons_dataset\chief_wiggum\pic_0701.jpg	chief_wiggum
Simpsons character classifier at home\simpsons_dataset\chief_wiggum\pic_0702.jpg	chief_wiggum
Simpsons character classifier at home\simpsons_dataset\chief_wiggum\pic_0703.jpg	chief_wiggum
Simpsons character classifier at home\simpsons_dataset\chief_wiggum\pic_0704.jpg	chief_wiggum
Simpsons character classifier at home\simpsons_dataset\chief_wiggum\pic_0705.jpg	chief_wiggum
Simpsons character classifier at home\simpsons_dataset\chief_wiggum\pic_0706.jpg	chief_wiggum
Simpsons character classifier at home\simpsons_dataset\chief_wiggum\pic_0707.jpg	chief_wiggum
Simpsons character classifier at home\simpsons_dataset\chief_wiggum\pic_0708.jpg	chief_wiggum
Simpsons character classifier at home\simpsons_dataset\chief_wiggum\pic_0709.jpg	chief_wiggum
Simpsons character classifier at home\simpsons_dataset\chief_wiggum\pic_0710.jpg	chief_wiggum
Simpsons character classifier at home\simpsons_dataset\chief_wiggum\pic_0711.jpg	chief_wiggum
Simpsons character classifier at home\simpsons_dataset\chief_wiggum\pic_0712.jpg	chief_wiggum
Simpsons character classifier at home\simpsons_dataset\chief_wiggum\pic_0713.jpg	chief_wiggum
Simpsons character classifier at home\simpsons_dataset\chief_wiggum\pic_0714.jpg	chief_wiggum
Simpsons character classifier at home\simpsons_dataset\chief_wiggum\pic_0715.jpg	chief_wiggum
Simpsons character classifier at home\simpsons_dataset\chief_wiggum\pic_0716.jpg	chief_wiggum
Simpsons character classifier at home\simpsons_dataset\chief_wiggum\pic_0717.jpg	chief_wiggum
Simpsons character classifier at home\simpsons_dataset\chief_wiggum\pic_0718.jpg	chief_wiggum
Simpsons character classifier at home\simpsons_dataset\chief_wiggum\pic_0719.jpg	chief_wiggum
Simpsons character classifier at home\simpsons_dataset\chief_wiggum\pic_0720.jpg	chief_wiggum
Simpsons character classifier at home\simpsons_dataset\chief_wiggum\pic_0721.jpg	chief_wiggum
Simpsons character classifier at home\simpsons_dataset\chief_wiggum\pic_0722.jpg	chief_wiggum
Simpsons character classifier at home\simpsons_dataset\chief_wiggum\pic_0723.jpg	chief_wiggum
Simpsons character classifier at home\simpsons_dataset\chief_wiggum\pic_0724.jpg	chief_wiggum
Simpsons character classifier at home\simpsons_dataset\chief_wiggum\pic_0725.jpg	chief_wiggum
Simpsons character classifier at home\simpsons_dataset\chief_wiggum\pic_0726.jpg	chief_wiggum
Simpsons character classifier at home\simpsons_dataset\chief_wiggum\pic_0727.jpg	chief_wiggum
Simpsons character classifier at home\simpsons_dataset\chief_wiggum\pic_0728.jpg	chief_wiggum
Simpsons character classifier at home\simpsons_dataset\chief_wiggum\pic_0729.jpg	chief_wiggum
Simpsons character classifier at home\simpsons_dataset\chief_wiggum\pic_0730.jpg	chief_wiggum
Simpsons character classifier at home\simpsons_dataset\chief_wiggum\pic_0731.jpg	chief_wiggum
Simpsons character classifier at home\simpsons_dataset\chief_wiggum\pic_0732.jpg	chief_wiggum
Simpsons character classifier at home\simpsons_dataset\chief_wiggum\pic_0733.jpg	chief_wiggum
Simpsons character classifier at home\simpsons_dataset\chief_wiggum\pic_0734.jpg	chief_wiggum
Simpsons character classifier at home\simpsons_dataset\chief_wiggum\pic_0735.jpg	chief_wiggum
Simpsons character classifier at home\simpsons_dataset\chief_wiggum\pic_0736.jpg	chief_wiggum
Simpsons character classifier at home\simpsons_dataset\chief_wiggum\pic_0737.jpg	chief_wiggum
Simpsons character classifier at home\simpsons_dataset\chief_wiggum\pic_0738.jpg	chief_wiggum
Simpsons character classifier at home\simpsons_dataset\chief_wiggum\pic_0739.jpg	chief_wiggum
Simpsons character classifier at home\simpsons_dataset\chief_wiggum\pic_0740.jpg	chief_wiggum
Simpsons character classifier at home\simpsons_dataset\chief_wiggum\pic_0741.jpg	chief_wiggum
Simpsons character classifier at home\simpsons_dataset\chief_wiggum\pic_0742.jpg	chief_wiggum
Simpsons character classifier at home\simpsons_dataset\chief_wiggum\pic_0743.jpg	chief_wiggum
Simpsons character classifier at home\simpsons_dataset\chief_wiggum\pic_0744.jpg	chief_wiggum
Simpsons character classifier at home\simpsons_dataset\chief_wiggum\pic_0745.jpg	chief_wiggum
Simpsons character classifier at home\simpsons_dataset\chief_wiggum\pic_0746.jpg	chief_wiggum
Simpsons character classifier at home\simpsons_dataset\chief_wiggum\pic_0747.jpg	chief_wiggum
Simpsons character classifier at home\simpsons_dataset\chief_wiggum\pic_0748.jpg	chief_wiggum
Simpsons character classifier at home\simpsons_dataset\chief_wiggum\pic_0749.jpg	chief_wiggum
Simpsons character classifier at home\simpsons_dataset\chief_wiggum\pic_0750.jpg	chief_wiggum
Simpsons character classifier at home\simpsons_dataset\chief_wiggum\pic_0751.jpg	chief_wiggum
Simpsons character classifier at home\simpsons_dataset\chief_wiggum\pic_0752.jpg	chief_wiggum
Simpsons character classifier at home\simpsons_dataset\chief_wiggum\pic_0753.jpg	chief_wiggum
Simpsons character classifier at home\simpsons_dataset\chief_wiggum\pic_0754.jpg	chief_wiggum
Simpsons character classifier at home\simpsons_dataset\chief_wiggum\pic_0755.jpg	chief_wiggum
Simpsons character classifier at home\simpsons_dataset\chief_wiggum\pic_0756.jpg	chief_wiggum
Simpsons character classifier at home\simpsons_dataset\chief_wiggum\pic_0757.jpg	chief_wiggum
Simpsons character classifier at home\simpsons_dataset\chief_wiggum\pic_0758.jpg	chief_wiggum
Simpsons character classifier at home\simpsons_dataset\chief_wiggum\pic_0759.jpg	chief_wiggum
Simpsons character classifier at home\simpsons_dataset\chief_wiggum\pic_0760.jpg	chief_wiggum
Simpsons character classifier at home\simpsons_dataset\chief_wiggum\pic_0761.jpg	chief_wiggum
Simpsons character classifier at home\simpsons_dataset\chief_wiggum\pic_0762.jpg	chief_wiggum
Simpsons character classifier at home\simpsons_dataset\chief_wiggum\pic_0763.jpg	chief_wiggum
Simpsons character classifier at home\simpsons_dataset\chief_wiggum\pic_0764.jpg	chief_wiggum
Simpsons character classifier at home\simpsons_dataset\chief_wiggum\pic_0765.jpg	chief_wiggum
Simpsons character classifier at home\simpsons_dataset\chief_wiggum\pic_0766.jpg	chief_wiggum
Simpsons character classifier at home\simpsons_dataset\chief_wiggum\pic_0767.jpg	chief_wiggum
Simpsons character classifier at home\simpsons_dataset\chief_wiggum\pic_0768.jpg	chief_wiggum
Simpsons character classifier at home\simpsons_dataset\chief_wiggum\pic_0769.jpg	chief_wiggum
Simpsons character classifier at home\simpsons_dataset\chief_wiggum\pic_0770.jpg	chief_wiggum
Simpsons character classifier at home\simpsons_dataset\chief_wiggum\pic_0771.jpg	chief_wiggum
Simpsons character classifier at home\simpsons_dataset\chief_wiggum\pic_0772.jpg	chief_wiggum
Simpsons character classifier at home\simpsons_dataset\chief_wiggum\pic_0773.jpg	chief_wiggum
Simpsons character classifier at home\simpsons_dataset\chief_wiggum\pic_0774.jpg	chief_wiggum
Simpsons character classifier at home\simpsons_dataset\chief_wiggum\pic_0775.jpg	chief_wiggum
Simpsons character classifier at home\simpsons_dataset\chief_wiggum\pic_0776.jpg	chief_wiggum
Simpsons character classifier at home\simpsons_dataset\chief_wiggum\pic_0777.jpg	chief_wiggum
Simpsons character classifier at home\simpsons_dataset\chief_wiggum\pic_0778.jpg	chief_wiggum
Simpsons character classifier at home\simpsons_dataset\chief_wiggum\pic_0779.jpg	chief_wiggum
Simpsons character classifier at home\simpsons_dataset\chief_wiggum\pic_0780.jpg	chief_wiggum
Simpsons character classifier at home\simpsons_dataset\chief_wiggum\pic_0781.jpg	chief_wiggum
Simpsons character classifier at home\simpsons_dataset\chief_wiggum\pic_0782.jpg	chief_wiggum
Simpsons character classifier at home\simpsons_dataset\chief_wiggum\pic_0783.jpg	chief_wiggum
Simpsons character classifier at home\simpsons_dataset\chief_wiggum\pic_0784.jpg	chief_wiggum
Simpsons character classifier at home\simpsons_dataset\chief_wiggum\pic_0785.jpg	chief_wiggum
Simpsons character classifier at home\simpsons_dataset\chief_wiggum\pic_0786.jpg	chief_wiggum
Simpsons character classifier at home\simpsons_dataset\chief_wiggum\pic_0787.jpg	chief_wiggum
Simpsons character classifier at home\simpsons_dataset\chief_wiggum\pic_0788.jpg	chief_wiggum
Simpsons character classifier at home\simpsons_dataset\chief_wiggum\pic_0789.jpg	chief_wiggum
Simpsons character classifier at home\simpsons_dataset\chief_wiggum\pic_0790.jpg	chief_wiggum
Simpsons character classifier at home\simpsons_dataset\chief_wiggum\pic_0791.jpg	chief_wiggum
Simpsons character classifier at home\simpsons_dataset\chief_wiggum\pic_0792.jpg	chief_wiggum
Simpsons character classifier at home\simpsons_dataset\chief_wiggum\pic_0793.jpg	chief_wiggum
Simpsons character classifier at home\simpsons_dataset\chief_wiggum\pic_0794.jpg	chief_wiggum
Simpsons character classifier at home\simpsons_dataset\chief_wiggum\pic_0795.jpg	chief_wiggum
Simpsons character classifier at home\simpsons_dataset\chief_wiggum\pic_0796.jpg	chief_wiggum
Simpsons character classifier at home\simpsons_dataset\chief_wiggum\pic_0797.jpg	chief_wiggum
Simpsons character classifier at home\simpsons_dataset\chief_wiggum\pic_0798.jpg	chief_wiggum
Simpsons character classifier at home\simpsons_dataset\chief_wiggum\pic_0799.jpg	chief_wiggum
Simpsons character classifier at home\simpsons_dataset\chief_wiggum\pic_0800.jpg	chief_wiggum
Simpsons character classifier at home\simpsons_dataset\chief_wiggum\pic_0801.jpg	chief_wiggum
Simpsons character classifier at home\simpsons_dataset\chief_wiggum\pic_0802.jpg	chief_wiggum
Simpsons character classifier at home\simpsons_dataset\chief_wiggum\pic_0803.jpg	chief_wiggum
Simpsons character classifier at home\simpsons_dataset\chief_wiggum\pic_0804.jpg	chief_wiggum
Simpsons character classifier at home\simpsons_dataset\chief_wiggum\pic_0805.jpg	chief_wiggum
Simpsons character classifier at home\simpsons_dataset\chief_wiggum\pic_0806.jpg	chief_wiggum
Simpsons character classifier at home\simpsons_dataset\chief_wiggum\pic_0807.jpg	chief_wiggum
Simpsons character classifier at home\simpsons_dataset\chief_wiggum\pic_0808.jpg	chief_wiggum
Simpsons character classifier at home\simpsons_dataset\chief_wiggum\pic_0809.jpg	chief_wiggum
Simpsons character classifier at home\simpsons_dataset\chief_wiggum\pic_0810.jpg	chief_wiggum
Simpsons character classifier at home\simpsons_dataset\chief_wiggum\pic_0811.jpg	chief_wiggum
Simpsons character classifier at home\simpsons_dataset\chief_wiggum\pic_0812.jpg	chief_wiggum
Simpsons character classifier at home\simpsons_dataset\chief_wiggum\pic_0813.jpg	chief_wiggum
Simpsons character classifier at home\simpsons_dataset\chief_wiggum\pic_0814.jpg	chief_wiggum
Simpsons character classifier at home\simpsons_dataset\chief_wiggum\pic_0815.jpg	chief_wiggum
Simpsons character classifier at home\simpsons_dataset\chief_wiggum\pic_0816.jpg	chief_wiggum
Simpsons character classifier at home\simpsons_dataset\chief_wiggum\pic_0817.jpg	chief_wiggum
Simpsons character classifier at home\simpsons_dataset\chief_wiggum\pic_0818.jpg	chief_wiggum
Simpsons character classifier at home\simpsons_dataset\chief_wiggum\pic_0819.jpg	chief_wiggum
Simpsons character classifier at home\simpsons_dataset\chief_wiggum\pic_0820.jpg	chief_wiggum
Simpsons character classifier at home\simpsons_dataset\chief_wiggum\pic_0821.jpg	chief_wiggum
Simpsons character classifier at home\simpsons_dataset\chief_wiggum\pic_0822.jpg	chief_wiggum
Simpsons character classifier at home\simpsons_dataset\chief_wiggum\pic_0823.jpg	chief_wiggum
Simpsons character classifier at home\simpsons_dataset\chief_wiggum\pic_0824.jpg	chief_wiggum
Simpsons character classifier at home\simpsons_dataset\chief_wiggum\pic_0825.jpg	chief_wiggum
Simpsons character classifier at home\simpsons_dataset\chief_wiggum\pic_0826.jpg	chief_wiggum
Simpsons character classifier at home\simpsons_dataset\chief_wiggum\pic_0827.jpg	chief_wiggum
Simpsons character classifier at home\simpsons_dataset\chief_wiggum\pic_0828.jpg	chief_wiggum
Simpsons character classifier at home\simpsons_dataset\chief_wiggum\pic_0829.jpg	chief_wiggum
Simpsons character classifier at home\simpsons_dataset\chief_wiggum\pic_0830.jpg	chief_wiggum
Simpsons character classifier at home\simpsons_dataset\chief_wiggum\pic_0831.jpg	chief_wiggum
Simpsons character classifier at home\simpsons_dataset\chief_wiggum\pic_0832.jpg	chief_wiggum
Simpsons character classifier at home\simpsons_dataset\chief_wiggum\pic_0833.jpg	chief_wiggum
Simpsons character classifier at home\simpsons_dataset\chief_wiggum\pic_0834.jpg	chief_wiggum
Simpsons character classifier at home\simpsons_dataset\chief_wiggum\pic_0835.jpg	chief_wiggum
Simpsons character classifier at home\simpsons_dataset\chief_wiggum\pic_0836.jpg	chief_wiggum
Simpsons character classifier at home\simpsons_dataset\chief_wiggum\pic_0837.jpg	chief_wiggum
Simpsons character classifier at home\simpsons_dataset\chief_wiggum\pic_0838.jpg	chief_wiggum
Simpsons character classifier at home\simpsons_dataset\chief_wiggum\pic_0839.jpg	chief_wiggum
Simpsons character classifier at home\simpsons_dataset\chief_wiggum\pic_0840.jpg	chief_wiggum
Simpsons character classifier at home\simpsons_dataset\chief_wiggum\pic_0841.jpg	chief_wiggum
Simpsons character classifier at home\simpsons_dataset\chief_wiggum\pic_0842.jpg	chief_wiggum
Simpsons character classifier at home\simpsons_dataset\chief_wiggum\pic_0843.jpg	chief_wiggum
Simpsons character classifier at home\simpsons_dataset\chief_wiggum\pic_0844.jpg	chief_wiggum
Simpsons character classifier at home\simpsons_dataset\chief_wiggum\pic_0845.jpg	chief_wiggum
Simpsons character classifier at home\simpsons_dataset\chief_wiggum\pic_0846.jpg	chief_wiggum
Simpsons character classifier at home\simpsons_dataset\chief_wiggum\pic_0847.jpg	chief_wiggum
Simpsons character classifier at home\simpsons_dataset\chief_wiggum\pic_0848.jpg	chief_wiggum
Simpsons character classifier at home\simpsons_dataset\chief_wiggum\pic_0849.jpg	chief_wiggum
Simpsons character classifier at home\simpsons_dataset\chief_wiggum\pic_0850.jpg	chief_wiggum
Simpsons character classifier at home\simpsons_dataset\chief_wiggum\pic_0851.jpg	chief_wiggum
Simpsons character classifier at home\simpsons_dataset\chief_wiggum\pic_0852.jpg	chief_wiggum
Simpsons character classifier at home\simpsons_dataset\chief_wiggum\pic_0853.jpg	chief_wiggum
Simpsons character classifier at home\simpsons_dataset\chief_wiggum\pic_0854.jpg	chief_wiggum
Simpsons character classifier at home\simpsons_dataset\chief_wiggum\pic_0855.jpg	chief_wiggum
Simpsons character classifier at home\simpsons_dataset\chief_wiggum\pic_0856.jpg	chief_wiggum
Simpsons character classifier at home\simpsons_dataset\chief_wiggum\pic_0857.jpg	chief_wiggum
Simpsons character classifier at home\simpsons_dataset\chief_wiggum\pic_0858.jpg	chief_wiggum
Simpsons character classifier at home\simpsons_dataset\chief_wiggum\pic_0859.jpg	chief_wiggum
Simpsons character classifier at home\simpsons_dataset\chief_wiggum\pic_0860.jpg	chief_wiggum
Simpsons character classifier at home\simpsons_dataset\chief_wiggum\pic_0861.jpg	chief_wiggum
Simpsons character classifier at home\simpsons_dataset\chief_wiggum\pic_0862.jpg	chief_wiggum
Simpsons character classifier at home\simpsons_dataset\chief_wiggum\pic_0863.jpg	chief_wiggum
Simpsons character classifier at home\simpsons_dataset\chief_wiggum\pic_0864.jpg	chief_wiggum
Simpsons character classifier at home\simpsons_dataset\chief_wiggum\pic_0865.jpg	chief_wiggum
Simpsons character classifier at home\simpsons_dataset\chief_wiggum\pic_0866.jpg	chief_wiggum
Simpsons character classifier at home\simpsons_dataset\chief_wiggum\pic_0867.jpg	chief_wiggum
Simpsons character classifier at home\simpsons_dataset\chief_wiggum\pic_0868.jpg	chief_wiggum
Simpsons character classifier at home\simpsons_dataset\chief_wiggum\pic_0869.jpg	chief_wiggum
Simpsons character classifier at home\simpsons_dataset\chief_wiggum\pic_0870.jpg	chief_wiggum
Simpsons character classifier at home\simpsons_dataset\chief_wiggum\pic_0871.jpg	chief_wiggum
Simpsons character classifier at home\simpsons_dataset\chief_wiggum\pic_0872.jpg	chief_wiggum
Simpsons character classifier at home\simpsons_dataset\chief_wiggum\pic_0873.jpg	chief_wiggum
Simpsons character classifier at home\simpsons_dataset\chief_wiggum\pic_0874.jpg	chief_wiggum
Simpsons character classifier at home\simpsons_dataset\chief_wiggum\pic_0875.jpg	chief_wiggum
Simpsons character classifier at home\simpsons_dataset\chief_wiggum\pic_0876.jpg	chief_wiggum
Simpsons character classifier at home\simpsons_dataset\chief_wiggum\pic_0877.jpg	chief_wiggum
Simpsons character classifier at home\simpsons_dataset\chief_wiggum\pic_0878.jpg	chief_wiggum
Simpsons character classifier at home\simpsons_dataset\chief_wiggum\pic_0879.jpg	chief_wiggum
Simpsons character classifier at home\simpsons_dataset\chief_wiggum\pic_0880.jpg	chief_wiggum
Simpsons character classifier at home\simpsons_dataset\chief_wiggum\pic_0881.jpg	chief_wiggum
Simpsons character classifier at home\simpsons_dataset\chief_wiggum\pic_0882.jpg	chief_wiggum
Simpsons character classifier at home\simpsons_dataset\chief_wiggum\pic_0883.jpg	chief_wiggum
Simpsons character classifier at home\simpsons_dataset\chief_wiggum\pic_0884.jpg	chief_wiggum
Simpsons character classifier at home\simpsons_dataset\chief_wiggum\pic_0885.jpg	chief_wiggum
Simpsons character classifier at home\simpsons_dataset\chief_wiggum\pic_0886.jpg	chief_wiggum
Simpsons character classifier at home\simpsons_dataset\chief_wiggum\pic_0887.jpg	chief_wiggum
Simpsons character classifier at home\simpsons_dataset\chief_wiggum\pic_0888.jpg	chief_wiggum
Simpsons character classifier at home\simpsons_dataset\chief_wiggum\pic_0889.jpg	chief_wiggum
Simpsons character classifier at home\simpsons_dataset\chief_wiggum\pic_0890.jpg	chief_wiggum
Simpsons character classifier at home\simpsons_dataset\chief_wiggum\pic_0891.jpg	chief_wiggum
Simpsons character classifier at home\simpsons_dataset\chief_wiggum\pic_0892.jpg	chief_wiggum
Simpsons character classifier at home\simpsons_dataset\chief_wiggum\pic_0893.jpg	chief_wiggum
Simpsons character classifier at home\simpsons_dataset\chief_wiggum\pic_0894.jpg	chief_wiggum
Simpsons character classifier at home\simpsons_dataset\chief_wiggum\pic_0895.jpg	chief_wiggum
Simpsons character classifier at home\simpsons_dataset\chief_wiggum\pic_0896.jpg	chief_wiggum
Simpsons character classifier at home\simpsons_dataset\chief_wiggum\pic_0897.jpg	chief_wiggum
Simpsons character classifier at home\simpsons_dataset\chief_wiggum\pic_0898.jpg	chief_wiggum
Simpsons character classifier at home\simpsons_dataset\chief_wiggum\pic_0899.jpg	chief_wiggum
Simpsons character classifier at home\simpsons_dataset\chief_wiggum\pic_0900.jpg	chief_wiggum
Simpsons character classifier at home\simpsons_dataset\chief_wiggum\pic_0901.jpg	chief_wiggum
Simpsons character classifier at home\simpsons_dataset\chief_wiggum\pic_0902.jpg	chief_wiggum
Simpsons character classifier at home\simpsons_dataset\chief_wiggum\pic_0903.jpg	chief_wiggum
Simpsons character classifier at home\simpsons_dataset\chief_wiggum\pic_0904.jpg	chief_wiggum
Simpsons character classifier at home\simpsons_dataset\chief_wiggum\pic_0905.jpg	chief_wiggum
Simpsons character classifier at home\simpsons_dataset\chief_wiggum\pic_0906.jpg	chief_wiggum
Simpsons character classifier at home\simpsons_dataset\chief_wiggum\pic_0907.jpg	chief_wiggum
Simpsons character classifier at home\simpsons_dataset\chief_wiggum\pic_0908.jpg	chief_wiggum
Simpsons character classifier at home\simpsons_dataset\chief_wiggum\pic_0909.jpg	chief_wiggum
Simpsons character classifier at home\simpsons_dataset\chief_wiggum\pic_0910.jpg	chief_wiggum
Simpsons character classifier at home\simpsons_dataset\chief_wiggum\pic_0911.jpg	chief_wiggum
Simpsons character classifier at home\simpsons_dataset\chief_wiggum\pic_0912.jpg	chief_wiggum
Simpsons character classifier at home\simpsons_dataset\chief_wiggum\pic_0913.jpg	chief_wiggum
Simpsons character classifier at home\simpsons_dataset\chief_wiggum\pic_0914.jpg	chief_wiggum
Simpsons character classifier at home\simpsons_dataset\chief_wiggum\pic_0915.jpg	chief_wiggum
Simpsons character classifier at home\simpsons_dataset\chief_wiggum\pic_0916.jpg	chief_wiggum
Simpsons character classifier at home\simpsons_dataset\chief_wiggum\pic_0917.jpg	chief_wiggum
Simpsons character classifier at home\simpsons_dataset\chief_wiggum\pic_0918.jpg	chief_wiggum
Simpsons character classifier at home\simpsons_dataset\chief_wiggum\pic_0919.jpg	chief_wiggum
Simpsons character classifier at home\simpsons_dataset\chief_wiggum\pic_0920.jpg	chief_wiggum
Simpsons character classifier at home\simpsons_dataset\chief_wiggum\pic_0921.jpg	chief_wiggum
Simpsons character classifier at home\simpsons_dataset\chief_wiggum\pic_0922.jpg	chief_wiggum
Simpsons character classifier at home\simpsons_dataset\chief_wiggum\pic_0923.jpg	chief_wiggum
Simpsons character classifier at home\simpsons_dataset\chief_wiggum\pic_0924.jpg	chief_wiggum
Simpsons character classifier at home\simpsons_dataset\chief_wiggum\pic_0925.jpg	chief_wiggum
Simpsons character classifier at home\simpsons_dataset\chief_wiggum\pic_0926.jpg	chief_wiggum
Simpsons character classifier at home\simpsons_dataset\chief_wiggum\pic_0927.jpg	chief_wiggum
Simpsons character classifier at home\simpsons_dataset\chief_wiggum\pic_0928.jpg	chief_wiggum
Simpsons character classifier at home\simpsons_dataset\chief_wiggum\pic_0929.jpg	chief_wiggum
Simpsons character classifier at home\simpsons_dataset\chief_wiggum\pic_0930.jpg	chief_wiggum
Simpsons character classifier at home\simpsons_dataset\chief_wiggum\pic_0931.jpg	chief_wiggum
Simpsons character classifier at home\simpsons_dataset\chief_wiggum\pic_0932.jpg	chief_wiggum
Simpsons character classifier at home\simpsons_dataset\chief_wiggum\pic_0933.jpg	chief_wiggum
Simpsons character classifier at home\simpsons_dataset\chief_wiggum\pic_0934.jpg	chief_wiggum
Simpsons character classifier at home\simpsons_dataset\chief_wiggum\pic_0935.jpg	chief_wiggum
Simpsons character classifier at home\simpsons_dataset\chief_wiggum\pic_0936.jpg	chief_wiggum
Simpsons character classifier at home\simpsons_dataset\chief_wiggum\pic_0937.jpg	chief_wiggum
Simpsons character classifier at home\simpsons_dataset\chief_wiggum\pic_0938.jpg	chief_wiggum
Simpsons character classifier at home\simpsons_dataset\chief_wiggum\pic_0939.jpg	chief_wiggum
Simpsons character classifier at home\simpsons_dataset\chief_wiggum\pic_0940.jpg	chief_wiggum
Simpsons character classifier at home\simpsons_dataset\chief_wiggum\pic_0941.jpg	chief_wiggum
Simpsons character classifier at home\simpsons_dataset\chief_wiggum\pic_0942.jpg	chief_wiggum
Simpsons character classifier at home\simpsons_dataset\chief_wiggum\pic_0943.jpg	chief_wiggum
Simpsons character classifier at home\simpsons_dataset\chief_wiggum\pic_0944.jpg	chief_wiggum
Simpsons character classifier at home\simpsons_dataset\chief_wiggum\pic_0945.jpg	chief_wiggum
Simpsons character classifier at home\simpsons_dataset\chief_wiggum\pic_0946.jpg	chief_wiggum
Simpsons character classifier at home\simpsons_dataset\chief_wiggum\pic_0947.jpg	chief_wiggum
Simpsons character classifier at home\simpsons_dataset\chief_wiggum\pic_0948.jpg	chief_wiggum
Simpsons character classifier at home\simpsons_dataset\chief_wiggum\pic_0949.jpg	chief_wiggum
Simpsons character classifier at home\simpsons_dataset\chief_wiggum\pic_0950.jpg	chief_wiggum
Simpsons character classifier at home\simpsons_dataset\chief_wiggum\pic_0951.jpg	chief_wiggum
Simpsons character classifier at home\simpsons_dataset\chief_wiggum\pic_0952.jpg	chief_wiggum
Simpsons character classifier at home\simpsons_dataset\chief_wiggum\pic_0953.jpg	chief_wiggum
Simpsons character classifier at home\simpsons_dataset\chief_wiggum\pic_0954.jpg	chief_wiggum
Simpsons character classifier at home\simpsons_dataset\chief_wiggum\pic_0955.jpg	chief_wiggum
Simpsons character classifier at home\simpsons_dataset\chief_wiggum\pic_0956.jpg	chief_wiggum
Simpsons character classifier at home\simpsons_dataset\chief_wiggum\pic_0957.jpg	chief_wiggum
Simpsons character classifier at home\simpsons_dataset\chief_wiggum\pic_0958.jpg	chief_wiggum
Simpsons character classifier at home\simpsons_dataset\chief_wiggum\pic_0959.jpg	chief_wiggum
Simpsons character classifier at home\simpsons_dataset\chief_wiggum\pic_0960.jpg	chief_wiggum
Simpsons character classifier at home\simpsons_dataset\chief_wiggum\pic_0961.jpg	chief_wiggum
Simpsons character classifier at home\simpsons_dataset\chief_wiggum\pic_0962.jpg	chief_wiggum
Simpsons character classifier at home\simpsons_dataset\chief_wiggum\pic_0963.jpg	chief_wiggum
Simpsons character classifier at home\simpsons_dataset\chief_wiggum\pic_0964.jpg	chief_wiggum
Simpsons character classifier at home\simpsons_dataset\chief_wiggum\pic_0965.jpg	chief_wiggum
Simpsons character classifier at home\simpsons_dataset\chief_wiggum\pic_0966.jpg	chief_wiggum
Simpsons character classifier at home\simpsons_dataset\chief_wiggum\pic_0967.jpg	chief_wiggum
Simpsons character classifier at home\simpsons_dataset\chief_wiggum\pic_0968.jpg	chief_wiggum
Simpsons character classifier at home\simpsons_dataset\chief_wiggum\pic_0969.jpg	chief_wiggum
Simpsons character classifier at home\simpsons_dataset\chief_wiggum\pic_0970.jpg	chief_wiggum
Simpsons character classifier at home\simpsons_dataset\chief_wiggum\pic_0971.jpg	chief_wiggum
Simpsons character classifier at home\simpsons_dataset\chief_wiggum\pic_0972.jpg	chief_wiggum
Simpsons character classifier at home\simpsons_dataset\chief_wiggum\pic_0973.jpg	chief_wiggum
Simpsons character classifier at home\simpsons_dataset\chief_wiggum\pic_0974.jpg	chief_wiggum
Simpsons character classifier at home\simpsons_dataset\chief_wiggum\pic_0975.jpg	chief_wiggum
Simpsons character classifier at home\simpsons_dataset\chief_wiggum\pic_0976.jpg	chief_wiggum
Simpsons character classifier at home\simpsons_dataset\chief_wiggum\pic_0977.jpg	chief_wiggum
Simpsons character classifier at home\simpsons_dataset\chief_wiggum\pic_0978.jpg	chief_wiggum
Simpsons character classifier at home\simpsons_dataset\chief_wiggum\pic_0979.jpg	chief_wiggum
Simpsons character classifier at home\simpsons_dataset\chief_wiggum\pic_0980.jpg	chief_wiggum
Simpsons character classifier at home\simpsons_dataset\chief_wiggum\pic_0981.jpg	chief_wiggum
Simpsons character classifier at home\simpsons_dataset\chief_wiggum\pic_0982.jpg	chief_wiggum
Simpsons character classifier at home\simpsons_dataset\chief_wiggum\pic_0983.jpg	chief_wiggum
Simpsons character classifier at home\simpsons_dataset\chief_wiggum\pic_0984.jpg	chief_wiggum
Simpsons character classifier at home\simpsons_dataset\chief_wiggum\pic_0985.jpg	chief_wiggum
