Simpsons character classifier at home\simpsons_dataset\edna_krabappel\pic_0000.jpg	edna_krabappel
Simpsons character classifier at home\simpsons_dataset\edna_krabappel\pic_0001.jpg	edna_krabappel
Simpsons character classifier at home\simpsons_dataset\edna_krabappel\pic_0002.jpg	edna_krabappel
Simpsons character classifier at home\simpsons_dataset\edna_krabappel\pic_0003.jpg	edna_krabappel
Simpsons character classifier at home\simpsons_dataset\edna_krabappel\pic_0004.jpg	edna_krabappel
Simpsons character classifier at home\simpsons_dataset\edna_krabappel\pic_0006.jpg	edna_krabappel
Simpsons character classifier at home\simpsons_dataset\edna_krabappel\pic_0007.jpg	edna_krabappel
Simpsons character classifier at home\simpsons_dataset\edna_krabappel\pic_0008.jpg	edna_krabappel
Simpsons character classifier at home\simpsons_dataset\edna_krabappel\pic_0009.jpg	edna_krabappel
Simpsons character classifier at home\simpsons_dataset\edna_krabappel\pic_0010.jpg	edna_krabappel
Simpsons character classifier at home\simpsons_dataset\edna_krabappel\pic_0011.jpg	edna_krabappel
Simpsons character classifier at home\simpsons_dataset\edna_krabappel\pic_0012.jpg	edna_krabappel
Simpsons character classifier at home\simpsons_dataset\edna_krabappel\pic_0013.jpg	edna_krabappel
Simpsons character classifier at home\simpsons_dataset\edna_krabappel\pic_0014.jpg	edna_krabappel
Simpsons character classifier at home\simpsons_dataset\edna_krabappel\pic_0015.jpg	edna_krabappel
Simpsons character classifier at home\simpsons_dataset\edna_krabappel\pic_0016.jpg	edna_krabappel
Simpsons character classifier at home\simpsons_dataset\edna_krabappel\pic_0017.jpg	edna_krabappel
Simpsons character classifier at home\simpsons_dataset\edna_krabappel\pic_0019.jpg	edna_krabappel
Simpsons character classifier at home\simpsons_dataset\edna_krabappel\pic_0020.jpg	edna_krabappel
Simpsons character classifier at home\simpsons_dataset\edna_krabappel\pic_0021.jpg	edna_krabappel
Simpsons character classifier at home\simpsons_dataset\edna_krabappel\pic_0022.jpg	edna_krabappel
Simpsons character classifier at home\simpsons_dataset\edna_krabappel\pic_0023.jpg	edna_krabappel
Simpsons character classifier at home\simpsons_dataset\edna_krabappel\pic_0024.jpg	edna_krabappel
Simpsons character classifier at home\simpsons_dataset\edna_krabappel\pic_0025.jpg	edna_krabappel
Simpsons character classifier at home\simpsons_dataset\edna_krabappel\pic_0026.jpg	edna_krabappel
Simpsons character classifier at home\simpsons_dataset\edna_krabappel\pic_0027.jpg	edna_krabappel
Simpsons character classifier at home\simpsons_dataset\edna_krabappel\pic_0028.jpg	edna_krabappel
Simpsons character classifier at home\simpsons_dataset\edna_krabappel\pic_0029.jpg	edna_krabappel
Simpsons character classifier at home\simpsons_dataset\edna_krabappel\pic_0030.jpg	edna_krabappel
Simpsons character classifier at home\simpsons_dataset\edna_krabappel\pic_0031.jpg	edna_krabappel
Simpsons character classifier at home\simpsons_dataset\edna_krabappel\pic_0032.jpg	edna_krabappel
Simpsons character classifier at home\simpsons_dataset\edna_krabappel\pic_0033.jpg	edna_krabappel
Simpsons character classifier at home\simpsons_dataset\edna_krabappel\pic_0034.jpg	edna_krabappel
Simpsons character classifier at home\simpsons_dataset\edna_krabappel\pic_0035.jpg	edna_krabappel
Simpsons character classifier at home\simpsons_dataset\edna_krabappel\pic_0036.jpg	edna_krabappel
Simpsons character classifier at home\simpsons_dataset\edna_krabappel\pic_0037.jpg	edna_krabappel
Simpsons character classifier at home\simpsons_dataset\edna_krabappel\pic_0038.jpg	edna_krabappel
Simpsons character classifier at home\simpsons_dataset\edna_krabappel\pic_0039.jpg	edna_krabappel
Simpsons character classifier at home\simpsons_dataset\edna_krabappel\pic_0040.jpg	edna_krabappel
Simpsons character classifier at home\simpsons_dataset\edna_krabappel\pic_0041.jpg	edna_krabappel
Simpsons character classifier at home\simpsons_dataset\edna_krabappel\pic_0042.jpg	edna_krabappel
Simpsons character classifier at home\simpsons_dataset\edna_krabappel\pic_0043.jpg	edna_krabappel
Simpsons character classifier at home\simpsons_dataset\edna_krabappel\pic_0044.jpg	edna_krabappel
Simpsons character classifier at home\simpsons_dataset\edna_krabappel\pic_0045.jpg	edna_krabappel
Simpsons character classifier at home\simpsons_dataset\edna_krabappel\pic_0046.jpg	edna_krabappel
Simpsons character classifier at home\simpsons_dataset\edna_krabappel\pic_0047.jpg	edna_krabappel
Simpsons character classifier at home\simpsons_dataset\edna_krabappel\pic_0048.jpg	edna_krabappel
Simpsons character classifier at home\simpsons_dataset\edna_krabappel\pic_0049.jpg	edna_krabappel
Simpsons character classifier at home\simpsons_dataset\edna_krabappel\pic_0050.jpg	edna_krabappel
Simpsons character classifier at home\simpsons_dataset\edna_krabappel\pic_0051.jpg	edna_krabappel
Simpsons character classifier at home\simpsons_dataset\edna_krabappel\pic_0052.jpg	edna_krabappel
Simpsons character classifier at home\simpsons_dataset\edna_krabappel\pic_0053.jpg	edna_krabappel
Simpsons character classifier at home\simpsons_dataset\edna_krabappel\pic_0054.jpg	edna_krabappel
Simpsons character classifier at home\simpsons_dataset\edna_krabappel\pic_0055.jpg	edna_krabappel
Simpsons character classifier at home\simpsons_dataset\edna_krabappel\pic_0056.jpg	edna_krabappel
Simpsons character classifier at home\simpsons_dataset\edna_krabappel\pic_0057.jpg	edna_krabappel
Simpsons character classifier at home\simpsons_dataset\edna_krabappel\pic_0058.jpg	edna_krabappel
Simpsons character classifier at home\simpsons_dataset\edna_krabappel\pic_0059.jpg	edna_krabappel
Simpsons character classifier at home\simpsons_dataset\edna_krabappel\pic_0060.jpg	edna_krabappel
Simpsons character classifier at home\simpsons_dataset\edna_krabappel\pic_0061.jpg	edna_krabappel
Simpsons character classifier at home\simpsons_dataset\edna_krabappel\pic_0062.jpg	edna_krabappel
Simpsons character classifier at home\simpsons_dataset\edna_krabappel\pic_0063.jpg	edna_krabappel
Simpsons character classifier at home\simpsons_dataset\edna_krabappel\pic_0064.jpg	edna_krabappel
Simpsons character classifier at home\simpsons_dataset\edna_krabappel\pic_0065.jpg	edna_krabappel
Simpsons character classifier at home\simpsons_dataset\edna_krabappel\pic_0066.jpg	edna_krabappel
Simpsons character classifier at home\simpsons_dataset\edna_krabappel\pic_0067.jpg	edna_krabappel
Simpsons character classifier at home\simpsons_dataset\edna_krabappel\pic_0068.jpg	edna_krabappel
Simpsons character classifier at home\simpsons_dataset\edna_krabappel\pic_0069.jpg	edna_krabappel
Simpsons character classifier at home\simpsons_dataset\edna_krabappel\pic_0070.jpg	edna_krabappel
Simpsons character classifier at home\simpsons_dataset\edna_krabappel\pic_0071.jpg	edna_krabappel
Simpsons character classifier at home\simpsons_dataset\edna_krabappel\pic_0072.jpg	edna_krabappel
Simpsons character classifier at home\simpsons_dataset\edna_krabappel\pic_0073.jpg	edna_krabappel
Simpsons character classifier at home\simpsons_dataset\edna_krabappel\pic_0074.jpg	edna_krabappel
Simpsons character classifier at home\simpsons_dataset\edna_krabappel\pic_0075.jpg	edna_krabappel
Simpsons character classifier at home\simpsons_dataset\edna_krabappel\pic_0076.jpg	edna_krabappel
Simpsons character classifier at home\simpsons_dataset\edna_krabappel\pic_0077.jpg	edna_krabappel
Simpsons character classifier at home\simpsons_dataset\edna_krabappel\pic_0078.jpg	edna_krabappel
Simpsons character classifier at home\simpsons_dataset\edna_krabappel\pic_0079.jpg	edna_krabappel
Simpsons character classifier at home\simpsons_dataset\edna_krabappel\pic_0080.jpg	edna_krabappel
Simpsons character classifier at home\simpsons_dataset\edna_krabappel\pic_0081.jpg	edna_krabappel
Simpsons character classifier at home\simpsons_dataset\edna_krabappel\pic_0082.jpg	edna_krabappel
Simpsons character classifier at home\simpsons_dataset\edna_krabappel\pic_0083.jpg	edna_krabappel
Simpsons character classifier at home\simpsons_dataset\edna_krabappel\pic_0084.jpg	edna_krabappel
Simpsons character classifier at home\simpsons_dataset\edna_krabappel\pic_0085.jpg	edna_krabappel
Simpsons character classifier at home\simpsons_dataset\edna_krabappel\pic_0086.jpg	edna_krabappel
Simpsons character classifier at home\simpsons_dataset\edna_krabappel\pic_0087.jpg	edna_krabappel
Simpsons character classifier at home\simpsons_dataset\edna_krabappel\pic_0088.jpg	edna_krabappel
Simpsons character classifier at home\simpsons_dataset\edna_krabappel\pic_0089.jpg	edna_krabappel
Simpsons character classifier at home\simpsons_dataset\edna_krabappel\pic_0090.jpg	edna_krabappel
Simpsons character classifier at home\simpsons_dataset\edna_krabappel\pic_0091.jpg	edna_krabappel
Simpsons character classifier at home\simpsons_dataset\edna_krabappel\pic_0092.jpg	edna_krabappel
Simpsons character classifier at home\simpsons_dataset\edna_krabappel\pic_0093.jpg	edna_krabappel
Simpsons character classifier at home\simpsons_dataset\edna_krabappel\pic_0094.jpg	edna_krabappel
Simpsons character classifier at home\simpsons_dataset\edna_krabappel\pic_0095.jpg	edna_krabappel
Simpsons character classifier at home\simpsons_dataset\edna_krabappel\pic_0096.jpg	edna_krabappel
Simpsons character classifier at home\simpsons_dataset\edna_krabappel\pic_0097.jpg	edna_krabappel
Simpsons character classifier at home\simpsons_dataset\edna_krabappel\pic_0098.jpg	edna_krabappel
Simpsons character classifier at home\simpsons_dataset\edna_krabappel\pic_0099.jpg	edna_krabappel
Simpsons character classifier at home\simpsons_dataset\edna_krabappel\pic_0100.jpg	edna_krabappel
Simpsons character classifier at home\simpsons_dataset\edna_krabappel\pic_0101.jpg	edna_krabappel
Simpsons character classifier at home\simpsons_dataset\edna_krabappel\pic_0102.jpg	edna_krabappel
Simpsons character classifier at home\simpsons_dataset\edna_krabappel\pic_0103.jpg	edna_krabappel
Simpsons character classifier at home\simpsons_dataset\edna_krabappel\pic_0104.jpg	edna_krabappel
Simpsons character classifier at home\simpsons_dataset\edna_krabappel\pic_0105.jpg	edna_krabappel
Simpsons character classifier at home\simpsons_dataset\edna_krabappel\pic_0106.jpg	edna_krabappel
Simpsons character classifier at home\simpsons_dataset\edna_krabappel\pic_0107.jpg	edna_krabappel
Simpsons character classifier at home\simpsons_dataset\edna_krabappel\pic_0108.jpg	edna_krabappel
Simpsons character classifier at home\simpsons_dataset\edna_krabappel\pic_0109.jpg	edna_krabappel
Simpsons character classifier at home\simpsons_dataset\edna_krabappel\pic_0110.jpg	edna_krabappel
Simpsons character classifier at home\simpsons_dataset\edna_krabappel\pic_0111.jpg	edna_krabappel
Simpsons character classifier at home\simpsons_dataset\edna_krabappel\pic_0112.jpg	edna_krabappel
Simpsons character classifier at home\simpsons_dataset\edna_krabappel\pic_0113.jpg	edna_krabappel
Simpsons character classifier at home\simpsons_dataset\edna_krabappel\pic_0114.jpg	edna_krabappel
Simpsons character classifier at home\simpsons_dataset\edna_krabappel\pic_0115.jpg	edna_krabappel
Simpsons character classifier at home\simpsons_dataset\edna_krabappel\pic_0116.jpg	edna_krabappel
Simpsons character classifier at home\simpsons_dataset\edna_krabappel\pic_0117.jpg	edna_krabappel
Simpsons character classifier at home\simpsons_dataset\edna_krabappel\pic_0118.jpg	edna_krabappel
Simpsons character classifier at home\simpsons_dataset\edna_krabappel\pic_0119.jpg	edna_krabappel
Simpsons character classifier at home\simpsons_dataset\edna_krabappel\pic_0120.jpg	edna_krabappel
Simpsons character classifier at home\simpsons_dataset\edna_krabappel\pic_0121.jpg	edna_krabappel
Simpsons character classifier at home\simpsons_dataset\edna_krabappel\pic_0122.jpg	edna_krabappel
Simpsons character classifier at home\simpsons_dataset\edna_krabappel\pic_0123.jpg	edna_krabappel
Simpsons character classifier at home\simpsons_dataset\edna_krabappel\pic_0124.jpg	edna_krabappel
Simpsons character classifier at home\simpsons_dataset\edna_krabappel\pic_0125.jpg	edna_krabappel
Simpsons character classifier at home\simpsons_dataset\edna_krabappel\pic_0126.jpg	edna_krabappel
Simpsons character classifier at home\simpsons_dataset\edna_krabappel\pic_0127.jpg	edna_krabappel
Simpsons character classifier at home\simpsons_dataset\edna_krabappel\pic_0128.jpg	edna_krabappel
Simpsons character classifier at home\simpsons_dataset\edna_krabappel\pic_0129.jpg	edna_krabappel
Simpsons character classifier at home\simpsons_dataset\edna_krabappel\pic_0130.jpg	edna_krabappel
Simpsons character classifier at home\simpsons_dataset\edna_krabappel\pic_0131.jpg	edna_krabappel
Simpsons character classifier at home\simpsons_dataset\edna_krabappel\pic_0132.jpg	edna_krabappel
Simpsons character classifier at home\simpsons_dataset\edna_krabappel\pic_0133.jpg	edna_krabappel
Simpsons character classifier at home\simpsons_dataset\edna_krabappel\pic_0134.jpg	edna_krabappel
Simpsons character classifier at home\simpsons_dataset\edna_krabappel\pic_0135.jpg	edna_krabappel
Simpsons character classifier at home\simpsons_dataset\edna_krabappel\pic_0136.jpg	edna_krabappel
Simpsons character classifier at home\simpsons_dataset\edna_krabappel\pic_0137.jpg	edna_krabappel
Simpsons character classifier at home\simpsons_dataset\edna_krabappel\pic_0138.jpg	edna_krabappel
Simpsons character classifier at home\simpsons_dataset\edna_krabappel\pic_0139.jpg	edna_krabappel
Simpsons character classifier at home\simpsons_dataset\edna_krabappel\pic_0140.jpg	edna_krabappel
Simpsons character classifier at home\simpsons_dataset\edna_krabappel\pic_0141.jpg	edna_krabappel
Simpsons character classifier at home\simpsons_dataset\edna_krabappel\pic_0142.jpg	edna_krabappel
Simpsons character classifier at home\simpsons_dataset\edna_krabappel\pic_0143.jpg	edna_krabappel
Simpsons character classifier at home\simpsons_dataset\edna_krabappel\pic_0144.jpg	edna_krabappel
Simpsons character classifier at home\simpsons_dataset\edna_krabappel\pic_0145.jpg	edna_krabappel
Simpsons character classifier at home\simpsons_dataset\edna_krabappel\pic_0146.jpg	edna_krabappel
Simpsons character classifier at home\simpsons_dataset\edna_krabappel\pic_0147.jpg	edna_krabappel
Simpsons character classifier at home\simpsons_dataset\edna_krabappel\pic_0148.jpg	edna_krabappel
Simpsons character classifier at home\simpsons_dataset\edna_krabappel\pic_0149.jpg	edna_krabappel
Simpsons character classifier at home\simpsons_dataset\edna_krabappel\pic_0150.jpg	edna_krabappel
Simpsons character classifier at home\simpsons_dataset\edna_krabappel\pic_0151.jpg	edna_krabappel
Simpsons character classifier at home\simpsons_dataset\edna_krabappel\pic_0152.jpg	edna_krabappel
Simpsons character classifier at home\simpsons_dataset\edna_krabappel\pic_0153.jpg	edna_krabappel
Simpsons character classifier at home\simpsons_dataset\edna_krabappel\pic_0154.jpg	edna_krabappel
Simpsons character classifier at home\simpsons_dataset\edna_krabappel\pic_0155.jpg	edna_krabappel
Simpsons character classifier at home\simpsons_dataset\edna_krabappel\pic_0156.jpg	edna_krabappel
Simpsons character classifier at home\simpsons_dataset\edna_krabappel\pic_0157.jpg	edna_krabappel
Simpsons character classifier at home\simpsons_dataset\edna_krabappel\pic_0158.jpg	edna_krabappel
Simpsons character classifier at home\simpsons_dataset\edna_krabappel\pic_0159.jpg	edna_krabappel
Simpsons character classifier at home\simpsons_dataset\edna_krabappel\pic_0160.jpg	edna_krabappel
Simpsons character classifier at home\simpsons_dataset\edna_krabappel\pic_0161.jpg	edna_krabappel
Simpsons character classifier at home\simpsons_dataset\edna_krabappel\pic_0162.jpg	edna_krabappel
Simpsons character classifier at home\simpsons_dataset\edna_krabappel\pic_0163.jpg	edna_krabappel
Simpsons character classifier at home\simpsons_dataset\edna_krabappel\pic_0164.jpg	edna_krabappel
Simpsons character classifier at home\simpsons_dataset\edna_krabappel\pic_0165.jpg	edna_krabappel
Simpsons character classifier at home\simpsons_dataset\edna_krabappel\pic_0166.jpg	edna_krabappel
Simpsons character classifier at home\simpsons_dataset\edna_krabappel\pic_0167.jpg	edna_krabappel
Simpsons character classifier at home\simpsons_dataset\edna_krabappel\pic_0168.jpg	edna_krabappel
Simpsons character classifier at home\simpsons_dataset\edna_krabappel\pic_0169.jpg	edna_krabappel
Simpsons character classifier at home\simpsons_dataset\edna_krabappel\pic_0170.jpg	edna_krabappel
Simpsons character classifier at home\simpsons_dataset\edna_krabappel\pic_0171.jpg	edna_krabappel
Simpsons character classifier at home\simpsons_dataset\edna_krabappel\pic_0172.jpg	edna_krabappel
Simpsons character classifier at home\simpsons_dataset\edna_krabappel\pic_0173.jpg	edna_krabappel
Simpsons character classifier at home\simpsons_dataset\edna_krabappel\pic_0174.jpg	edna_krabappel
Simpsons character classifier at home\simpsons_dataset\edna_krabappel\pic_0175.jpg	edna_krabappel
Simpsons character classifier at home\simpsons_dataset\edna_krabappel\pic_0176.jpg	edna_krabappel
Simpsons character classifier at home\simpsons_dataset\edna_krabappel\pic_0177.jpg	edna_krabappel
Simpsons character classifier at home\simpsons_dataset\edna_krabappel\pic_0178.jpg	edna_krabappel
Simpsons character classifier at home\simpsons_dataset\edna_krabappel\pic_0179.jpg	edna_krabappel
Simpsons character classifier at home\simpsons_dataset\edna_krabappel\pic_0180.jpg	edna_krabappel
Simpsons character classifier at home\simpsons_dataset\edna_krabappel\pic_0181.jpg	edna_krabappel
Simpsons character classifier at home\simpsons_dataset\edna_krabappel\pic_0182.jpg	edna_krabappel
Simpsons character classifier at home\simpsons_dataset\edna_krabappel\pic_0183.jpg	edna_krabappel
Simpsons character classifier at home\simpsons_dataset\edna_krabappel\pic_0184.jpg	edna_krabappel
Simpsons character classifier at home\simpsons_dataset\edna_krabappel\pic_0185.jpg	edna_krabappel
Simpsons character classifier at home\simpsons_dataset\edna_krabappel\pic_0186.jpg	edna_krabappel
Simpsons character classifier at home\simpsons_dataset\edna_krabappel\pic_0187.jpg	edna_krabappel
Simpsons character classifier at home\simpsons_dataset\edna_krabappel\pic_0188.jpg	edna_krabappel
Simpsons character classifier at home\simpsons_dataset\edna_krabappel\pic_0189.jpg	edna_krabappel
Simpsons character classifier at home\simpsons_dataset\edna_krabappel\pic_0190.jpg	edna_krabappel
Simpsons character classifier at home\simpsons_dataset\edna_krabappel\pic_0191.jpg	edna_krabappel
Simpsons character classifier at home\simpsons_dataset\edna_krabappel\pic_0192.jpg	edna_krabappel
Simpsons character classifier at home\simpsons_dataset\edna_krabappel\pic_0193.jpg	edna_krabappel
Simpsons character classifier at home\simpsons_dataset\edna_krabappel\pic_0194.jpg	edna_krabappel
Simpsons character classifier at home\simpsons_dataset\edna_krabappel\pic_0195.jpg	edna_krabappel
Simpsons character classifier at home\simpsons_dataset\edna_krabappel\pic_0196.jpg	edna_krabappel
Simpsons character classifier at home\simpsons_dataset\edna_krabappel\pic_0197.jpg	edna_krabappel
Simpsons character classifier at home\simpsons_dataset\edna_krabappel\pic_0198.jpg	edna_krabappel
Simpsons character classifier at home\simpsons_dataset\edna_krabappel\pic_0199.jpg	edna_krabappel
Simpsons character classifier at home\simpsons_dataset\edna_krabappel\pic_0200.jpg	edna_krabappel
Simpsons character classifier at home\simpsons_dataset\edna_krabappel\pic_0201.jpg	edna_krabappel
Simpsons character classifier at home\simpsons_dataset\edna_krabappel\pic_0202.jpg	edna_krabappel
Simpsons character classifier at home\simpsons_dataset\edna_krabappel\pic_0203.jpg	edna_krabappel
Simpsons character classifier at home\simpsons_dataset\edna_krabappel\pic_0204.jpg	edna_krabappel
Simpsons character classifier at home\simpsons_dataset\edna_krabappel\pic_0205.jpg	edna_krabappel
Simpsons character classifier at home\simpsons_dataset\edna_krabappel\pic_0206.jpg	edna_krabappel
Simpsons character classifier at home\simpsons_dataset\edna_krabappel\pic_0207.jpg	edna_krabappel
Simpsons character classifier at home\simpsons_dataset\edna_krabappel\pic_0208.jpg	edna_krabappel
Simpsons character classifier at home\simpsons_dataset\edna_krabappel\pic_0209.jpg	edna_krabappel
Simpsons character classifier at home\simpsons_dataset\edna_krabappel\pic_0210.jpg	edna_krabappel
Simpsons character classifier at home\simpsons_dataset\edna_krabappel\pic_0211.jpg	edna_krabappel
Simpsons character classifier at home\simpsons_dataset\edna_krabappel\pic_0212.jpg	edna_krabappel
Simpsons character classifier at home\simpsons_dataset\edna_krabappel\pic_0213.jpg	edna_krabappel
Simpsons character classifier at home\simpsons_dataset\edna_krabappel\pic_0214.jpg	edna_krabappel
Simpsons character classifier at home\simpsons_dataset\edna_krabappel\pic_0215.jpg	edna_krabappel
Simpsons character classifier at home\simpsons_dataset\edna_krabappel\pic_0216.jpg	edna_krabappel
Simpsons character classifier at home\simpsons_dataset\edna_krabappel\pic_0217.jpg	edna_krabappel
Simpsons character classifier at home\simpsons_dataset\edna_krabappel\pic_0218.jpg	edna_krabappel
Simpsons character classifier at home\simpsons_dataset\edna_krabappel\pic_0219.jpg	edna_krabappel
Simpsons character classifier at home\simpsons_dataset\edna_krabappel\pic_0220.jpg	edna_krabappel
Simpsons character classifier at home\simpsons_dataset\edna_krabappel\pic_0221.jpg	edna_krabappel
Simpsons character classifier at home\simpsons_dataset\edna_krabappel\pic_0222.jpg	edna_krabappel
Simpsons character classifier at home\simpsons_dataset\edna_krabappel\pic_0223.jpg	edna_krabappel
Simpsons character classifier at home\simpsons_dataset\edna_krabappel\pic_0224.jpg	edna_krabappel
Simpsons character classifier at home\simpsons_dataset\edna_krabappel\pic_0225.jpg	edna_krabappel
Simpsons character classifier at home\simpsons_dataset\edna_krabappel\pic_0226.jpg	edna_krabappel
Simpsons character classifier at home\simpsons_dataset\edna_krabappel\pic_0227.jpg	edna_krabappel
Simpsons character classifier at home\simpsons_dataset\edna_krabappel\pic_0228.jpg	edna_krabappel
Simpsons character classifier at home\simpsons_dataset\edna_krabappel\pic_0229.jpg	edna_krabappel
Simpsons character classifier at home\simpsons_dataset\edna_krabappel\pic_0230.jpg	edna_krabappel
Simpsons character classifier at home\simpsons_dataset\edna_krabappel\pic_0231.jpg	edna_krabappel
Simpsons character classifier at home\simpsons_dataset\edna_krabappel\pic_0232.jpg	edna_krabappel
Simpsons character classifier at home\simpsons_dataset\edna_krabappel\pic_0233.jpg	edna_krabappel
Simpsons character classifier at home\simpsons_dataset\edna_krabappel\pic_0234.jpg	edna_krabappel
Simpsons character classifier at home\simpsons_dataset\edna_krabappel\pic_0235.jpg	edna_krabappel
Simpsons character classifier at home\simpsons_dataset\edna_krabappel\pic_0236.jpg	edna_krabappel
Simpsons character classifier at home\simpsons_dataset\edna_krabappel\pic_0237.jpg	edna_krabappel
Simpsons character classifier at home\simpsons_dataset\edna_krabappel\pic_0238.jpg	edna_krabappel
Simpsons character classifier at home\simpsons_dataset\edna_krabappel\pic_0239.jpg	edna_krabappel
Simpsons character classifier at home\simpsons_dataset\edna_krabappel\pic_0240.jpg	edna_krabappel
Simpsons character classifier at home\simpsons_dataset\edna_krabappel\pic_0241.jpg	edna_krabappel
Simpsons character classifier at home\simpsons_dataset\edna_krabappel\pic_0242.jpg	edna_krabappel
Simpsons character classifier at home\simpsons_dataset\edna_krabappel\pic_0243.jpg	edna_krabappel
Simpsons character classifier at home\simpsons_dataset\edna_krabappel\pic_0244.jpg	edna_krabappel
Simpsons character classifier at home\simpsons_dataset\edna_krabappel\pic_0245.jpg	edna_krabappel
Simpsons character classifier at home\simpsons_dataset\edna_krabappel\pic_0246.jpg	edna_krabappel
Simpsons character classifier at home\simpsons_dataset\edna_krabappel\pic_0247.jpg	edna_krabappel
Simpsons character classifier at home\simpsons_dataset\edna_krabappel\pic_0248.jpg	edna_krabappel
Simpsons character classifier at home\simpsons_dataset\edna_krabappel\pic_0249.jpg	edna_krabappel
Simpsons character classifier at home\simpsons_dataset\edna_krabappel\pic_0250.jpg	edna_krabappel
Simpsons character classifier at home\simpsons_dataset\edna_krabappel\pic_0251.jpg	edna_krabappel
Simpsons character classifier at home\simpsons_dataset\edna_krabappel\pic_0252.jpg	edna_krabappel
Simpsons character classifier at home\simpsons_dataset\edna_krabappel\pic_0253.jpg	edna_krabappel
Simpsons character classifier at home\simpsons_dataset\edna_krabappel\pic_0254.jpg	edna_krabappel
Simpsons character classifier at home\simpsons_dataset\edna_krabappel\pic_0255.jpg	edna_krabappel
Simpsons character classifier at home\simpsons_dataset\edna_krabappel\pic_0256.jpg	edna_krabappel
Simpsons character classifier at home\simpsons_dataset\edna_krabappel\pic_0257.jpg	edna_krabappel
Simpsons character classifier at home\simpsons_dataset\edna_krabappel\pic_0258.jpg	edna_krabappel
Simpsons character classifier at home\simpsons_dataset\edna_krabappel\pic_0259.jpg	edna_krabappel
Simpsons character classifier at home\simpsons_dataset\edna_krabappel\pic_0260.jpg	edna_krabappel
Simpsons character classifier at home\simpsons_dataset\edna_krabappel\pic_0261.jpg	edna_krabappel
Simpsons character classifier at home\simpsons_dataset\edna_krabappel\pic_0262.jpg	edna_krabappel
Simpsons character classifier at home\simpsons_dataset\edna_krabappel\pic_0263.jpg	edna_krabappel
Simpsons character classifier at home\simpsons_dataset\edna_krabappel\pic_0264.jpg	edna_krabappel
Simpsons character classifier at home\simpsons_dataset\edna_krabappel\pic_0265.jpg	edna_krabappel
Simpsons character classifier at home\simpsons_dataset\edna_krabappel\pic_0266.jpg	edna_krabappel
Simpsons character classifier at home\simpsons_dataset\edna_krabappel\pic_0267.jpg	edna_krabappel
Simpsons character classifier at home\simpsons_dataset\edna_krabappel\pic_0268.jpg	edna_krabappel
Simpsons character classifier at home\simpsons_dataset\edna_krabappel\pic_0269.jpg	edna_krabappel
Simpsons character classifier at home\simpsons_dataset\edna_krabappel\pic_0270.jpg	edna_krabappel
Simpsons character classifier at home\simpsons_dataset\edna_krabappel\pic_0271.jpg	edna_krabappel
Simpsons character classifier at home\simpsons_dataset\edna_krabappel\pic_0272.jpg	edna_krabappel
Simpsons character classifier at home\simpsons_dataset\edna_krabappel\pic_0273.jpg	edna_krabappel
Simpsons character classifier at home\simpsons_dataset\edna_krabappel\pic_0274.jpg	edna_krabappel
Simpsons character classifier at home\simpsons_dataset\edna_krabappel\pic_0275.jpg	edna_krabappel
Simpsons character classifier at home\simpsons_dataset\edna_krabappel\pic_0276.jpg	edna_krabappel
Simpsons character classifier at home\simpsons_dataset\edna_krabappel\pic_0277.jpg	edna_krabappel
Simpsons character classifier at home\simpsons_dataset\edna_krabappel\pic_0278.jpg	edna_krabappel
Simpsons character classifier at home\simpsons_dataset\edna_krabappel\pic_0279.jpg	edna_krabappel
Simpsons character classifier at home\simpsons_dataset\edna_krabappel\pic_0280.jpg	edna_krabappel
Simpsons character classifier at home\simpsons_dataset\edna_krabappel\pic_0281.jpg	edna_krabappel
Simpsons character classifier at home\simpsons_dataset\edna_krabappel\pic_0282.jpg	edna_krabappel
Simpsons character classifier at home\simpsons_dataset\edna_krabappel\pic_0283.jpg	edna_krabappel
Simpsons character classifier at home\simpsons_dataset\edna_krabappel\pic_0284.jpg	edna_krabappel
Simpsons character classifier at home\simpsons_dataset\edna_krabappel\pic_0285.jpg	edna_krabappel
Simpsons character classifier at home\simpsons_dataset\edna_krabappel\pic_0286.jpg	edna_krabappel
Simpsons character classifier at home\simpsons_dataset\edna_krabappel\pic_0287.jpg	edna_krabappel
Simpsons character classifier at home\simpsons_dataset\edna_krabappel\pic_0288.jpg	edna_krabappel
Simpsons character classifier at home\simpsons_dataset\edna_krabappel\pic_0289.jpg	edna_krabappel
Simpsons character classifier at home\simpsons_dataset\edna_krabappel\pic_0290.jpg	edna_krabappel
Simpsons character classifier at home\simpsons_dataset\edna_krabappel\pic_0291.jpg	edna_krabappel
Simpsons character classifier at home\simpsons_dataset\edna_krabappel\pic_0292.jpg	edna_krabappel
Simpsons character classifier at home\simpsons_dataset\edna_krabappel\pic_0293.jpg	edna_krabappel
Simpsons character classifier at home\simpsons_dataset\edna_krabappel\pic_0294.jpg	edna_krabappel
Simpsons character classifier at home\simpsons_dataset\edna_krabappel\pic_0295.jpg	edna_krabappel
Simpsons character classifier at home\simpsons_dataset\edna_krabappel\pic_0296.jpg	edna_krabappel
Simpsons character classifier at home\simpsons_dataset\edna_krabappel\pic_0297.jpg	edna_krabappel
Simpsons character classifier at home\simpsons_dataset\edna_krabappel\pic_0298.jpg	edna_krabappel
Simpsons character classifier at home\simpsons_dataset\edna_krabappel\pic_0299.jpg	edna_krabappel
Simpsons character classifier at home\simpsons_dataset\edna_krabappel\pic_0300.jpg	edna_krabappel
Simpsons character classifier at home\simpsons_dataset\edna_krabappel\pic_0301.jpg	edna_krabappel
Simpsons character classifier at home\simpsons_dataset\edna_krabappel\pic_0302.jpg	edna_krabappel
Simpsons character classifier at home\simpsons_dataset\edna_krabappel\pic_0303.jpg	edna_krabappel
Simpsons character classifier at home\simpsons_dataset\edna_krabappel\pic_0304.jpg	edna_krabappel
Simpsons character classifier at home\simpsons_dataset\edna_krabappel\pic_0305.jpg	edna_krabappel
Simpsons character classifier at home\simpsons_dataset\edna_krabappel\pic_0306.jpg	edna_krabappel
Simpsons character classifier at home\simpsons_dataset\edna_krabappel\pic_0307.jpg	edna_krabappel
Simpsons character classifier at home\simpsons_dataset\edna_krabappel\pic_0308.jpg	edna_krabappel
Simpsons character classifier at home\simpsons_dataset\edna_krabappel\pic_0309.jpg	edna_krabappel
Simpsons character classifier at home\simpsons_dataset\edna_krabappel\pic_0310.jpg	edna_krabappel
Simpsons character classifier at home\simpsons_dataset\edna_krabappel\pic_0311.jpg	edna_krabappel
Simpsons character classifier at home\simpsons_dataset\edna_krabappel\pic_0312.jpg	edna_krabappel
Simpsons character classifier at home\simpsons_dataset\edna_krabappel\pic_0313.jpg	edna_krabappel
Simpsons character classifier at home\simpsons_dataset\edna_krabappel\pic_0314.jpg	edna_krabappel
Simpsons character classifier at home\simpsons_dataset\edna_krabappel\pic_0315.jpg	edna_krabappel
Simpsons character classifier at home\simpsons_dataset\edna_krabappel\pic_0316.jpg	edna_krabappel
Simpsons character classifier at home\simpsons_dataset\edna_krabappel\pic_0317.jpg	edna_krabappel
Simpsons character classifier at home\simpsons_dataset\edna_krabappel\pic_0318.jpg	edna_krabappel
Simpsons character classifier at home\simpsons_dataset\edna_krabappel\pic_0319.jpg	edna_krabappel
Simpsons character classifier at home\simpsons_dataset\edna_krabappel\pic_0320.jpg	edna_krabappel
Simpsons character classifier at home\simpsons_dataset\edna_krabappel\pic_0321.jpg	edna_krabappel
Simpsons character classifier at home\simpsons_dataset\edna_krabappel\pic_0322.jpg	edna_krabappel
Simpsons character classifier at home\simpsons_dataset\edna_krabappel\pic_0323.jpg	edna_krabappel
Simpsons character classifier at home\simpsons_dataset\edna_krabappel\pic_0324.jpg	edna_krabappel
Simpsons character classifier at home\simpsons_dataset\edna_krabappel\pic_0325.jpg	edna_krabappel
Simpsons character classifier at home\simpsons_dataset\edna_krabappel\pic_0326.jpg	edna_krabappel
Simpsons character classifier at home\simpsons_dataset\edna_krabappel\pic_0327.jpg	edna_krabappel
Simpsons character classifier at home\simpsons_dataset\edna_krabappel\pic_0328.jpg	edna_krabappel
Simpsons character classifier at home\simpsons_dataset\edna_krabappel\pic_0329.jpg	edna_krabappel
Simpsons character classifier at home\simpsons_dataset\edna_krabappel\pic_0330.jpg	edna_krabappel
Simpsons character classifier at home\simpsons_dataset\edna_krabappel\pic_0331.jpg	edna_krabappel
Simpsons character classifier at home\simpsons_dataset\edna_krabappel\pic_0332.jpg	edna_krabappel
Simpsons character classifier at home\simpsons_dataset\edna_krabappel\pic_0333.jpg	edna_krabappel
Simpsons character classifier at home\simpsons_dataset\edna_krabappel\pic_0334.jpg	edna_krabappel
Simpsons character classifier at home\simpsons_dataset\edna_krabappel\pic_0335.jpg	edna_krabappel
Simpsons character classifier at home\simpsons_dataset\edna_krabappel\pic_0336.jpg	edna_krabappel
Simpsons character classifier at home\simpsons_dataset\edna_krabappel\pic_0337.jpg	edna_krabappel
Simpsons character classifier at home\simpsons_dataset\edna_krabappel\pic_0338.jpg	edna_krabappel
Simpsons character classifier at home\simpsons_dataset\edna_krabappel\pic_0339.jpg	edna_krabappel
Simpsons character classifier at home\simpsons_dataset\edna_krabappel\pic_0340.jpg	edna_krabappel
Simpsons character classifier at home\simpsons_dataset\edna_krabappel\pic_0341.jpg	edna_krabappel
Simpsons character classifier at home\simpsons_dataset\edna_krabappel\pic_0342.jpg	edna_krabappel
Simpsons character classifier at home\simpsons_dataset\edna_krabappel\pic_0343.jpg	edna_krabappel
Simpsons character classifier at home\simpsons_dataset\edna_krabappel\pic_0344.jpg	edna_krabappel
Simpsons character classifier at home\simpsons_dataset\edna_krabappel\pic_0345.jpg	edna_krabappel
Simpsons character classifier at home\simpsons_dataset\edna_krabappel\pic_0346.jpg	edna_krabappel
Simpsons character classifier at home\simpsons_dataset\edna_krabappel\pic_0347.jpg	edna_krabappel
Simpsons character classifier at home\simpsons_dataset\edna_krabappel\pic_0348.jpg	edna_krabappel
Simpsons character classifier at home\simpsons_dataset\edna_krabappel\pic_0349.jpg	edna_krabappel
Simpsons character classifier at home\simpsons_dataset\edna_krabappel\pic_0350.jpg	edna_krabappel
Simpsons character classifier at home\simpsons_dataset\edna_krabappel\pic_0351.jpg	edna_krabappel
Simpsons character classifier at home\simpsons_dataset\edna_krabappel\pic_0352.jpg	edna_krabappel
Simpsons character classifier at home\simpsons_dataset\edna_krabappel\pic_0353.jpg	edna_krabappel
Simpsons character classifier at home\simpsons_dataset\edna_krabappel\pic_0354.jpg	edna_krabappel
Simpsons character classifier at home\simpsons_dataset\edna_krabappel\pic_0355.jpg	edna_krabappel
Simpsons character classifier at home\simpsons_dataset\edna_krabappel\pic_0356.jpg	edna_krabappel
Simpsons character classifier at home\simpsons_dataset\edna_krabappel\pic_0357.jpg	edna_krabappel
Simpsons character classifier at home\simpsons_dataset\edna_krabappel\pic_0358.jpg	edna_krabappel
Simpsons character classifier at home\simpsons_dataset\edna_krabappel\pic_0359.jpg	edna_krabappel
Simpsons character classifier at home\simpsons_dataset\edna_krabappel\pic_0360.jpg	edna_krabappel
Simpsons character classifier at home\simpsons_dataset\edna_krabappel\pic_0361.jpg	edna_krabappel
Simpsons character classifier at home\simpsons_dataset\edna_krabappel\pic_0362.jpg	edna_krabappel
Simpsons character classifier at home\simpsons_dataset\edna_krabappel\pic_0363.jpg	edna_krabappel
Simpsons character classifier at home\simpsons_dataset\edna_krabappel\pic_0364.jpg	edna_krabappel
Simpsons character classifier at home\simpsons_dataset\edna_krabappel\pic_0365.jpg	edna_krabappel
Simpsons character classifier at home\simpsons_dataset\edna_krabappel\pic_0366.jpg	edna_krabappel
Simpsons character classifier at home\simpsons_dataset\edna_krabappel\pic_0367.jpg	edna_krabappel
Simpsons character classifier at home\simpsons_dataset\edna_krabappel\pic_0368.jpg	edna_krabappel
Simpsons character classifier at home\simpsons_dataset\edna_krabappel\pic_0369.jpg	edna_krabappel
Simpsons character classifier at home\simpsons_dataset\edna_krabappel\pic_0370.jpg	edna_krabappel
Simpsons character classifier at home\simpsons_dataset\edna_krabappel\pic_0371.jpg	edna_krabappel
Simpsons character classifier at home\simpsons_dataset\edna_krabappel\pic_0372.jpg	edna_krabappel
Simpsons character classifier at home\simpsons_dataset\edna_krabappel\pic_0373.jpg	edna_krabappel
Simpsons character classifier at home\simpsons_dataset\edna_krabappel\pic_0374.jpg	edna_krabappel
Simpsons character classifier at home\simpsons_dataset\edna_krabappel\pic_0375.jpg	edna_krabappel
Simpsons character classifier at home\simpsons_dataset\edna_krabappel\pic_0376.jpg	edna_krabappel
Simpsons character classifier at home\simpsons_dataset\edna_krabappel\pic_0377.jpg	edna_krabappel
Simpsons character classifier at home\simpsons_dataset\edna_krabappel\pic_0378.jpg	edna_krabappel
Simpsons character classifier at home\simpsons_dataset\edna_krabappel\pic_0379.jpg	edna_krabappel
Simpsons character classifier at home\simpsons_dataset\edna_krabappel\pic_0380.jpg	edna_krabappel
Simpsons character classifier at home\simpsons_dataset\edna_krabappel\pic_0381.jpg	edna_krabappel
Simpsons character classifier at home\simpsons_dataset\edna_krabappel\pic_0382.jpg	edna_krabappel
Simpsons character classifier at home\simpsons_dataset\edna_krabappel\pic_0383.jpg	edna_krabappel
Simpsons character classifier at home\simpsons_dataset\edna_krabappel\pic_0384.jpg	edna_krabappel
Simpsons character classifier at home\simpsons_dataset\edna_krabappel\pic_0385.jpg	edna_krabappel
Simpsons character classifier at home\simpsons_dataset\edna_krabappel\pic_0386.jpg	edna_krabappel
Simpsons character classifier at home\simpsons_dataset\edna_krabappel\pic_0387.jpg	edna_krabappel
Simpsons character classifier at home\simpsons_dataset\edna_krabappel\pic_0388.jpg	edna_krabappel
Simpsons character classifier at home\simpsons_dataset\edna_krabappel\pic_0389.jpg	edna_krabappel
Simpsons character classifier at home\simpsons_dataset\edna_krabappel\pic_0390.jpg	edna_krabappel
Simpsons character classifier at home\simpsons_dataset\edna_krabappel\pic_0391.jpg	edna_krabappel
Simpsons character classifier at home\simpsons_dataset\edna_krabappel\pic_0392.jpg	edna_krabappel
Simpsons character classifier at home\simpsons_dataset\edna_krabappel\pic_0393.jpg	edna_krabappel
Simpsons character classifier at home\simpsons_dataset\edna_krabappel\pic_0394.jpg	edna_krabappel
Simpsons character classifier at home\simpsons_dataset\edna_krabappel\pic_0395.jpg	edna_krabappel
Simpsons character classifier at home\simpsons_dataset\edna_krabappel\pic_0396.jpg	edna_krabappel
Simpsons character classifier at home\simpsons_dataset\edna_krabappel\pic_0397.jpg	edna_krabappel
Simpsons character classifier at home\simpsons_dataset\edna_krabappel\pic_0398.jpg	edna_krabappel
Simpsons character classifier at home\simpsons_dataset\edna_krabappel\pic_0399.jpg	edna_krabappel
Simpsons character classifier at home\simpsons_dataset\edna_krabappel\pic_0400.jpg	edna_krabappel
Simpsons character classifier at home\simpsons_dataset\edna_krabappel\pic_0401.jpg	edna_krabappel
Simpsons character classifier at home\simpsons_dataset\edna_krabappel\pic_0402.jpg	edna_krabappel
Simpsons character classifier at home\simpsons_dataset\edna_krabappel\pic_0403.jpg	edna_krabappel
Simpsons character classifier at home\simpsons_dataset\edna_krabappel\pic_0404.jpg	edna_krabappel
Simpsons character classifier at home\simpsons_dataset\edna_krabappel\pic_0405.jpg	edna_krabappel
Simpsons character classifier at home\simpsons_dataset\edna_krabappel\pic_0406.jpg	edna_krabappel
Simpsons character classifier at home\simpsons_dataset\edna_krabappel\pic_0407.jpg	edna_krabappel
Simpsons character classifier at home\simpsons_dataset\edna_krabappel\pic_0408.jpg	edna_krabappel
Simpsons character classifier at home\simpsons_dataset\edna_krabappel\pic_0409.jpg	edna_krabappel
Simpsons character classifier at home\simpsons_dataset\edna_krabappel\pic_0410.jpg	edna_krabappel
Simpsons character classifier at home\simpsons_dataset\edna_krabappel\pic_0411.jpg	edna_krabappel
Simpsons character classifier at home\simpsons_dataset\edna_krabappel\pic_0412.jpg	edna_krabappel
Simpsons character classifier at home\simpsons_dataset\edna_krabappel\pic_0413.jpg	edna_krabappel
Simpsons character classifier at home\simpsons_dataset\edna_krabappel\pic_0414.jpg	edna_krabappel
Simpsons character classifier at home\simpsons_dataset\edna_krabappel\pic_0415.jpg	edna_krabappel
Simpsons character classifier at home\simpsons_dataset\edna_krabappel\pic_0416.jpg	edna_krabappel
Simpsons character classifier at home\simpsons_dataset\edna_krabappel\pic_0417.jpg	edna_krabappel
Simpsons character classifier at home\simpsons_dataset\edna_krabappel\pic_0418.jpg	edna_krabappel
Simpsons character classifier at home\simpsons_dataset\edna_krabappel\pic_0419.jpg	edna_krabappel
Simpsons character classifier at home\simpsons_dataset\edna_krabappel\pic_0420.jpg	edna_krabappel
Simpsons character classifier at home\simpsons_dataset\edna_krabappel\pic_0421.jpg	edna_krabappel
Simpsons character classifier at home\simpsons_dataset\edna_krabappel\pic_0422.jpg	edna_krabappel
Simpsons character classifier at home\simpsons_dataset\edna_krabappel\pic_0423.jpg	edna_krabappel
Simpsons character classifier at home\simpsons_dataset\edna_krabappel\pic_0424.jpg	edna_krabappel
Simpsons character classifier at home\simpsons_dataset\edna_krabappel\pic_0425.jpg	edna_krabappel
Simpsons character classifier at home\simpsons_dataset\edna_krabappel\pic_0426.jpg	edna_krabappel
Simpsons character classifier at home\simpsons_dataset\edna_krabappel\pic_0427.jpg	edna_krabappel
Simpsons character classifier at home\simpsons_dataset\edna_krabappel\pic_0428.jpg	edna_krabappel
Simpsons character classifier at home\simpsons_dataset\edna_krabappel\pic_0429.jpg	edna_krabappel
Simpsons character classifier at home\simpsons_dataset\edna_krabappel\pic_0430.jpg	edna_krabappel
Simpsons character classifier at home\simpsons_dataset\edna_krabappel\pic_0431.jpg	edna_krabappel
Simpsons character classifier at home\simpsons_dataset\edna_krabappel\pic_0432.jpg	edna_krabappel
Simpsons character classifier at home\simpsons_dataset\edna_krabappel\pic_0433.jpg	edna_krabappel
Simpsons character classifier at home\simpsons_dataset\edna_krabappel\pic_0434.jpg	edna_krabappel
Simpsons character classifier at home\simpsons_dataset\edna_krabappel\pic_0435.jpg	edna_krabappel
Simpsons character classifier at home\simpsons_dataset\edna_krabappel\pic_0436.jpg	edna_krabappel
Simpsons character classifier at home\simpsons_dataset\edna_krabappel\pic_0437.jpg	edna_krabappel
Simpsons character classifier at home\simpsons_dataset\edna_krabappel\pic_0438.jpg	edna_krabappel
Simpsons character classifier at home\simpsons_dataset\edna_krabappel\pic_0439.jpg	edna_krabappel
Simpsons character classifier at home\simpsons_dataset\edna_krabappel\pic_0440.jpg	edna_krabappel
Simpsons character classifier at home\simpsons_dataset\edna_krabappel\pic_0441.jpg	edna_krabappel
Simpsons character classifier at home\simpsons_dataset\edna_krabappel\pic_0442.jpg	edna_krabappel
Simpsons character classifier at home\simpsons_dataset\edna_krabappel\pic_0443.jpg	edna_krabappel
Simpsons character classifier at home\simpsons_dataset\edna_krabappel\pic_0444.jpg	edna_krabappel
Simpsons character classifier at home\simpsons_dataset\edna_krabappel\pic_0445.jpg	edna_krabappel
Simpsons character classifier at home\simpsons_dataset\edna_krabappel\pic_0446.jpg	edna_krabappel
Simpsons character classifier at home\simpsons_dataset\edna_krabappel\pic_0447.jpg	edna_krabappel
Simpsons character classifier at home\simpsons_dataset\edna_krabappel\pic_0448.jpg	edna_krabappel
Simpsons character classifier at home\simpsons_dataset\edna_krabappel\pic_0449.jpg	edna_krabappel
Simpsons character classifier at home\simpsons_dataset\edna_krabappel\pic_0450.jpg	edna_krabappel
Simpsons character classifier at home\simpsons_dataset\edna_krabappel\pic_0451.jpg	edna_krabappel
Simpsons character classifier at home\simpsons_dataset\edna_krabappel\pic_0452.jpg	edna_krabappel
Simpsons character classifier at home\simpsons_dataset\edna_krabappel\pic_0453.jpg	edna_krabappel
Simpsons character classifier at home\simpsons_dataset\edna_krabappel\pic_0454.jpg	edna_krabappel
Simpsons character classifier at home\simpsons_dataset\edna_krabappel\pic_0455.jpg	edna_krabappel
Simpsons character classifier at home\simpsons_dataset\edna_krabappel\pic_0456.jpg	edna_krabappel
Simpsons character classifier at home\simpsons_dataset\edna_krabappel\pic_0457.jpg	edna_krabappel
Simpsons character classifier at home\simpsons_dataset\edna_krabappel\pic_0458.jpg	edna_krabappel
