Simpsons character classifier at home\simpsons_dataset\kent_brockman\pic_0000.jpg	kent_brockman
Simpsons character classifier at home\simpsons_dataset\kent_brockman\pic_0001.jpg	kent_brockman
Simpsons character classifier at home\simpsons_dataset\kent_brockman\pic_0002.jpg	kent_brockman
Simpsons character classifier at home\simpsons_dataset\kent_brockman\pic_0003.jpg	kent_brockman
Simpsons character classifier at home\simpsons_dataset\kent_brockman\pic_0004.jpg	kent_brockman
Simpsons character classifier at home\simpsons_dataset\kent_brockman\pic_0005.jpg	kent_brockman
Simpsons character classifier at home\simpsons_dataset\kent_brockman\pic_0006.jpg	kent_brockman
Simpsons character classifier at home\simpsons_dataset\kent_brockman\pic_0007.jpg	kent_brockman
Simpsons character classifier at home\simpsons_dataset\kent_brockman\pic_0008.jpg	kent_brockman
Simpsons character classifier at home\simpsons_dataset\kent_brockman\pic_0009.jpg	kent_brockman
Simpsons character classifier at home\simpsons_dataset\kent_brockman\pic_0010.jpg	kent_brockman
Simpsons character classifier at home\simpsons_dataset\kent_brockman\pic_0011.jpg	kent_brockman
Simpsons character classifier at home\simpsons_dataset\kent_brockman\pic_0012.jpg	kent_brockman
Simpsons character classifier at home\simpsons_dataset\kent_brockman\pic_0013.jpg	kent_brockman
Simpsons character classifier at home\simpsons_dataset\kent_brockman\pic_0014.jpg	kent_brockman
Simpsons character classifier at home\simpsons_dataset\kent_brockman\pic_0015.jpg	kent_brockman
Simpsons character classifier at home\simpsons_dataset\kent_brockman\pic_0016.jpg	kent_brockman
Simpsons character classifier at home\simpsons_dataset\kent_brockman\pic_0017.jpg	kent_brockman
Simpsons character classifier at home\simpsons_dataset\kent_brockman\pic_0018.jpg	kent_brockman
Simpsons character classifier at home\simpsons_dataset\kent_brockman\pic_0019.jpg	kent_brockman
Simpsons character classifier at home\simpsons_dataset\kent_brockman\pic_0020.jpg	kent_brockman
Simpsons character classifier at home\simpsons_dataset\kent_brockman\pic_0021.jpg	kent_brockman
Simpsons character classifier at home\simpsons_dataset\kent_brockman\pic_0022.jpg	kent_brockman
Simpsons character classifier at home\simpsons_dataset\kent_brockman\pic_0023.jpg	kent_brockman
Simpsons character classifier at home\simpsons_dataset\kent_brockman\pic_0024.jpg	kent_brockman
Simpsons character classifier at home\simpsons_dataset\kent_brockman\pic_0025.jpg	kent_brockman
Simpsons character classifier at home\simpsons_dataset\kent_brockman\pic_0026.jpg	kent_brockman
Simpsons character classifier at home\simpsons_dataset\kent_brockman\pic_0027.jpg	kent_brockman
Simpsons character classifier at home\simpsons_dataset\kent_brockman\pic_0028.jpg	kent_brockman
Simpsons character classifier at home\simpsons_dataset\kent_brockman\pic_0029.jpg	kent_brockman
Simpsons character classifier at home\simpsons_dataset\kent_brockman\pic_0030.jpg	kent_brockman
Simpsons character classifier at home\simpsons_dataset\kent_brockman\pic_0031.jpg	kent_brockman
Simpsons character classifier at home\simpsons_dataset\kent_brockman\pic_0032.jpg	kent_brockman
Simpsons character classifier at home\simpsons_dataset\kent_brockman\pic_0033.jpg	kent_brockman
Simpsons character classifier at home\simpsons_dataset\kent_brockman\pic_0034.jpg	kent_brockman
Simpsons character classifier at home\simpsons_dataset\kent_brockman\pic_0035.jpg	kent_brockman
Simpsons character classifier at home\simpsons_dataset\kent_brockman\pic_0036.jpg	kent_brockman
Simpsons character classifier at home\simpsons_dataset\kent_brockman\pic_0037.jpg	kent_brockman
Simpsons character classifier at home\simpsons_dataset\kent_brockman\pic_0038.jpg	kent_brockman
Simpsons character classifier at home\simpsons_dataset\kent_brockman\pic_0039.jpg	kent_brockman
Simpsons character classifier at home\simpsons_dataset\kent_brockman\pic_0040.jpg	kent_brockman
Simpsons character classifier at home\simpsons_dataset\kent_brockman\pic_0041.jpg	kent_brockman
Simpsons character classifier at home\simpsons_dataset\kent_brockman\pic_0042.jpg	kent_brockman
Simpsons character classifier at home\simpsons_dataset\kent_brockman\pic_0043.jpg	kent_brockman
Simpsons character classifier at home\simpsons_dataset\kent_brockman\pic_0044.jpg	kent_brockman
Simpsons character classifier at home\simpsons_dataset\kent_brockman\pic_0045.jpg	kent_brockman
Simpsons character classifier at home\simpsons_dataset\kent_brockman\pic_0046.jpg	kent_brockman
Simpsons character classifier at home\simpsons_dataset\kent_brockman\pic_0047.jpg	kent_brockman
Simpsons character classifier at home\simpsons_dataset\kent_brockman\pic_0048.jpg	kent_brockman
Simpsons character classifier at home\simpsons_dataset\kent_brockman\pic_0049.jpg	kent_brockman
Simpsons character classifier at home\simpsons_dataset\kent_brockman\pic_0050.jpg	kent_brockman
Simpsons character classifier at home\simpsons_dataset\kent_brockman\pic_0051.jpg	kent_brockman
Simpsons character classifier at home\simpsons_dataset\kent_brockman\pic_0052.jpg	kent_brockman
Simpsons character classifier at home\simpsons_dataset\kent_brockman\pic_0053.jpg	kent_brockman
Simpsons character classifier at home\simpsons_dataset\kent_brockman\pic_0054.jpg	kent_brockman
Simpsons character classifier at home\simpsons_dataset\kent_brockman\pic_0055.jpg	kent_brockman
Simpsons character classifier at home\simpsons_dataset\kent_brockman\pic_0056.jpg	kent_brockman
Simpsons character classifier at home\simpsons_dataset\kent_brockman\pic_0057.jpg	kent_brockman
Simpsons character classifier at home\simpsons_dataset\kent_brockman\pic_0058.jpg	kent_brockman
Simpsons character classifier at home\simpsons_dataset\kent_brockman\pic_0059.jpg	kent_brockman
Simpsons character classifier at home\simpsons_dataset\kent_brockman\pic_0060.jpg	kent_brockman
Simpsons character classifier at home\simpsons_dataset\kent_brockman\pic_0061.jpg	kent_brockman
Simpsons character classifier at home\simpsons_dataset\kent_brockman\pic_0062.jpg	kent_brockman
Simpsons character classifier at home\simpsons_dataset\kent_brockman\pic_0063.jpg	kent_brockman
Simpsons character classifier at home\simpsons_dataset\kent_brockman\pic_0064.jpg	kent_brockman
Simpsons character classifier at home\simpsons_dataset\kent_brockman\pic_0065.jpg	kent_brockman
Simpsons character classifier at home\simpsons_dataset\kent_brockman\pic_0066.jpg	kent_brockman
Simpsons character classifier at home\simpsons_dataset\kent_brockman\pic_0067.jpg	kent_brockman
Simpsons character classifier at home\simpsons_dataset\kent_brockman\pic_0068.jpg	kent_brockman
Simpsons character classifier at home\simpsons_dataset\kent_brockman\pic_0069.jpg	kent_brockman
Simpsons character classifier at home\simpsons_dataset\kent_brockman\pic_0070.jpg	kent_brockman
Simpsons character classifier at home\simpsons_dataset\kent_brockman\pic_0071.jpg	kent_brockman
Simpsons character classifier at home\simpsons_dataset\kent_brockman\pic_0072.jpg	kent_brockman
Simpsons character classifier at home\simpsons_dataset\kent_brockman\pic_0073.jpg	kent_brockman
Simpsons character classifier at home\simpsons_dataset\kent_brockman\pic_0074.jpg	kent_brockman
Simpsons character classifier at home\simpsons_dataset\kent_brockman\pic_0075.jpg	kent_brockman
Simpsons character classifier at home\simpsons_dataset\kent_brockman\pic_0076.jpg	kent_brockman
Simpsons character classifier at home\simpsons_dataset\kent_brockman\pic_0077.jpg	kent_brockman
Simpsons character classifier at home\simpsons_dataset\kent_brockman\pic_0078.jpg	kent_brockman
Simpsons character classifier at home\simpsons_dataset\kent_brockman\pic_0079.jpg	kent_brockman
Simpsons character classifier at home\simpsons_dataset\kent_brockman\pic_0080.jpg	kent_brockman
Simpsons character classifier at home\simpsons_dataset\kent_brockman\pic_0081.jpg	kent_brockman
Simpsons character classifier at home\simpsons_dataset\kent_brockman\pic_0082.jpg	kent_brockman
Simpsons character classifier at home\simpsons_dataset\kent_brockman\pic_0083.jpg	kent_brockman
Simpsons character classifier at home\simpsons_dataset\kent_brockman\pic_0084.jpg	kent_brockman
Simpsons character classifier at home\simpsons_dataset\kent_brockman\pic_0085.jpg	kent_brockman
Simpsons character classifier at home\simpsons_dataset\kent_brockman\pic_0086.jpg	kent_brockman
Simpsons character classifier at home\simpsons_dataset\kent_brockman\pic_0087.jpg	kent_brockman
Simpsons character classifier at home\simpsons_dataset\kent_brockman\pic_0088.jpg	kent_brockman
Simpsons character classifier at home\simpsons_dataset\kent_brockman\pic_0089.jpg	kent_brockman
Simpsons character classifier at home\simpsons_dataset\kent_brockman\pic_0090.jpg	kent_brockman
Simpsons character classifier at home\simpsons_dataset\kent_brockman\pic_0091.jpg	kent_brockman
Simpsons character classifier at home\simpsons_dataset\kent_brockman\pic_0092.jpg	kent_brockman
Simpsons character classifier at home\simpsons_dataset\kent_brockman\pic_0093.jpg	kent_brockman
Simpsons character classifier at home\simpsons_dataset\kent_brockman\pic_0094.jpg	kent_brockman
Simpsons character classifier at home\simpsons_dataset\kent_brockman\pic_0095.jpg	kent_brockman
Simpsons character classifier at home\simpsons_dataset\kent_brockman\pic_0096.jpg	kent_brockman
Simpsons character classifier at home\simpsons_dataset\kent_brockman\pic_0097.jpg	kent_brockman
Simpsons character classifier at home\simpsons_dataset\kent_brockman\pic_0098.jpg	kent_brockman
Simpsons character classifier at home\simpsons_dataset\kent_brockman\pic_0099.jpg	kent_brockman
Simpsons character classifier at home\simpsons_dataset\kent_brockman\pic_0100.jpg	kent_brockman
Simpsons character classifier at home\simpsons_dataset\kent_brockman\pic_0101.jpg	kent_brockman
Simpsons character classifier at home\simpsons_dataset\kent_brockman\pic_0102.jpg	kent_brockman
Simpsons character classifier at home\simpsons_dataset\kent_brockman\pic_0103.jpg	kent_brockman
Simpsons character classifier at home\simpsons_dataset\kent_brockman\pic_0104.jpg	kent_brockman
Simpsons character classifier at home\simpsons_dataset\kent_brockman\pic_0105.jpg	kent_brockman
Simpsons character classifier at home\simpsons_dataset\kent_brockman\pic_0106.jpg	kent_brockman
Simpsons character classifier at home\simpsons_dataset\kent_brockman\pic_0107.jpg	kent_brockman
Simpsons character classifier at home\simpsons_dataset\kent_brockman\pic_0108.jpg	kent_brockman
Simpsons character classifier at home\simpsons_dataset\kent_brockman\pic_0109.jpg	kent_brockman
Simpsons character classifier at home\simpsons_dataset\kent_brockman\pic_0110.jpg	kent_brockman
Simpsons character classifier at home\simpsons_dataset\kent_brockman\pic_0111.jpg	kent_brockman
Simpsons character classifier at home\simpsons_dataset\kent_brockman\pic_0112.jpg	kent_brockman
Simpsons character classifier at home\simpsons_dataset\kent_brockman\pic_0113.jpg	kent_brockman
Simpsons character classifier at home\simpsons_dataset\kent_brockman\pic_0114.jpg	kent_brockman
Simpsons character classifier at home\simpsons_dataset\kent_brockman\pic_0115.jpg	kent_brockman
Simpsons character classifier at home\simpsons_dataset\kent_brockman\pic_0116.jpg	kent_brockman
Simpsons character classifier at home\simpsons_dataset\kent_brockman\pic_0117.jpg	kent_brockman
Simpsons character classifier at home\simpsons_dataset\kent_brockman\pic_0118.jpg	kent_brockman
Simpsons character classifier at home\simpsons_dataset\kent_brockman\pic_0119.jpg	kent_brockman
Simpsons character classifier at home\simpsons_dataset\kent_brockman\pic_0120.jpg	kent_brockman
Simpsons character classifier at home\simpsons_dataset\kent_brockman\pic_0121.jpg	kent_brockman
Simpsons character classifier at home\simpsons_dataset\kent_brockman\pic_0122.jpg	kent_brockman
Simpsons character classifier at home\simpsons_dataset\kent_brockman\pic_0123.jpg	kent_brockman
Simpsons character classifier at home\simpsons_dataset\kent_brockman\pic_0124.jpg	kent_brockman
Simpsons character classifier at home\simpsons_dataset\kent_brockman\pic_0125.jpg	kent_brockman
Simpsons character classifier at home\simpsons_dataset\kent_brockman\pic_0126.jpg	kent_brockman
Simpsons character classifier at home\simpsons_dataset\kent_brockman\pic_0127.jpg	kent_brockman
Simpsons character classifier at home\simpsons_dataset\kent_brockman\pic_0128.jpg	kent_brockman
Simpsons character classifier at home\simpsons_dataset\kent_brockman\pic_0129.jpg	kent_brockman
Simpsons character classifier at home\simpsons_dataset\kent_brockman\pic_0130.jpg	kent_brockman
Simpsons character classifier at home\simpsons_dataset\kent_brockman\pic_0131.jpg	kent_brockman
Simpsons character classifier at home\simpsons_dataset\kent_brockman\pic_0132.jpg	kent_brockman
Simpsons character classifier at home\simpsons_dataset\kent_brockman\pic_0133.jpg	kent_brockman
Simpsons character classifier at home\simpsons_dataset\kent_brockman\pic_0134.jpg	kent_brockman
Simpsons character classifier at home\simpsons_dataset\kent_brockman\pic_0135.jpg	kent_brockman
Simpsons character classifier at home\simpsons_dataset\kent_brockman\pic_0136.jpg	kent_brockman
Simpsons character classifier at home\simpsons_dataset\kent_brockman\pic_0137.jpg	kent_brockman
Simpsons character classifier at home\simpsons_dataset\kent_brockman\pic_0138.jpg	kent_brockman
Simpsons character classifier at home\simpsons_dataset\kent_brockman\pic_0139.jpg	kent_brockman
Simpsons character classifier at home\simpsons_dataset\kent_brockman\pic_0140.jpg	kent_brockman
Simpsons character classifier at home\simpsons_dataset\kent_brockman\pic_0141.jpg	kent_brockman
Simpsons character classifier at home\simpsons_dataset\kent_brockman\pic_0142.jpg	kent_brockman
Simpsons character classifier at home\simpsons_dataset\kent_brockman\pic_0143.jpg	kent_brockman
Simpsons character classifier at home\simpsons_dataset\kent_brockman\pic_0144.jpg	kent_brockman
Simpsons character classifier at home\simpsons_dataset\kent_brockman\pic_0145.jpg	kent_brockman
Simpsons character classifier at home\simpsons_dataset\kent_brockman\pic_0146.jpg	kent_brockman
Simpsons character classifier at home\simpsons_dataset\kent_brockman\pic_0147.jpg	kent_brockman
Simpsons character classifier at home\simpsons_dataset\kent_brockman\pic_0148.jpg	kent_brockman
Simpsons character classifier at home\simpsons_dataset\kent_brockman\pic_0149.jpg	kent_brockman
Simpsons character classifier at home\simpsons_dataset\kent_brockman\pic_0150.jpg	kent_brockman
Simpsons character classifier at home\simpsons_dataset\kent_brockman\pic_0151.jpg	kent_brockman
Simpsons character classifier at home\simpsons_dataset\kent_brockman\pic_0152.jpg	kent_brockman
Simpsons character classifier at home\simpsons_dataset\kent_brockman\pic_0153.jpg	kent_brockman
Simpsons character classifier at home\simpsons_dataset\kent_brockman\pic_0154.jpg	kent_brockman
Simpsons character classifier at home\simpsons_dataset\kent_brockman\pic_0155.jpg	kent_brockman
Simpsons character classifier at home\simpsons_dataset\kent_brockman\pic_0156.jpg	kent_brockman
Simpsons character classifier at home\simpsons_dataset\kent_brockman\pic_0157.jpg	kent_brockman
Simpsons character classifier at home\simpsons_dataset\kent_brockman\pic_0158.jpg	kent_brockman
Simpsons character classifier at home\simpsons_dataset\kent_brockman\pic_0159.jpg	kent_brockman
Simpsons character classifier at home\simpsons_dataset\kent_brockman\pic_0160.jpg	kent_brockman
Simpsons character classifier at home\simpsons_dataset\kent_brockman\pic_0161.jpg	kent_brockman
Simpsons character classifier at home\simpsons_dataset\kent_brockman\pic_0162.jpg	kent_brockman
Simpsons character classifier at home\simpsons_dataset\kent_brockman\pic_0163.jpg	kent_brockman
Simpsons character classifier at home\simpsons_dataset\kent_brockman\pic_0164.jpg	kent_brockman
Simpsons character classifier at home\simpsons_dataset\kent_brockman\pic_0165.jpg	kent_brockman
Simpsons character classifier at home\simpsons_dataset\kent_brockman\pic_0166.jpg	kent_brockman
Simpsons character classifier at home\simpsons_dataset\kent_brockman\pic_0167.jpg	kent_brockman
Simpsons character classifier at home\simpsons_dataset\kent_brockman\pic_0168.jpg	kent_brockman
Simpsons character classifier at home\simpsons_dataset\kent_brockman\pic_0169.jpg	kent_brockman
Simpsons character classifier at home\simpsons_dataset\kent_brockman\pic_0170.jpg	kent_brockman
Simpsons character classifier at home\simpsons_dataset\kent_brockman\pic_0171.jpg	kent_brockman
Simpsons character classifier at home\simpsons_dataset\kent_brockman\pic_0172.jpg	kent_brockman
Simpsons character classifier at home\simpsons_dataset\kent_brockman\pic_0173.jpg	kent_brockman
Simpsons character classifier at home\simpsons_dataset\kent_brockman\pic_0174.jpg	kent_brockman
Simpsons character classifier at home\simpsons_dataset\kent_brockman\pic_0175.jpg	kent_brockman
Simpsons character classifier at home\simpsons_dataset\kent_brockman\pic_0176.jpg	kent_brockman
Simpsons character classifier at home\simpsons_dataset\kent_brockman\pic_0177.jpg	kent_brockman
Simpsons character classifier at home\simpsons_dataset\kent_brockman\pic_0178.jpg	kent_brockman
Simpsons character classifier at home\simpsons_dataset\kent_brockman\pic_0179.jpg	kent_brockman
Simpsons character classifier at home\simpsons_dataset\kent_brockman\pic_0180.jpg	kent_brockman
Simpsons character classifier at home\simpsons_dataset\kent_brockman\pic_0181.jpg	kent_brockman
Simpsons character classifier at home\simpsons_dataset\kent_brockman\pic_0182.jpg	kent_brockman
Simpsons character classifier at home\simpsons_dataset\kent_brockman\pic_0183.jpg	kent_brockman
Simpsons character classifier at home\simpsons_dataset\kent_brockman\pic_0184.jpg	kent_brockman
Simpsons character classifier at home\simpsons_dataset\kent_brockman\pic_0185.jpg	kent_brockman
Simpsons character classifier at home\simpsons_dataset\kent_brockman\pic_0186.jpg	kent_brockman
Simpsons character classifier at home\simpsons_dataset\kent_brockman\pic_0187.jpg	kent_brockman
Simpsons character classifier at home\simpsons_dataset\kent_brockman\pic_0188.jpg	kent_brockman
Simpsons character classifier at home\simpsons_dataset\kent_brockman\pic_0189.jpg	kent_brockman
Simpsons character classifier at home\simpsons_dataset\kent_brockman\pic_0190.jpg	kent_brockman
Simpsons character classifier at home\simpsons_dataset\kent_brockman\pic_0191.jpg	kent_brockman
Simpsons character classifier at home\simpsons_dataset\kent_brockman\pic_0192.jpg	kent_brockman
Simpsons character classifier at home\simpsons_dataset\kent_brockman\pic_0193.jpg	kent_brockman
Simpsons character classifier at home\simpsons_dataset\kent_brockman\pic_0194.jpg	kent_brockman
Simpsons character classifier at home\simpsons_dataset\kent_brockman\pic_0195.jpg	kent_brockman
Simpsons character classifier at home\simpsons_dataset\kent_brockman\pic_0196.jpg	kent_brockman
Simpsons character classifier at home\simpsons_dataset\kent_brockman\pic_0197.jpg	kent_brockman
Simpsons character classifier at home\simpsons_dataset\kent_brockman\pic_0198.jpg	kent_brockman
Simpsons character classifier at home\simpsons_dataset\kent_brockman\pic_0199.jpg	kent_brockman
Simpsons character classifier at home\simpsons_dataset\kent_brockman\pic_0200.jpg	kent_brockman
Simpsons character classifier at home\simpsons_dataset\kent_brockman\pic_0201.jpg	kent_brockman
Simpsons character classifier at home\simpsons_dataset\kent_brockman\pic_0202.jpg	kent_brockman
Simpsons character classifier at home\simpsons_dataset\kent_brockman\pic_0203.jpg	kent_brockman
Simpsons character classifier at home\simpsons_dataset\kent_brockman\pic_0204.jpg	kent_brockman
Simpsons character classifier at home\simpsons_dataset\kent_brockman\pic_0205.jpg	kent_brockman
Simpsons character classifier at home\simpsons_dataset\kent_brockman\pic_0206.jpg	kent_brockman
Simpsons character classifier at home\simpsons_dataset\kent_brockman\pic_0207.jpg	kent_brockman
Simpsons character classifier at home\simpsons_dataset\kent_brockman\pic_0208.jpg	kent_brockman
Simpsons character classifier at home\simpsons_dataset\kent_brockman\pic_0209.jpg	kent_brockman
Simpsons character classifier at home\simpsons_dataset\kent_brockman\pic_0210.jpg	kent_brockman
Simpsons character classifier at home\simpsons_dataset\kent_brockman\pic_0211.jpg	kent_brockman
Simpsons character classifier at home\simpsons_dataset\kent_brockman\pic_0212.jpg	kent_brockman
Simpsons character classifier at home\simpsons_dataset\kent_brockman\pic_0213.jpg	kent_brockman
Simpsons character classifier at home\simpsons_dataset\kent_brockman\pic_0214.jpg	kent_brockman
Simpsons character classifier at home\simpsons_dataset\kent_brockman\pic_0215.jpg	kent_brockman
Simpsons character classifier at home\simpsons_dataset\kent_brockman\pic_0216.jpg	kent_brockman
Simpsons character classifier at home\simpsons_dataset\kent_brockman\pic_0217.jpg	kent_brockman
Simpsons character classifier at home\simpsons_dataset\kent_brockman\pic_0218.jpg	kent_brockman
Simpsons character classifier at home\simpsons_dataset\kent_brockman\pic_0219.jpg	kent_brockman
Simpsons character classifier at home\simpsons_dataset\kent_brockman\pic_0220.jpg	kent_brockman
Simpsons character classifier at home\simpsons_dataset\kent_brockman\pic_0221.jpg	kent_brockman
Simpsons character classifier at home\simpsons_dataset\kent_brockman\pic_0222.jpg	kent_brockman
Simpsons character classifier at home\simpsons_dataset\kent_brockman\pic_0223.jpg	kent_brockman
Simpsons character classifier at home\simpsons_dataset\kent_brockman\pic_0224.jpg	kent_brockman
Simpsons character classifier at home\simpsons_dataset\kent_brockman\pic_0225.jpg	kent_brockman
Simpsons character classifier at home\simpsons_dataset\kent_brockman\pic_0226.jpg	kent_brockman
Simpsons character classifier at home\simpsons_dataset\kent_brockman\pic_0227.jpg	kent_brockman
Simpsons character classifier at home\simpsons_dataset\kent_brockman\pic_0228.jpg	kent_brockman
Simpsons character classifier at home\simpsons_dataset\kent_brockman\pic_0229.jpg	kent_brockman
Simpsons character classifier at home\simpsons_dataset\kent_brockman\pic_0230.jpg	kent_brockman
Simpsons character classifier at home\simpsons_dataset\kent_brockman\pic_0231.jpg	kent_brockman
Simpsons character classifier at home\simpsons_dataset\kent_brockman\pic_0232.jpg	kent_brockman
Simpsons character classifier at home\simpsons_dataset\kent_brockman\pic_0233.jpg	kent_brockman
Simpsons character classifier at home\simpsons_dataset\kent_brockman\pic_0234.jpg	kent_brockman
Simpsons character classifier at home\simpsons_dataset\kent_brockman\pic_0235.jpg	kent_brockman
Simpsons character classifier at home\simpsons_dataset\kent_brockman\pic_0236.jpg	kent_brockman
Simpsons character classifier at home\simpsons_dataset\kent_brockman\pic_0237.jpg	kent_brockman
Simpsons character classifier at home\simpsons_dataset\kent_brockman\pic_0238.jpg	kent_brockman
Simpsons character classifier at home\simpsons_dataset\kent_brockman\pic_0239.jpg	kent_brockman
Simpsons character classifier at home\simpsons_dataset\kent_brockman\pic_0240.jpg	kent_brockman
Simpsons character classifier at home\simpsons_dataset\kent_brockman\pic_0241.jpg	kent_brockman
Simpsons character classifier at home\simpsons_dataset\kent_brockman\pic_0242.jpg	kent_brockman
Simpsons character classifier at home\simpsons_dataset\kent_brockman\pic_0243.jpg	kent_brockman
Simpsons character classifier at home\simpsons_dataset\kent_brockman\pic_0244.jpg	kent_brockman
Simpsons character classifier at home\simpsons_dataset\kent_brockman\pic_0245.jpg	kent_brockman
Simpsons character classifier at home\simpsons_dataset\kent_brockman\pic_0246.jpg	kent_brockman
Simpsons character classifier at home\simpsons_dataset\kent_brockman\pic_0247.jpg	kent_brockman
Simpsons character classifier at home\simpsons_dataset\kent_brockman\pic_0248.jpg	kent_brockman
Simpsons character classifier at home\simpsons_dataset\kent_brockman\pic_0249.jpg	kent_brockman
Simpsons character classifier at home\simpsons_dataset\kent_brockman\pic_0250.jpg	kent_brockman
Simpsons character classifier at home\simpsons_dataset\kent_brockman\pic_0251.jpg	kent_brockman
Simpsons character classifier at home\simpsons_dataset\kent_brockman\pic_0252.jpg	kent_brockman
Simpsons character classifier at home\simpsons_dataset\kent_brockman\pic_0253.jpg	kent_brockman
Simpsons character classifier at home\simpsons_dataset\kent_brockman\pic_0254.jpg	kent_brockman
Simpsons character classifier at home\simpsons_dataset\kent_brockman\pic_0255.jpg	kent_brockman
Simpsons character classifier at home\simpsons_dataset\kent_brockman\pic_0256.jpg	kent_brockman
Simpsons character classifier at home\simpsons_dataset\kent_brockman\pic_0257.jpg	kent_brockman
Simpsons character classifier at home\simpsons_dataset\kent_brockman\pic_0258.jpg	kent_brockman
Simpsons character classifier at home\simpsons_dataset\kent_brockman\pic_0259.jpg	kent_brockman
Simpsons character classifier at home\simpsons_dataset\kent_brockman\pic_0260.jpg	kent_brockman
Simpsons character classifier at home\simpsons_dataset\kent_brockman\pic_0261.jpg	kent_brockman
Simpsons character classifier at home\simpsons_dataset\kent_brockman\pic_0262.jpg	kent_brockman
Simpsons character classifier at home\simpsons_dataset\kent_brockman\pic_0263.jpg	kent_brockman
Simpsons character classifier at home\simpsons_dataset\kent_brockman\pic_0264.jpg	kent_brockman
Simpsons character classifier at home\simpsons_dataset\kent_brockman\pic_0265.jpg	kent_brockman
Simpsons character classifier at home\simpsons_dataset\kent_brockman\pic_0266.jpg	kent_brockman
Simpsons character classifier at home\simpsons_dataset\kent_brockman\pic_0267.jpg	kent_brockman
Simpsons character classifier at home\simpsons_dataset\kent_brockman\pic_0268.jpg	kent_brockman
Simpsons character classifier at home\simpsons_dataset\kent_brockman\pic_0269.jpg	kent_brockman
Simpsons character classifier at home\simpsons_dataset\kent_brockman\pic_0270.jpg	kent_brockman
Simpsons character classifier at home\simpsons_dataset\kent_brockman\pic_0271.jpg	kent_brockman
Simpsons character classifier at home\simpsons_dataset\kent_brockman\pic_0272.jpg	kent_brockman
Simpsons character classifier at home\simpsons_dataset\kent_brockman\pic_0273.jpg	kent_brockman
Simpsons character classifier at home\simpsons_dataset\kent_brockman\pic_0274.jpg	kent_brockman
Simpsons character classifier at home\simpsons_dataset\kent_brockman\pic_0275.jpg	kent_brockman
Simpsons character classifier at home\simpsons_dataset\kent_brockman\pic_0276.jpg	kent_brockman
Simpsons character classifier at home\simpsons_dataset\kent_brockman\pic_0277.jpg	kent_brockman
Simpsons character classifier at home\simpsons_dataset\kent_brockman\pic_0278.jpg	kent_brockman
Simpsons character classifier at home\simpsons_dataset\kent_brockman\pic_0279.jpg	kent_brockman
Simpsons character classifier at home\simpsons_dataset\kent_brockman\pic_0280.jpg	kent_brockman
Simpsons character classifier at home\simpsons_dataset\kent_brockman\pic_0281.jpg	kent_brockman
Simpsons character classifier at home\simpsons_dataset\kent_brockman\pic_0282.jpg	kent_brockman
Simpsons character classifier at home\simpsons_dataset\kent_brockman\pic_0283.jpg	kent_brockman
Simpsons character classifier at home\simpsons_dataset\kent_brockman\pic_0284.jpg	kent_brockman
Simpsons character classifier at home\simpsons_dataset\kent_brockman\pic_0285.jpg	kent_brockman
Simpsons character classifier at home\simpsons_dataset\kent_brockman\pic_0286.jpg	kent_brockman
Simpsons character classifier at home\simpsons_dataset\kent_brockman\pic_0287.jpg	kent_brockman
Simpsons character classifier at home\simpsons_dataset\kent_brockman\pic_0288.jpg	kent_brockman
Simpsons character classifier at home\simpsons_dataset\kent_brockman\pic_0289.jpg	kent_brockman
Simpsons character classifier at home\simpsons_dataset\kent_brockman\pic_0290.jpg	kent_brockman
Simpsons character classifier at home\simpsons_dataset\kent_brockman\pic_0291.jpg	kent_brockman
Simpsons character classifier at home\simpsons_dataset\kent_brockman\pic_0292.jpg	kent_brockman
Simpsons character classifier at home\simpsons_dataset\kent_brockman\pic_0293.jpg	kent_brockman
Simpsons character classifier at home\simpsons_dataset\kent_brockman\pic_0294.jpg	kent_brockman
Simpsons character classifier at home\simpsons_dataset\kent_brockman\pic_0295.jpg	kent_brockman
Simpsons character classifier at home\simpsons_dataset\kent_brockman\pic_0296.jpg	kent_brockman
Simpsons character classifier at home\simpsons_dataset\kent_brockman\pic_0297.jpg	kent_brockman
Simpsons character classifier at home\simpsons_dataset\kent_brockman\pic_0298.jpg	kent_brockman
Simpsons character classifier at home\simpsons_dataset\kent_brockman\pic_0299.jpg	kent_brockman
Simpsons character classifier at home\simpsons_dataset\kent_brockman\pic_0300.jpg	kent_brockman
Simpsons character classifier at home\simpsons_dataset\kent_brockman\pic_0301.jpg	kent_brockman
Simpsons character classifier at home\simpsons_dataset\kent_brockman\pic_0302.jpg	kent_brockman
Simpsons character classifier at home\simpsons_dataset\kent_brockman\pic_0303.jpg	kent_brockman
Simpsons character classifier at home\simpsons_dataset\kent_brockman\pic_0304.jpg	kent_brockman
Simpsons character classifier at home\simpsons_dataset\kent_brockman\pic_0305.jpg	kent_brockman
Simpsons character classifier at home\simpsons_dataset\kent_brockman\pic_0306.jpg	kent_brockman
Simpsons character classifier at home\simpsons_dataset\kent_brockman\pic_0307.jpg	kent_brockman
Simpsons character classifier at home\simpsons_dataset\kent_brockman\pic_0308.jpg	kent_brockman
Simpsons character classifier at home\simpsons_dataset\kent_brockman\pic_0309.jpg	kent_brockman
Simpsons character classifier at home\simpsons_dataset\kent_brockman\pic_0310.jpg	kent_brockman
Simpsons character classifier at home\simpsons_dataset\kent_brockman\pic_0311.jpg	kent_brockman
Simpsons character classifier at home\simpsons_dataset\kent_brockman\pic_0312.jpg	kent_brockman
Simpsons character classifier at home\simpsons_dataset\kent_brockman\pic_0313.jpg	kent_brockman
Simpsons character classifier at home\simpsons_dataset\kent_brockman\pic_0314.jpg	kent_brockman
Simpsons character classifier at home\simpsons_dataset\kent_brockman\pic_0315.jpg	kent_brockman
Simpsons character classifier at home\simpsons_dataset\kent_brockman\pic_0316.jpg	kent_brockman
Simpsons character classifier at home\simpsons_dataset\kent_brockman\pic_0317.jpg	kent_brockman
Simpsons character classifier at home\simpsons_dataset\kent_brockman\pic_0318.jpg	kent_brockman
Simpsons character classifier at home\simpsons_dataset\kent_brockman\pic_0319.jpg	kent_brockman
Simpsons character classifier at home\simpsons_dataset\kent_brockman\pic_0320.jpg	kent_brockman
Simpsons character classifier at home\simpsons_dataset\kent_brockman\pic_0321.jpg	kent_brockman
Simpsons character classifier at home\simpsons_dataset\kent_brockman\pic_0322.jpg	kent_brockman
Simpsons character classifier at home\simpsons_dataset\kent_brockman\pic_0323.jpg	kent_brockman
Simpsons character classifier at home\simpsons_dataset\kent_brockman\pic_0324.jpg	kent_brockman
Simpsons character classifier at home\simpsons_dataset\kent_brockman\pic_0325.jpg	kent_brockman
Simpsons character classifier at home\simpsons_dataset\kent_brockman\pic_0326.jpg	kent_brockman
Simpsons character classifier at home\simpsons_dataset\kent_brockman\pic_0327.jpg	kent_brockman
Simpsons character classifier at home\simpsons_dataset\kent_brockman\pic_0328.jpg	kent_brockman
Simpsons character classifier at home\simpsons_dataset\kent_brockman\pic_0329.jpg	kent_brockman
Simpsons character classifier at home\simpsons_dataset\kent_brockman\pic_0330.jpg	kent_brockman
Simpsons character classifier at home\simpsons_dataset\kent_brockman\pic_0331.jpg	kent_brockman
Simpsons character classifier at home\simpsons_dataset\kent_brockman\pic_0332.jpg	kent_brockman
Simpsons character classifier at home\simpsons_dataset\kent_brockman\pic_0333.jpg	kent_brockman
Simpsons character classifier at home\simpsons_dataset\kent_brockman\pic_0334.jpg	kent_brockman
Simpsons character classifier at home\simpsons_dataset\kent_brockman\pic_0335.jpg	kent_brockman
Simpsons character classifier at home\simpsons_dataset\kent_brockman\pic_0336.jpg	kent_brockman
Simpsons character classifier at home\simpsons_dataset\kent_brockman\pic_0337.jpg	kent_brockman
Simpsons character classifier at home\simpsons_dataset\kent_brockman\pic_0338.jpg	kent_brockman
Simpsons character classifier at home\simpsons_dataset\kent_brockman\pic_0339.jpg	kent_brockman
Simpsons character classifier at home\simpsons_dataset\kent_brockman\pic_0340.jpg	kent_brockman
Simpsons character classifier at home\simpsons_dataset\kent_brockman\pic_0341.jpg	kent_brockman
Simpsons character classifier at home\simpsons_dataset\kent_brockman\pic_0342.jpg	kent_brockman
Simpsons character classifier at home\simpsons_dataset\kent_brockman\pic_0343.jpg	kent_brockman
Simpsons character classifier at home\simpsons_dataset\kent_brockman\pic_0344.jpg	kent_brockman
Simpsons character classifier at home\simpsons_dataset\kent_brockman\pic_0345.jpg	kent_brockman
Simpsons character classifier at home\simpsons_dataset\kent_brockman\pic_0346.jpg	kent_brockman
Simpsons character classifier at home\simpsons_dataset\kent_brockman\pic_0347.jpg	kent_brockman
Simpsons character classifier at home\simpsons_dataset\kent_brockman\pic_0348.jpg	kent_brockman
Simpsons character classifier at home\simpsons_dataset\kent_brockman\pic_0349.jpg	kent_brockman
Simpsons character classifier at home\simpsons_dataset\kent_brockman\pic_0350.jpg	kent_brockman
Simpsons character classifier at home\simpsons_dataset\kent_brockman\pic_0351.jpg	kent_brockman
Simpsons character classifier at home\simpsons_dataset\kent_brockman\pic_0352.jpg	kent_brockman
Simpsons character classifier at home\simpsons_dataset\kent_brockman\pic_0353.jpg	kent_brockman
Simpsons character classifier at home\simpsons_dataset\kent_brockman\pic_0354.jpg	kent_brockman
Simpsons character classifier at home\simpsons_dataset\kent_brockman\pic_0355.jpg	kent_brockman
Simpsons character classifier at home\simpsons_dataset\kent_brockman\pic_0356.jpg	kent_brockman
Simpsons character classifier at home\simpsons_dataset\kent_brockman\pic_0357.jpg	kent_brockman
Simpsons character classifier at home\simpsons_dataset\kent_brockman\pic_0358.jpg	kent_brockman
Simpsons character classifier at home\simpsons_dataset\kent_brockman\pic_0359.jpg	kent_brockman
Simpsons character classifier at home\simpsons_dataset\kent_brockman\pic_0360.jpg	kent_brockman
Simpsons character classifier at home\simpsons_dataset\kent_brockman\pic_0361.jpg	kent_brockman
Simpsons character classifier at home\simpsons_dataset\kent_brockman\pic_0362.jpg	kent_brockman
Simpsons character classifier at home\simpsons_dataset\kent_brockman\pic_0363.jpg	kent_brockman
Simpsons character classifier at home\simpsons_dataset\kent_brockman\pic_0364.jpg	kent_brockman
Simpsons character classifier at home\simpsons_dataset\kent_brockman\pic_0365.jpg	kent_brockman
Simpsons character classifier at home\simpsons_dataset\kent_brockman\pic_0366.jpg	kent_brockman
Simpsons character classifier at home\simpsons_dataset\kent_brockman\pic_0367.jpg	kent_brockman
Simpsons character classifier at home\simpsons_dataset\kent_brockman\pic_0368.jpg	kent_brockman
Simpsons character classifier at home\simpsons_dataset\kent_brockman\pic_0369.jpg	kent_brockman
Simpsons character classifier at home\simpsons_dataset\kent_brockman\pic_0370.jpg	kent_brockman
Simpsons character classifier at home\simpsons_dataset\kent_brockman\pic_0371.jpg	kent_brockman
Simpsons character classifier at home\simpsons_dataset\kent_brockman\pic_0372.jpg	kent_brockman
Simpsons character classifier at home\simpsons_dataset\kent_brockman\pic_0373.jpg	kent_brockman
Simpsons character classifier at home\simpsons_dataset\kent_brockman\pic_0374.jpg	kent_brockman
Simpsons character classifier at home\simpsons_dataset\kent_brockman\pic_0375.jpg	kent_brockman
Simpsons character classifier at home\simpsons_dataset\kent_brockman\pic_0376.jpg	kent_brockman
Simpsons character classifier at home\simpsons_dataset\kent_brockman\pic_0377.jpg	kent_brockman
Simpsons character classifier at home\simpsons_dataset\kent_brockman\pic_0378.jpg	kent_brockman
Simpsons character classifier at home\simpsons_dataset\kent_brockman\pic_0379.jpg	kent_brockman
Simpsons character classifier at home\simpsons_dataset\kent_brockman\pic_0380.jpg	kent_brockman
Simpsons character classifier at home\simpsons_dataset\kent_brockman\pic_0381.jpg	kent_brockman
Simpsons character classifier at home\simpsons_dataset\kent_brockman\pic_0382.jpg	kent_brockman
Simpsons character classifier at home\simpsons_dataset\kent_brockman\pic_0383.jpg	kent_brockman
Simpsons character classifier at home\simpsons_dataset\kent_brockman\pic_0384.jpg	kent_brockman
Simpsons character classifier at home\simpsons_dataset\kent_brockman\pic_0385.jpg	kent_brockman
Simpsons character classifier at home\simpsons_dataset\kent_brockman\pic_0386.jpg	kent_brockman
Simpsons character classifier at home\simpsons_dataset\kent_brockman\pic_0387.jpg	kent_brockman
Simpsons character classifier at home\simpsons_dataset\kent_brockman\pic_0388.jpg	kent_brockman
Simpsons character classifier at home\simpsons_dataset\kent_brockman\pic_0389.jpg	kent_brockman
Simpsons character classifier at home\simpsons_dataset\kent_brockman\pic_0390.jpg	kent_brockman
Simpsons character classifier at home\simpsons_dataset\kent_brockman\pic_0391.jpg	kent_brockman
Simpsons character classifier at home\simpsons_dataset\kent_brockman\pic_0392.jpg	kent_brockman
Simpsons character classifier at home\simpsons_dataset\kent_brockman\pic_0393.jpg	kent_brockman
Simpsons character classifier at home\simpsons_dataset\kent_brockman\pic_0394.jpg	kent_brockman
Simpsons character classifier at home\simpsons_dataset\kent_brockman\pic_0395.jpg	kent_brockman
Simpsons character classifier at home\simpsons_dataset\kent_brockman\pic_0396.jpg	kent_brockman
Simpsons character classifier at home\simpsons_dataset\kent_brockman\pic_0397.jpg	kent_brockman
Simpsons character classifier at home\simpsons_dataset\kent_brockman\pic_0398.jpg	kent_brockman
Simpsons character classifier at home\simpsons_dataset\kent_brockman\pic_0399.jpg	kent_brockman
Simpsons character classifier at home\simpsons_dataset\kent_brockman\pic_0400.jpg	kent_brockman
Simpsons character classifier at home\simpsons_dataset\kent_brockman\pic_0401.jpg	kent_brockman
Simpsons character classifier at home\simpsons_dataset\kent_brockman\pic_0402.jpg	kent_brockman
Simpsons character classifier at home\simpsons_dataset\kent_brockman\pic_0403.jpg	kent_brockman
Simpsons character classifier at home\simpsons_dataset\kent_brockman\pic_0404.jpg	kent_brockman
Simpsons character classifier at home\simpsons_dataset\kent_brockman\pic_0405.jpg	kent_brockman
Simpsons character classifier at home\simpsons_dataset\kent_brockman\pic_0406.jpg	kent_brockman
Simpsons character classifier at home\simpsons_dataset\kent_brockman\pic_0407.jpg	kent_brockman
Simpsons character classifier at home\simpsons_dataset\kent_brockman\pic_0408.jpg	kent_brockman
Simpsons character classifier at home\simpsons_dataset\kent_brockman\pic_0409.jpg	kent_brockman
Simpsons character classifier at home\simpsons_dataset\kent_brockman\pic_0410.jpg	kent_brockman
Simpsons character classifier at home\simpsons_dataset\kent_brockman\pic_0411.jpg	kent_brockman
Simpsons character classifier at home\simpsons_dataset\kent_brockman\pic_0412.jpg	kent_brockman
Simpsons character classifier at home\simpsons_dataset\kent_brockman\pic_0413.jpg	kent_brockman
Simpsons character classifier at home\simpsons_dataset\kent_brockman\pic_0414.jpg	kent_brockman
Simpsons character classifier at home\simpsons_dataset\kent_brockman\pic_0415.jpg	kent_brockman
Simpsons character classifier at home\simpsons_dataset\kent_brockman\pic_0416.jpg	kent_brockman
Simpsons character classifier at home\simpsons_dataset\kent_brockman\pic_0417.jpg	kent_brockman
Simpsons character classifier at home\simpsons_dataset\kent_brockman\pic_0418.jpg	kent_brockman
Simpsons character classifier at home\simpsons_dataset\kent_brockman\pic_0419.jpg	kent_brockman
Simpsons character classifier at home\simpsons_dataset\kent_brockman\pic_0420.jpg	kent_brockman
Simpsons character classifier at home\simpsons_dataset\kent_brockman\pic_0421.jpg	kent_brockman
Simpsons character classifier at home\simpsons_dataset\kent_brockman\pic_0422.jpg	kent_brockman
Simpsons character classifier at home\simpsons_dataset\kent_brockman\pic_0423.jpg	kent_brockman
Simpsons character classifier at home\simpsons_dataset\kent_brockman\pic_0424.jpg	kent_brockman
Simpsons character classifier at home\simpsons_dataset\kent_brockman\pic_0425.jpg	kent_brockman
Simpsons character classifier at home\simpsons_dataset\kent_brockman\pic_0426.jpg	kent_brockman
Simpsons character classifier at home\simpsons_dataset\kent_brockman\pic_0427.jpg	kent_brockman
Simpsons character classifier at home\simpsons_dataset\kent_brockman\pic_0428.jpg	kent_brockman
Simpsons character classifier at home\simpsons_dataset\kent_brockman\pic_0429.jpg	kent_brockman
Simpsons character classifier at home\simpsons_dataset\kent_brockman\pic_0430.jpg	kent_brockman
Simpsons character classifier at home\simpsons_dataset\kent_brockman\pic_0431.jpg	kent_brockman
Simpsons character classifier at home\simpsons_dataset\kent_brockman\pic_0432.jpg	kent_brockman
Simpsons character classifier at home\simpsons_dataset\kent_brockman\pic_0433.jpg	kent_brockman
Simpsons character classifier at home\simpsons_dataset\kent_brockman\pic_0434.jpg	kent_brockman
Simpsons character classifier at home\simpsons_dataset\kent_brockman\pic_0435.jpg	kent_brockman
Simpsons character classifier at home\simpsons_dataset\kent_brockman\pic_0436.jpg	kent_brockman
Simpsons character classifier at home\simpsons_dataset\kent_brockman\pic_0437.jpg	kent_brockman
Simpsons character classifier at home\simpsons_dataset\kent_brockman\pic_0438.jpg	kent_brockman
Simpsons character classifier at home\simpsons_dataset\kent_brockman\pic_0439.jpg	kent_brockman
Simpsons character classifier at home\simpsons_dataset\kent_brockman\pic_0440.jpg	kent_brockman
Simpsons character classifier at home\simpsons_dataset\kent_brockman\pic_0441.jpg	kent_brockman
Simpsons character classifier at home\simpsons_dataset\kent_brockman\pic_0442.jpg	kent_brockman
Simpsons character classifier at home\simpsons_dataset\kent_brockman\pic_0443.jpg	kent_brockman
Simpsons character classifier at home\simpsons_dataset\kent_brockman\pic_0444.jpg	kent_brockman
Simpsons character classifier at home\simpsons_dataset\kent_brockman\pic_0445.jpg	kent_brockman
Simpsons character classifier at home\simpsons_dataset\kent_brockman\pic_0446.jpg	kent_brockman
Simpsons character classifier at home\simpsons_dataset\kent_brockman\pic_0447.jpg	kent_brockman
Simpsons character classifier at home\simpsons_dataset\kent_brockman\pic_0448.jpg	kent_brockman
Simpsons character classifier at home\simpsons_dataset\kent_brockman\pic_0449.jpg	kent_brockman
Simpsons character classifier at home\simpsons_dataset\kent_brockman\pic_0450.jpg	kent_brockman
Simpsons character classifier at home\simpsons_dataset\kent_brockman\pic_0451.jpg	kent_brockman
Simpsons character classifier at home\simpsons_dataset\kent_brockman\pic_0452.jpg	kent_brockman
Simpsons character classifier at home\simpsons_dataset\kent_brockman\pic_0453.jpg	kent_brockman
Simpsons character classifier at home\simpsons_dataset\kent_brockman\pic_0454.jpg	kent_brockman
Simpsons character classifier at home\simpsons_dataset\kent_brockman\pic_0455.jpg	kent_brockman
Simpsons character classifier at home\simpsons_dataset\kent_brockman\pic_0456.jpg	kent_brockman
Simpsons character classifier at home\simpsons_dataset\kent_brockman\pic_0457.jpg	kent_brockman
Simpsons character classifier at home\simpsons_dataset\kent_brockman\pic_0458.jpg	kent_brockman
Simpsons character classifier at home\simpsons_dataset\kent_brockman\pic_0459.jpg	kent_brockman
Simpsons character classifier at home\simpsons_dataset\kent_brockman\pic_0460.jpg	kent_brockman
Simpsons character classifier at home\simpsons_dataset\kent_brockman\pic_0461.jpg	kent_brockman
Simpsons character classifier at home\simpsons_dataset\kent_brockman\pic_0462.jpg	kent_brockman
Simpsons character classifier at home\simpsons_dataset\kent_brockman\pic_0463.jpg	kent_brockman
Simpsons character classifier at home\simpsons_dataset\kent_brockman\pic_0464.jpg	kent_brockman
Simpsons character classifier at home\simpsons_dataset\kent_brockman\pic_0465.jpg	kent_brockman
Simpsons character classifier at home\simpsons_dataset\kent_brockman\pic_0466.jpg	kent_brockman
Simpsons character classifier at home\simpsons_dataset\kent_brockman\pic_0467.jpg	kent_brockman
Simpsons character classifier at home\simpsons_dataset\kent_brockman\pic_0468.jpg	kent_brockman
Simpsons character classifier at home\simpsons_dataset\kent_brockman\pic_0469.jpg	kent_brockman
Simpsons character classifier at home\simpsons_dataset\kent_brockman\pic_0470.jpg	kent_brockman
Simpsons character classifier at home\simpsons_dataset\kent_brockman\pic_0471.jpg	kent_brockman
Simpsons character classifier at home\simpsons_dataset\kent_brockman\pic_0472.jpg	kent_brockman
Simpsons character classifier at home\simpsons_dataset\kent_brockman\pic_0473.jpg	kent_brockman
Simpsons character classifier at home\simpsons_dataset\kent_brockman\pic_0474.jpg	kent_brockman
Simpsons character classifier at home\simpsons_dataset\kent_brockman\pic_0475.jpg	kent_brockman
Simpsons character classifier at home\simpsons_dataset\kent_brockman\pic_0476.jpg	kent_brockman
Simpsons character classifier at home\simpsons_dataset\kent_brockman\pic_0477.jpg	kent_brockman
Simpsons character classifier at home\simpsons_dataset\kent_brockman\pic_0478.jpg	kent_brockman
Simpsons character classifier at home\simpsons_dataset\kent_brockman\pic_0479.jpg	kent_brockman
Simpsons character classifier at home\simpsons_dataset\kent_brockman\pic_0480.jpg	kent_brockman
Simpsons character classifier at home\simpsons_dataset\kent_brockman\pic_0481.jpg	kent_brockman
Simpsons character classifier at home\simpsons_dataset\kent_brockman\pic_0482.jpg	kent_brockman
Simpsons character classifier at home\simpsons_dataset\kent_brockman\pic_0483.jpg	kent_brockman
Simpsons character classifier at home\simpsons_dataset\kent_brockman\pic_0484.jpg	kent_brockman
Simpsons character classifier at home\simpsons_dataset\kent_brockman\pic_0485.jpg	kent_brockman
Simpsons character classifier at home\simpsons_dataset\kent_brockman\pic_0486.jpg	kent_brockman
Simpsons character classifier at home\simpsons_dataset\kent_brockman\pic_0487.jpg	kent_brockman
Simpsons character classifier at home\simpsons_dataset\kent_brockman\pic_0488.jpg	kent_brockman
Simpsons character classifier at home\simpsons_dataset\kent_brockman\pic_0489.jpg	kent_brockman
Simpsons character classifier at home\simpsons_dataset\kent_brockman\pic_0490.jpg	kent_brockman
Simpsons character classifier at home\simpsons_dataset\kent_brockman\pic_0491.jpg	kent_brockman
Simpsons character classifier at home\simpsons_dataset\kent_brockman\pic_0492.jpg	kent_brockman
Simpsons character classifier at home\simpsons_dataset\kent_brockman\pic_0493.jpg	kent_brockman
Simpsons character classifier at home\simpsons_dataset\kent_brockman\pic_0494.jpg	kent_brockman
Simpsons character classifier at home\simpsons_dataset\kent_brockman\pic_0495.jpg	kent_brockman
Simpsons character classifier at home\simpsons_dataset\kent_brockman\pic_0496.jpg	kent_brockman
Simpsons character classifier at home\simpsons_dataset\kent_brockman\pic_0497.jpg	kent_brockman
