Simpsons character classifier at home\simpsons_dataset\lenny_leonard\pic_0000.jpg	lenny_leonard
Simpsons character classifier at home\simpsons_dataset\lenny_leonard\pic_0001.jpg	lenny_leonard
Simpsons character classifier at home\simpsons_dataset\lenny_leonard\pic_0002.jpg	lenny_leonard
Simpsons character classifier at home\simpsons_dataset\lenny_leonard\pic_0003.jpg	lenny_leonard
Simpsons character classifier at home\simpsons_dataset\lenny_leonard\pic_0004.jpg	lenny_leonard
Simpsons character classifier at home\simpsons_dataset\lenny_leonard\pic_0005.jpg	lenny_leonard
Simpsons character classifier at home\simpsons_dataset\lenny_leonard\pic_0006.jpg	lenny_leonard
Simpsons character classifier at home\simpsons_dataset\lenny_leonard\pic_0007.jpg	lenny_leonard
Simpsons character classifier at home\simpsons_dataset\lenny_leonard\pic_0008.jpg	lenny_leonard
Simpsons character classifier at home\simpsons_dataset\lenny_leonard\pic_0009.jpg	lenny_leonard
Simpsons character classifier at home\simpsons_dataset\lenny_leonard\pic_0010.jpg	lenny_leonard
Simpsons character classifier at home\simpsons_dataset\lenny_leonard\pic_0011.jpg	lenny_leonard
Simpsons character classifier at home\simpsons_dataset\lenny_leonard\pic_0012.jpg	lenny_leonard
Simpsons character classifier at home\simpsons_dataset\lenny_leonard\pic_0013.jpg	lenny_leonard
Simpsons character classifier at home\simpsons_dataset\lenny_leonard\pic_0014.jpg	lenny_leonard
Simpsons character classifier at home\simpsons_dataset\lenny_leonard\pic_0015.jpg	lenny_leonard
Simpsons character classifier at home\simpsons_dataset\lenny_leonard\pic_0016.jpg	lenny_leonard
Simpsons character classifier at home\simpsons_dataset\lenny_leonard\pic_0017.jpg	lenny_leonard
Simpsons character classifier at home\simpsons_dataset\lenny_leonard\pic_0018.jpg	lenny_leonard
Simpsons character classifier at home\simpsons_dataset\lenny_leonard\pic_0019.jpg	lenny_leonard
Simpsons character classifier at home\simpsons_dataset\lenny_leonard\pic_0020.jpg	lenny_leonard
Simpsons character classifier at home\simpsons_dataset\lenny_leonard\pic_0021.jpg	lenny_leonard
Simpsons character classifier at home\simpsons_dataset\lenny_leonard\pic_0022.jpg	lenny_leonard
Simpsons character classifier at home\simpsons_dataset\lenny_leonard\pic_0023.jpg	lenny_leonard
Simpsons character classifier at home\simpsons_dataset\lenny_leonard\pic_0024.jpg	lenny_leonard
Simpsons character classifier at home\simpsons_dataset\lenny_leonard\pic_0025.jpg	lenny_leonard
Simpsons character classifier at home\simpsons_dataset\lenny_leonard\pic_0026.jpg	lenny_leonard
Simpsons character classifier at home\simpsons_dataset\lenny_leonard\pic_0027.jpg	lenny_leonard
Simpsons character classifier at home\simpsons_dataset\lenny_leonard\pic_0028.jpg	lenny_leonard
Simpsons character classifier at home\simpsons_dataset\lenny_leonard\pic_0029.jpg	lenny_leonard
Simpsons character classifier at home\simpsons_dataset\lenny_leonard\pic_0030.jpg	lenny_leonard
Simpsons character classifier at home\simpsons_dataset\lenny_leonard\pic_0031.jpg	lenny_leonard
Simpsons character classifier at home\simpsons_dataset\lenny_leonard\pic_0032.jpg	lenny_leonard
Simpsons character classifier at home\simpsons_dataset\lenny_leonard\pic_0033.jpg	lenny_leonard
Simpsons character classifier at home\simpsons_dataset\lenny_leonard\pic_0034.jpg	lenny_leonard
Simpsons character classifier at home\simpsons_dataset\lenny_leonard\pic_0035.jpg	lenny_leonard
Simpsons character classifier at home\simpsons_dataset\lenny_leonard\pic_0036.jpg	lenny_leonard
Simpsons character classifier at home\simpsons_dataset\lenny_leonard\pic_0037.jpg	lenny_leonard
Simpsons character classifier at home\simpsons_dataset\lenny_leonard\pic_0038.jpg	lenny_leonard
Simpsons character classifier at home\simpsons_dataset\lenny_leonard\pic_0039.jpg	lenny_leonard
Simpsons character classifier at home\simpsons_dataset\lenny_leonard\pic_0040.jpg	lenny_leonard
Simpsons character classifier at home\simpsons_dataset\lenny_leonard\pic_0041.jpg	lenny_leonard
Simpsons character classifier at home\simpsons_dataset\lenny_leonard\pic_0042.jpg	lenny_leonard
Simpsons character classifier at home\simpsons_dataset\lenny_leonard\pic_0043.jpg	lenny_leonard
Simpsons character classifier at home\simpsons_dataset\lenny_leonard\pic_0044.jpg	lenny_leonard
Simpsons character classifier at home\simpsons_dataset\lenny_leonard\pic_0045.jpg	lenny_leonard
Simpsons character classifier at home\simpsons_dataset\lenny_leonard\pic_0046.jpg	lenny_leonard
Simpsons character classifier at home\simpsons_dataset\lenny_leonard\pic_0047.jpg	lenny_leonard
Simpsons character classifier at home\simpsons_dataset\lenny_leonard\pic_0048.jpg	lenny_leonard
Simpsons character classifier at home\simpsons_dataset\lenny_leonard\pic_0049.jpg	lenny_leonard
Simpsons character classifier at home\simpsons_dataset\lenny_leonard\pic_0050.jpg	lenny_leonard
Simpsons character classifier at home\simpsons_dataset\lenny_leonard\pic_0051.jpg	lenny_leonard
Simpsons character classifier at home\simpsons_dataset\lenny_leonard\pic_0052.jpg	lenny_leonard
Simpsons character classifier at home\simpsons_dataset\lenny_leonard\pic_0053.jpg	lenny_leonard
Simpsons character classifier at home\simpsons_dataset\lenny_leonard\pic_0054.jpg	lenny_leonard
Simpsons character classifier at home\simpsons_dataset\lenny_leonard\pic_0055.jpg	lenny_leonard
Simpsons character classifier at home\simpsons_dataset\lenny_leonard\pic_0056.jpg	lenny_leonard
Simpsons character classifier at home\simpsons_dataset\lenny_leonard\pic_0057.jpg	lenny_leonard
Simpsons character classifier at home\simpsons_dataset\lenny_leonard\pic_0058.jpg	lenny_leonard
Simpsons character classifier at home\simpsons_dataset\lenny_leonard\pic_0059.jpg	lenny_leonard
Simpsons character classifier at home\simpsons_dataset\lenny_leonard\pic_0060.jpg	lenny_leonard
Simpsons character classifier at home\simpsons_dataset\lenny_leonard\pic_0061.jpg	lenny_leonard
Simpsons character classifier at home\simpsons_dataset\lenny_leonard\pic_0062.jpg	lenny_leonard
Simpsons character classifier at home\simpsons_dataset\lenny_leonard\pic_0063.jpg	lenny_leonard
Simpsons character classifier at home\simpsons_dataset\lenny_leonard\pic_0064.jpg	lenny_leonard
Simpsons character classifier at home\simpsons_dataset\lenny_leonard\pic_0065.jpg	lenny_leonard
Simpsons character classifier at home\simpsons_dataset\lenny_leonard\pic_0066.jpg	lenny_leonard
Simpsons character classifier at home\simpsons_dataset\lenny_leonard\pic_0067.jpg	lenny_leonard
Simpsons character classifier at home\simpsons_dataset\lenny_leonard\pic_0068.jpg	lenny_leonard
Simpsons character classifier at home\simpsons_dataset\lenny_leonard\pic_0069.jpg	lenny_leonard
Simpsons character classifier at home\simpsons_dataset\lenny_leonard\pic_0070.jpg	lenny_leonard
Simpsons character classifier at home\simpsons_dataset\lenny_leonard\pic_0071.jpg	lenny_leonard
Simpsons character classifier at home\simpsons_dataset\lenny_leonard\pic_0072.jpg	lenny_leonard
Simpsons character classifier at home\simpsons_dataset\lenny_leonard\pic_0073.jpg	lenny_leonard
Simpsons character classifier at home\simpsons_dataset\lenny_leonard\pic_0074.jpg	lenny_leonard
Simpsons character classifier at home\simpsons_dataset\lenny_leonard\pic_0075.jpg	lenny_leonard
Simpsons character classifier at home\simpsons_dataset\lenny_leonard\pic_0076.jpg	lenny_leonard
Simpsons character classifier at home\simpsons_dataset\lenny_leonard\pic_0077.jpg	lenny_leonard
Simpsons character classifier at home\simpsons_dataset\lenny_leonard\pic_0078.jpg	lenny_leonard
Simpsons character classifier at home\simpsons_dataset\lenny_leonard\pic_0079.jpg	lenny_leonard
Simpsons character classifier at home\simpsons_dataset\lenny_leonard\pic_0080.jpg	lenny_leonard
Simpsons character classifier at home\simpsons_dataset\lenny_leonard\pic_0081.jpg	lenny_leonard
Simpsons character classifier at home\simpsons_dataset\lenny_leonard\pic_0082.jpg	lenny_leonard
Simpsons character classifier at home\simpsons_dataset\lenny_leonard\pic_0083.jpg	lenny_leonard
Simpsons character classifier at home\simpsons_dataset\lenny_leonard\pic_0084.jpg	lenny_leonard
Simpsons character classifier at home\simpsons_dataset\lenny_leonard\pic_0085.jpg	lenny_leonard
Simpsons character classifier at home\simpsons_dataset\lenny_leonard\pic_0086.jpg	lenny_leonard
Simpsons character classifier at home\simpsons_dataset\lenny_leonard\pic_0087.jpg	lenny_leonard
Simpsons character classifier at home\simpsons_dataset\lenny_leonard\pic_0088.jpg	lenny_leonard
Simpsons character classifier at home\simpsons_dataset\lenny_leonard\pic_0089.jpg	lenny_leonard
Simpsons character classifier at home\simpsons_dataset\lenny_leonard\pic_0090.jpg	lenny_leonard
Simpsons character classifier at home\simpsons_dataset\lenny_leonard\pic_0091.jpg	lenny_leonard
Simpsons character classifier at home\simpsons_dataset\lenny_leonard\pic_0092.jpg	lenny_leonard
Simpsons character classifier at home\simpsons_dataset\lenny_leonard\pic_0093.jpg	lenny_leonard
Simpsons character classifier at home\simpsons_dataset\lenny_leonard\pic_0094.jpg	lenny_leonard
Simpsons character classifier at home\simpsons_dataset\lenny_leonard\pic_0095.jpg	lenny_leonard
Simpsons character classifier at home\simpsons_dataset\lenny_leonard\pic_0096.jpg	lenny_leonard
Simpsons character classifier at home\simpsons_dataset\lenny_leonard\pic_0097.jpg	lenny_leonard
Simpsons character classifier at home\simpsons_dataset\lenny_leonard\pic_0098.jpg	lenny_leonard
Simpsons character classifier at home\simpsons_dataset\lenny_leonard\pic_0099.jpg	lenny_leonard
Simpsons character classifier at home\simpsons_dataset\lenny_leonard\pic_0100.jpg	lenny_leonard
Simpsons character classifier at home\simpsons_dataset\lenny_leonard\pic_0101.jpg	lenny_leonard
Simpsons character classifier at home\simpsons_dataset\lenny_leonard\pic_0102.jpg	lenny_leonard
Simpsons character classifier at home\simpsons_dataset\lenny_leonard\pic_0103.jpg	lenny_leonard
Simpsons character classifier at home\simpsons_dataset\lenny_leonard\pic_0104.jpg	lenny_leonard
Simpsons character classifier at home\simpsons_dataset\lenny_leonard\pic_0105.jpg	lenny_leonard
Simpsons character classifier at home\simpsons_dataset\lenny_leonard\pic_0106.jpg	lenny_leonard
Simpsons character classifier at home\simpsons_dataset\lenny_leonard\pic_0107.jpg	lenny_leonard
Simpsons character classifier at home\simpsons_dataset\lenny_leonard\pic_0108.jpg	lenny_leonard
Simpsons character classifier at home\simpsons_dataset\lenny_leonard\pic_0109.jpg	lenny_leonard
Simpsons character classifier at home\simpsons_dataset\lenny_leonard\pic_0110.jpg	lenny_leonard
Simpsons character classifier at home\simpsons_dataset\lenny_leonard\pic_0111.jpg	lenny_leonard
Simpsons character classifier at home\simpsons_dataset\lenny_leonard\pic_0112.jpg	lenny_leonard
Simpsons character classifier at home\simpsons_dataset\lenny_leonard\pic_0113.jpg	lenny_leonard
Simpsons character classifier at home\simpsons_dataset\lenny_leonard\pic_0114.jpg	lenny_leonard
Simpsons character classifier at home\simpsons_dataset\lenny_leonard\pic_0115.jpg	lenny_leonard
Simpsons character classifier at home\simpsons_dataset\lenny_leonard\pic_0116.jpg	lenny_leonard
Simpsons character classifier at home\simpsons_dataset\lenny_leonard\pic_0117.jpg	lenny_leonard
Simpsons character classifier at home\simpsons_dataset\lenny_leonard\pic_0118.jpg	lenny_leonard
Simpsons character classifier at home\simpsons_dataset\lenny_leonard\pic_0119.jpg	lenny_leonard
Simpsons character classifier at home\simpsons_dataset\lenny_leonard\pic_0120.jpg	lenny_leonard
Simpsons character classifier at home\simpsons_dataset\lenny_leonard\pic_0121.jpg	lenny_leonard
Simpsons character classifier at home\simpsons_dataset\lenny_leonard\pic_0122.jpg	lenny_leonard
Simpsons character classifier at home\simpsons_dataset\lenny_leonard\pic_0123.jpg	lenny_leonard
Simpsons character classifier at home\simpsons_dataset\lenny_leonard\pic_0124.jpg	lenny_leonard
Simpsons character classifier at home\simpsons_dataset\lenny_leonard\pic_0125.jpg	lenny_leonard
Simpsons character classifier at home\simpsons_dataset\lenny_leonard\pic_0126.jpg	lenny_leonard
Simpsons character classifier at home\simpsons_dataset\lenny_leonard\pic_0127.jpg	lenny_leonard
Simpsons character classifier at home\simpsons_dataset\lenny_leonard\pic_0128.jpg	lenny_leonard
Simpsons character classifier at home\simpsons_dataset\lenny_leonard\pic_0129.jpg	lenny_leonard
Simpsons character classifier at home\simpsons_dataset\lenny_leonard\pic_0130.jpg	lenny_leonard
Simpsons character classifier at home\simpsons_dataset\lenny_leonard\pic_0131.jpg	lenny_leonard
Simpsons character classifier at home\simpsons_dataset\lenny_leonard\pic_0132.jpg	lenny_leonard
Simpsons character classifier at home\simpsons_dataset\lenny_leonard\pic_0133.jpg	lenny_leonard
Simpsons character classifier at home\simpsons_dataset\lenny_leonard\pic_0134.jpg	lenny_leonard
Simpsons character classifier at home\simpsons_dataset\lenny_leonard\pic_0135.jpg	lenny_leonard
Simpsons character classifier at home\simpsons_dataset\lenny_leonard\pic_0136.jpg	lenny_leonard
Simpsons character classifier at home\simpsons_dataset\lenny_leonard\pic_0137.jpg	lenny_leonard
Simpsons character classifier at home\simpsons_dataset\lenny_leonard\pic_0138.jpg	lenny_leonard
Simpsons character classifier at home\simpsons_dataset\lenny_leonard\pic_0139.jpg	lenny_leonard
Simpsons character classifier at home\simpsons_dataset\lenny_leonard\pic_0140.jpg	lenny_leonard
Simpsons character classifier at home\simpsons_dataset\lenny_leonard\pic_0141.jpg	lenny_leonard
Simpsons character classifier at home\simpsons_dataset\lenny_leonard\pic_0142.jpg	lenny_leonard
Simpsons character classifier at home\simpsons_dataset\lenny_leonard\pic_0143.jpg	lenny_leonard
Simpsons character classifier at home\simpsons_dataset\lenny_leonard\pic_0144.jpg	lenny_leonard
Simpsons character classifier at home\simpsons_dataset\lenny_leonard\pic_0145.jpg	lenny_leonard
Simpsons character classifier at home\simpsons_dataset\lenny_leonard\pic_0146.jpg	lenny_leonard
Simpsons character classifier at home\simpsons_dataset\lenny_leonard\pic_0147.jpg	lenny_leonard
Simpsons character classifier at home\simpsons_dataset\lenny_leonard\pic_0148.jpg	lenny_leonard
Simpsons character classifier at home\simpsons_dataset\lenny_leonard\pic_0149.jpg	lenny_leonard
Simpsons character classifier at home\simpsons_dataset\lenny_leonard\pic_0150.jpg	lenny_leonard
Simpsons character classifier at home\simpsons_dataset\lenny_leonard\pic_0151.jpg	lenny_leonard
Simpsons character classifier at home\simpsons_dataset\lenny_leonard\pic_0152.jpg	lenny_leonard
Simpsons character classifier at home\simpsons_dataset\lenny_leonard\pic_0153.jpg	lenny_leonard
Simpsons character classifier at home\simpsons_dataset\lenny_leonard\pic_0154.jpg	lenny_leonard
Simpsons character classifier at home\simpsons_dataset\lenny_leonard\pic_0155.jpg	lenny_leonard
Simpsons character classifier at home\simpsons_dataset\lenny_leonard\pic_0156.jpg	lenny_leonard
Simpsons character classifier at home\simpsons_dataset\lenny_leonard\pic_0157.jpg	lenny_leonard
Simpsons character classifier at home\simpsons_dataset\lenny_leonard\pic_0158.jpg	lenny_leonard
Simpsons character classifier at home\simpsons_dataset\lenny_leonard\pic_0159.jpg	lenny_leonard
Simpsons character classifier at home\simpsons_dataset\lenny_leonard\pic_0160.jpg	lenny_leonard
Simpsons character classifier at home\simpsons_dataset\lenny_leonard\pic_0161.jpg	lenny_leonard
Simpsons character classifier at home\simpsons_dataset\lenny_leonard\pic_0162.jpg	lenny_leonard
Simpsons character classifier at home\simpsons_dataset\lenny_leonard\pic_0163.jpg	lenny_leonard
Simpsons character classifier at home\simpsons_dataset\lenny_leonard\pic_0164.jpg	lenny_leonard
Simpsons character classifier at home\simpsons_dataset\lenny_leonard\pic_0165.jpg	lenny_leonard
Simpsons character classifier at home\simpsons_dataset\lenny_leonard\pic_0166.jpg	lenny_leonard
Simpsons character classifier at home\simpsons_dataset\lenny_leonard\pic_0167.jpg	lenny_leonard
Simpsons character classifier at home\simpsons_dataset\lenny_leonard\pic_0168.jpg	lenny_leonard
Simpsons character classifier at home\simpsons_dataset\lenny_leonard\pic_0169.jpg	lenny_leonard
Simpsons character classifier at home\simpsons_dataset\lenny_leonard\pic_0170.jpg	lenny_leonard
Simpsons character classifier at home\simpsons_dataset\lenny_leonard\pic_0171.jpg	lenny_leonard
Simpsons character classifier at home\simpsons_dataset\lenny_leonard\pic_0172.jpg	lenny_leonard
Simpsons character classifier at home\simpsons_dataset\lenny_leonard\pic_0173.jpg	lenny_leonard
Simpsons character classifier at home\simpsons_dataset\lenny_leonard\pic_0174.jpg	lenny_leonard
Simpsons character classifier at home\simpsons_dataset\lenny_leonard\pic_0175.jpg	lenny_leonard
Simpsons character classifier at home\simpsons_dataset\lenny_leonard\pic_0176.jpg	lenny_leonard
Simpsons character classifier at home\simpsons_dataset\lenny_leonard\pic_0177.jpg	lenny_leonard
Simpsons character classifier at home\simpsons_dataset\lenny_leonard\pic_0178.jpg	lenny_leonard
Simpsons character classifier at home\simpsons_dataset\lenny_leonard\pic_0179.jpg	lenny_leonard
Simpsons character classifier at home\simpsons_dataset\lenny_leonard\pic_0180.jpg	lenny_leonard
Simpsons character classifier at home\simpsons_dataset\lenny_leonard\pic_0181.jpg	lenny_leonard
Simpsons character classifier at home\simpsons_dataset\lenny_leonard\pic_0182.jpg	lenny_leonard
Simpsons character classifier at home\simpsons_dataset\lenny_leonard\pic_0183.jpg	lenny_leonard
Simpsons character classifier at home\simpsons_dataset\lenny_leonard\pic_0184.jpg	lenny_leonard
Simpsons character classifier at home\simpsons_dataset\lenny_leonard\pic_0185.jpg	lenny_leonard
Simpsons character classifier at home\simpsons_dataset\lenny_leonard\pic_0186.jpg	lenny_leonard
Simpsons character classifier at home\simpsons_dataset\lenny_leonard\pic_0187.jpg	lenny_leonard
Simpsons character classifier at home\simpsons_dataset\lenny_leonard\pic_0188.jpg	lenny_leonard
Simpsons character classifier at home\simpsons_dataset\lenny_leonard\pic_0189.jpg	lenny_leonard
Simpsons character classifier at home\simpsons_dataset\lenny_leonard\pic_0190.jpg	lenny_leonard
Simpsons character classifier at home\simpsons_dataset\lenny_leonard\pic_0191.jpg	lenny_leonard
Simpsons character classifier at home\simpsons_dataset\lenny_leonard\pic_0192.jpg	lenny_leonard
Simpsons character classifier at home\simpsons_dataset\lenny_leonard\pic_0193.jpg	lenny_leonard
Simpsons character classifier at home\simpsons_dataset\lenny_leonard\pic_0194.jpg	lenny_leonard
Simpsons character classifier at home\simpsons_dataset\lenny_leonard\pic_0195.jpg	lenny_leonard
Simpsons character classifier at home\simpsons_dataset\lenny_leonard\pic_0196.jpg	lenny_leonard
Simpsons character classifier at home\simpsons_dataset\lenny_leonard\pic_0197.jpg	lenny_leonard
Simpsons character classifier at home\simpsons_dataset\lenny_leonard\pic_0198.jpg	lenny_leonard
Simpsons character classifier at home\simpsons_dataset\lenny_leonard\pic_0199.jpg	lenny_leonard
Simpsons character classifier at home\simpsons_dataset\lenny_leonard\pic_0200.jpg	lenny_leonard
Simpsons character classifier at home\simpsons_dataset\lenny_leonard\pic_0201.jpg	lenny_leonard
Simpsons character classifier at home\simpsons_dataset\lenny_leonard\pic_0202.jpg	lenny_leonard
Simpsons character classifier at home\simpsons_dataset\lenny_leonard\pic_0203.jpg	lenny_leonard
Simpsons character classifier at home\simpsons_dataset\lenny_leonard\pic_0204.jpg	lenny_leonard
Simpsons character classifier at home\simpsons_dataset\lenny_leonard\pic_0205.jpg	lenny_leonard
Simpsons character classifier at home\simpsons_dataset\lenny_leonard\pic_0206.jpg	lenny_leonard
Simpsons character classifier at home\simpsons_dataset\lenny_leonard\pic_0207.jpg	lenny_leonard
Simpsons character classifier at home\simpsons_dataset\lenny_leonard\pic_0208.jpg	lenny_leonard
Simpsons character classifier at home\simpsons_dataset\lenny_leonard\pic_0209.jpg	lenny_leonard
Simpsons character classifier at home\simpsons_dataset\lenny_leonard\pic_0210.jpg	lenny_leonard
Simpsons character classifier at home\simpsons_dataset\lenny_leonard\pic_0211.jpg	lenny_leonard
Simpsons character classifier at home\simpsons_dataset\lenny_leonard\pic_0212.jpg	lenny_leonard
Simpsons character classifier at home\simpsons_dataset\lenny_leonard\pic_0213.jpg	lenny_leonard
Simpsons character classifier at home\simpsons_dataset\lenny_leonard\pic_0214.jpg	lenny_leonard
Simpsons character classifier at home\simpsons_dataset\lenny_leonard\pic_0215.jpg	lenny_leonard
Simpsons character classifier at home\simpsons_dataset\lenny_leonard\pic_0216.jpg	lenny_leonard
Simpsons character classifier at home\simpsons_dataset\lenny_leonard\pic_0217.jpg	lenny_leonard
Simpsons character classifier at home\simpsons_dataset\lenny_leonard\pic_0218.jpg	lenny_leonard
Simpsons character classifier at home\simpsons_dataset\lenny_leonard\pic_0219.jpg	lenny_leonard
Simpsons character classifier at home\simpsons_dataset\lenny_leonard\pic_0220.jpg	lenny_leonard
Simpsons character classifier at home\simpsons_dataset\lenny_leonard\pic_0221.jpg	lenny_leonard
Simpsons character classifier at home\simpsons_dataset\lenny_leonard\pic_0222.jpg	lenny_leonard
Simpsons character classifier at home\simpsons_dataset\lenny_leonard\pic_0223.jpg	lenny_leonard
Simpsons character classifier at home\simpsons_dataset\lenny_leonard\pic_0224.jpg	lenny_leonard
Simpsons character classifier at home\simpsons_dataset\lenny_leonard\pic_0225.jpg	lenny_leonard
Simpsons character classifier at home\simpsons_dataset\lenny_leonard\pic_0226.jpg	lenny_leonard
Simpsons character classifier at home\simpsons_dataset\lenny_leonard\pic_0227.jpg	lenny_leonard
Simpsons character classifier at home\simpsons_dataset\lenny_leonard\pic_0228.jpg	lenny_leonard
Simpsons character classifier at home\simpsons_dataset\lenny_leonard\pic_0229.jpg	lenny_leonard
Simpsons character classifier at home\simpsons_dataset\lenny_leonard\pic_0230.jpg	lenny_leonard
Simpsons character classifier at home\simpsons_dataset\lenny_leonard\pic_0231.jpg	lenny_leonard
Simpsons character classifier at home\simpsons_dataset\lenny_leonard\pic_0232.jpg	lenny_leonard
Simpsons character classifier at home\simpsons_dataset\lenny_leonard\pic_0233.jpg	lenny_leonard
Simpsons character classifier at home\simpsons_dataset\lenny_leonard\pic_0234.jpg	lenny_leonard
Simpsons character classifier at home\simpsons_dataset\lenny_leonard\pic_0235.jpg	lenny_leonard
Simpsons character classifier at home\simpsons_dataset\lenny_leonard\pic_0236.jpg	lenny_leonard
Simpsons character classifier at home\simpsons_dataset\lenny_leonard\pic_0237.jpg	lenny_leonard
Simpsons character classifier at home\simpsons_dataset\lenny_leonard\pic_0238.jpg	lenny_leonard
Simpsons character classifier at home\simpsons_dataset\lenny_leonard\pic_0239.jpg	lenny_leonard
Simpsons character classifier at home\simpsons_dataset\lenny_leonard\pic_0240.jpg	lenny_leonard
Simpsons character classifier at home\simpsons_dataset\lenny_leonard\pic_0241.jpg	lenny_leonard
Simpsons character classifier at home\simpsons_dataset\lenny_leonard\pic_0242.jpg	lenny_leonard
Simpsons character classifier at home\simpsons_dataset\lenny_leonard\pic_0243.jpg	lenny_leonard
Simpsons character classifier at home\simpsons_dataset\lenny_leonard\pic_0244.jpg	lenny_leonard
Simpsons character classifier at home\simpsons_dataset\lenny_leonard\pic_0245.jpg	lenny_leonard
Simpsons character classifier at home\simpsons_dataset\lenny_leonard\pic_0246.jpg	lenny_leonard
Simpsons character classifier at home\simpsons_dataset\lenny_leonard\pic_0247.jpg	lenny_leonard
Simpsons character classifier at home\simpsons_dataset\lenny_leonard\pic_0248.jpg	lenny_leonard
Simpsons character classifier at home\simpsons_dataset\lenny_leonard\pic_0249.jpg	lenny_leonard
Simpsons character classifier at home\simpsons_dataset\lenny_leonard\pic_0250.jpg	lenny_leonard
Simpsons character classifier at home\simpsons_dataset\lenny_leonard\pic_0251.jpg	lenny_leonard
Simpsons character classifier at home\simpsons_dataset\lenny_leonard\pic_0252.jpg	lenny_leonard
Simpsons character classifier at home\simpsons_dataset\lenny_leonard\pic_0253.jpg	lenny_leonard
Simpsons character classifier at home\simpsons_dataset\lenny_leonard\pic_0254.jpg	lenny_leonard
Simpsons character classifier at home\simpsons_dataset\lenny_leonard\pic_0255.jpg	lenny_leonard
Simpsons character classifier at home\simpsons_dataset\lenny_leonard\pic_0256.jpg	lenny_leonard
Simpsons character classifier at home\simpsons_dataset\lenny_leonard\pic_0257.jpg	lenny_leonard
Simpsons character classifier at home\simpsons_dataset\lenny_leonard\pic_0258.jpg	lenny_leonard
Simpsons character classifier at home\simpsons_dataset\lenny_leonard\pic_0259.jpg	lenny_leonard
Simpsons character classifier at home\simpsons_dataset\lenny_leonard\pic_0260.jpg	lenny_leonard
Simpsons character classifier at home\simpsons_dataset\lenny_leonard\pic_0261.jpg	lenny_leonard
Simpsons character classifier at home\simpsons_dataset\lenny_leonard\pic_0262.jpg	lenny_leonard
Simpsons character classifier at home\simpsons_dataset\lenny_leonard\pic_0263.jpg	lenny_leonard
Simpsons character classifier at home\simpsons_dataset\lenny_leonard\pic_0264.jpg	lenny_leonard
Simpsons character classifier at home\simpsons_dataset\lenny_leonard\pic_0265.jpg	lenny_leonard
Simpsons character classifier at home\simpsons_dataset\lenny_leonard\pic_0266.jpg	lenny_leonard
Simpsons character classifier at home\simpsons_dataset\lenny_leonard\pic_0267.jpg	lenny_leonard
Simpsons character classifier at home\simpsons_dataset\lenny_leonard\pic_0268.jpg	lenny_leonard
Simpsons character classifier at home\simpsons_dataset\lenny_leonard\pic_0269.jpg	lenny_leonard
Simpsons character classifier at home\simpsons_dataset\lenny_leonard\pic_0270.jpg	lenny_leonard
Simpsons character classifier at home\simpsons_dataset\lenny_leonard\pic_0271.jpg	lenny_leonard
Simpsons character classifier at home\simpsons_dataset\lenny_leonard\pic_0272.jpg	lenny_leonard
Simpsons character classifier at home\simpsons_dataset\lenny_leonard\pic_0273.jpg	lenny_leonard
Simpsons character classifier at home\simpsons_dataset\lenny_leonard\pic_0274.jpg	lenny_leonard
Simpsons character classifier at home\simpsons_dataset\lenny_leonard\pic_0275.jpg	lenny_leonard
Simpsons character classifier at home\simpsons_dataset\lenny_leonard\pic_0276.jpg	lenny_leonard
Simpsons character classifier at home\simpsons_dataset\lenny_leonard\pic_0277.jpg	lenny_leonard
Simpsons character classifier at home\simpsons_dataset\lenny_leonard\pic_0278.jpg	lenny_leonard
Simpsons character classifier at home\simpsons_dataset\lenny_leonard\pic_0279.jpg	lenny_leonard
Simpsons character classifier at home\simpsons_dataset\lenny_leonard\pic_0280.jpg	lenny_leonard
Simpsons character classifier at home\simpsons_dataset\lenny_leonard\pic_0281.jpg	lenny_leonard
Simpsons character classifier at home\simpsons_dataset\lenny_leonard\pic_0282.jpg	lenny_leonard
Simpsons character classifier at home\simpsons_dataset\lenny_leonard\pic_0283.jpg	lenny_leonard
Simpsons character classifier at home\simpsons_dataset\lenny_leonard\pic_0284.jpg	lenny_leonard
Simpsons character classifier at home\simpsons_dataset\lenny_leonard\pic_0285.jpg	lenny_leonard
Simpsons character classifier at home\simpsons_dataset\lenny_leonard\pic_0286.jpg	lenny_leonard
Simpsons character classifier at home\simpsons_dataset\lenny_leonard\pic_0287.jpg	lenny_leonard
Simpsons character classifier at home\simpsons_dataset\lenny_leonard\pic_0288.jpg	lenny_leonard
Simpsons character classifier at home\simpsons_dataset\lenny_leonard\pic_0289.jpg	lenny_leonard
Simpsons character classifier at home\simpsons_dataset\lenny_leonard\pic_0290.jpg	lenny_leonard
Simpsons character classifier at home\simpsons_dataset\lenny_leonard\pic_0291.jpg	lenny_leonard
Simpsons character classifier at home\simpsons_dataset\lenny_leonard\pic_0292.jpg	lenny_leonard
Simpsons character classifier at home\simpsons_dataset\lenny_leonard\pic_0293.jpg	lenny_leonard
Simpsons character classifier at home\simpsons_dataset\lenny_leonard\pic_0294.jpg	lenny_leonard
Simpsons character classifier at home\simpsons_dataset\lenny_leonard\pic_0295.jpg	lenny_leonard
Simpsons character classifier at home\simpsons_dataset\lenny_leonard\pic_0296.jpg	lenny_leonard
Simpsons character classifier at home\simpsons_dataset\lenny_leonard\pic_0297.jpg	lenny_leonard
Simpsons character classifier at home\simpsons_dataset\lenny_leonard\pic_0298.jpg	lenny_leonard
Simpsons character classifier at home\simpsons_dataset\lenny_leonard\pic_0299.jpg	lenny_leonard
Simpsons character classifier at home\simpsons_dataset\lenny_leonard\pic_0300.jpg	lenny_leonard
Simpsons character classifier at home\simpsons_dataset\lenny_leonard\pic_0301.jpg	lenny_leonard
Simpsons character classifier at home\simpsons_dataset\lenny_leonard\pic_0302.jpg	lenny_leonard
Simpsons character classifier at home\simpsons_dataset\lenny_leonard\pic_0303.jpg	lenny_leonard
Simpsons character classifier at home\simpsons_dataset\lenny_leonard\pic_0304.jpg	lenny_leonard
Simpsons character classifier at home\simpsons_dataset\lenny_leonard\pic_0305.jpg	lenny_leonard
Simpsons character classifier at home\simpsons_dataset\lenny_leonard\pic_0306.jpg	lenny_leonard
Simpsons character classifier at home\simpsons_dataset\lenny_leonard\pic_0307.jpg	lenny_leonard
Simpsons character classifier at home\simpsons_dataset\lenny_leonard\pic_0308.jpg	lenny_leonard
Simpsons character classifier at home\simpsons_dataset\lenny_leonard\pic_0309.jpg	lenny_leonard
