Simpsons character classifier at home\simpsons_dataset\maggie_simpson\pic_0000.jpg	maggie_simpson
Simpsons character classifier at home\simpsons_dataset\maggie_simpson\pic_0001.jpg	maggie_simpson
Simpsons character classifier at home\simpsons_dataset\maggie_simpson\pic_0002.jpg	maggie_simpson
Simpsons character classifier at home\simpsons_dataset\maggie_simpson\pic_0003.jpg	maggie_simpson
Simpsons character classifier at home\simpsons_dataset\maggie_simpson\pic_0004.jpg	maggie_simpson
Simpsons character classifier at home\simpsons_dataset\maggie_simpson\pic_0005.jpg	maggie_simpson
Simpsons character classifier at home\simpsons_dataset\maggie_simpson\pic_0006.jpg	maggie_simpson
Simpsons character classifier at home\simpsons_dataset\maggie_simpson\pic_0007.jpg	maggie_simpson
Simpsons character classifier at home\simpsons_dataset\maggie_simpson\pic_0008.jpg	maggie_simpson
Simpsons character classifier at home\simpsons_dataset\maggie_simpson\pic_0009.jpg	maggie_simpson
Simpsons character classifier at home\simpsons_dataset\maggie_simpson\pic_0010.jpg	maggie_simpson
Simpsons character classifier at home\simpsons_dataset\maggie_simpson\pic_0011.jpg	maggie_simpson
Simpsons character classifier at home\simpsons_dataset\maggie_simpson\pic_0012.jpg	maggie_simpson
Simpsons character classifier at home\simpsons_dataset\maggie_simpson\pic_0013.jpg	maggie_simpson
Simpsons character classifier at home\simpsons_dataset\maggie_simpson\pic_0014.jpg	maggie_simpson
Simpsons character classifier at home\simpsons_dataset\maggie_simpson\pic_0015.jpg	maggie_simpson
Simpsons character classifier at home\simpsons_dataset\maggie_simpson\pic_0016.jpg	maggie_simpson
Simpsons character classifier at home\simpsons_dataset\maggie_simpson\pic_0017.jpg	maggie_simpson
Simpsons character classifier at home\simpsons_dataset\maggie_simpson\pic_0018.jpg	maggie_simpson
Simpsons character classifier at home\simpsons_dataset\maggie_simpson\pic_0019.jpg	maggie_simpson
Simpsons character classifier at home\simpsons_dataset\maggie_simpson\pic_0020.jpg	maggie_simpson
Simpsons character classifier at home\simpsons_dataset\maggie_simpson\pic_0021.jpg	maggie_simpson
Simpsons character classifier at home\simpsons_dataset\maggie_simpson\pic_0022.jpg	maggie_simpson
Simpsons character classifier at home\simpsons_dataset\maggie_simpson\pic_0023.jpg	maggie_simpson
Simpsons character classifier at home\simpsons_dataset\maggie_simpson\pic_0024.jpg	maggie_simpson
Simpsons character classifier at home\simpsons_dataset\maggie_simpson\pic_0025.jpg	maggie_simpson
Simpsons character classifier at home\simpsons_dataset\maggie_simpson\pic_0026.jpg	maggie_simpson
Simpsons character classifier at home\simpsons_dataset\maggie_simpson\pic_0027.jpg	maggie_simpson
Simpsons character classifier at home\simpsons_dataset\maggie_simpson\pic_0028.jpg	maggie_simpson
Simpsons character classifier at home\simpsons_dataset\maggie_simpson\pic_0029.jpg	maggie_simpson
Simpsons character classifier at home\simpsons_dataset\maggie_simpson\pic_0030.jpg	maggie_simpson
Simpsons character classifier at home\simpsons_dataset\maggie_simpson\pic_0031.jpg	maggie_simpson
Simpsons character classifier at home\simpsons_dataset\maggie_simpson\pic_0032.jpg	maggie_simpson
Simpsons character classifier at home\simpsons_dataset\maggie_simpson\pic_0033.jpg	maggie_simpson
Simpsons character classifier at home\simpsons_dataset\maggie_simpson\pic_0034.jpg	maggie_simpson
Simpsons character classifier at home\simpsons_dataset\maggie_simpson\pic_0035.jpg	maggie_simpson
Simpsons character classifier at home\simpsons_dataset\maggie_simpson\pic_0036.jpg	maggie_simpson
Simpsons character classifier at home\simpsons_dataset\maggie_simpson\pic_0037.jpg	maggie_simpson
Simpsons character classifier at home\simpsons_dataset\maggie_simpson\pic_0038.jpg	maggie_simpson
Simpsons character classifier at home\simpsons_dataset\maggie_simpson\pic_0039.jpg	maggie_simpson
Simpsons character classifier at home\simpsons_dataset\maggie_simpson\pic_0040.jpg	maggie_simpson
Simpsons character classifier at home\simpsons_dataset\maggie_simpson\pic_0041.jpg	maggie_simpson
Simpsons character classifier at home\simpsons_dataset\maggie_simpson\pic_0042.jpg	maggie_simpson
Simpsons character classifier at home\simpsons_dataset\maggie_simpson\pic_0043.jpg	maggie_simpson
Simpsons character classifier at home\simpsons_dataset\maggie_simpson\pic_0044.jpg	maggie_simpson
Simpsons character classifier at home\simpsons_dataset\maggie_simpson\pic_0045.jpg	maggie_simpson
Simpsons character classifier at home\simpsons_dataset\maggie_simpson\pic_0046.jpg	maggie_simpson
Simpsons character classifier at home\simpsons_dataset\maggie_simpson\pic_0047.jpg	maggie_simpson
Simpsons character classifier at home\simpsons_dataset\maggie_simpson\pic_0048.jpg	maggie_simpson
Simpsons character classifier at home\simpsons_dataset\maggie_simpson\pic_0049.jpg	maggie_simpson
Simpsons character classifier at home\simpsons_dataset\maggie_simpson\pic_0050.jpg	maggie_simpson
Simpsons character classifier at home\simpsons_dataset\maggie_simpson\pic_0051.jpg	maggie_simpson
Simpsons character classifier at home\simpsons_dataset\maggie_simpson\pic_0052.jpg	maggie_simpson
Simpsons character classifier at home\simpsons_dataset\maggie_simpson\pic_0053.jpg	maggie_simpson
Simpsons character classifier at home\simpsons_dataset\maggie_simpson\pic_0054.jpg	maggie_simpson
Simpsons character classifier at home\simpsons_dataset\maggie_simpson\pic_0055.jpg	maggie_simpson
Simpsons character classifier at home\simpsons_dataset\maggie_simpson\pic_0056.jpg	maggie_simpson
Simpsons character classifier at home\simpsons_dataset\maggie_simpson\pic_0057.jpg	maggie_simpson
Simpsons character classifier at home\simpsons_dataset\maggie_simpson\pic_0058.jpg	maggie_simpson
Simpsons character classifier at home\simpsons_dataset\maggie_simpson\pic_0059.jpg	maggie_simpson
Simpsons character classifier at home\simpsons_dataset\maggie_simpson\pic_0060.jpg	maggie_simpson
Simpsons character classifier at home\simpsons_dataset\maggie_simpson\pic_0061.jpg	maggie_simpson
Simpsons character classifier at home\simpsons_dataset\maggie_simpson\pic_0062.jpg	maggie_simpson
Simpsons character classifier at home\simpsons_dataset\maggie_simpson\pic_0063.jpg	maggie_simpson
Simpsons character classifier at home\simpsons_dataset\maggie_simpson\pic_0064.jpg	maggie_simpson
Simpsons character classifier at home\simpsons_dataset\maggie_simpson\pic_0065.jpg	maggie_simpson
Simpsons character classifier at home\simpsons_dataset\maggie_simpson\pic_0066.jpg	maggie_simpson
Simpsons character classifier at home\simpsons_dataset\maggie_simpson\pic_0067.jpg	maggie_simpson
Simpsons character classifier at home\simpsons_dataset\maggie_simpson\pic_0068.jpg	maggie_simpson
Simpsons character classifier at home\simpsons_dataset\maggie_simpson\pic_0069.jpg	maggie_simpson
Simpsons character classifier at home\simpsons_dataset\maggie_simpson\pic_0070.jpg	maggie_simpson
Simpsons character classifier at home\simpsons_dataset\maggie_simpson\pic_0071.jpg	maggie_simpson
Simpsons character classifier at home\simpsons_dataset\maggie_simpson\pic_0072.jpg	maggie_simpson
Simpsons character classifier at home\simpsons_dataset\maggie_simpson\pic_0073.jpg	maggie_simpson
Simpsons character classifier at home\simpsons_dataset\maggie_simpson\pic_0074.jpg	maggie_simpson
Simpsons character classifier at home\simpsons_dataset\maggie_simpson\pic_0075.jpg	maggie_simpson
Simpsons character classifier at home\simpsons_dataset\maggie_simpson\pic_0076.jpg	maggie_simpson
Simpsons character classifier at home\simpsons_dataset\maggie_simpson\pic_0077.jpg	maggie_simpson
Simpsons character classifier at home\simpsons_dataset\maggie_simpson\pic_0078.jpg	maggie_simpson
Simpsons character classifier at home\simpsons_dataset\maggie_simpson\pic_0079.jpg	maggie_simpson
Simpsons character classifier at home\simpsons_dataset\maggie_simpson\pic_0080.jpg	maggie_simpson
Simpsons character classifier at home\simpsons_dataset\maggie_simpson\pic_0081.jpg	maggie_simpson
Simpsons character classifier at home\simpsons_dataset\maggie_simpson\pic_0082.jpg	maggie_simpson
Simpsons character classifier at home\simpsons_dataset\maggie_simpson\pic_0083.jpg	maggie_simpson
Simpsons character classifier at home\simpsons_dataset\maggie_simpson\pic_0084.jpg	maggie_simpson
Simpsons character classifier at home\simpsons_dataset\maggie_simpson\pic_0085.jpg	maggie_simpson
Simpsons character classifier at home\simpsons_dataset\maggie_simpson\pic_0086.jpg	maggie_simpson
Simpsons character classifier at home\simpsons_dataset\maggie_simpson\pic_0087.jpg	maggie_simpson
Simpsons character classifier at home\simpsons_dataset\maggie_simpson\pic_0088.jpg	maggie_simpson
Simpsons character classifier at home\simpsons_dataset\maggie_simpson\pic_0089.jpg	maggie_simpson
Simpsons character classifier at home\simpsons_dataset\maggie_simpson\pic_0090.jpg	maggie_simpson
Simpsons character classifier at home\simpsons_dataset\maggie_simpson\pic_0091.jpg	maggie_simpson
Simpsons character classifier at home\simpsons_dataset\maggie_simpson\pic_0092.jpg	maggie_simpson
Simpsons character classifier at home\simpsons_dataset\maggie_simpson\pic_0093.jpg	maggie_simpson
Simpsons character classifier at home\simpsons_dataset\maggie_simpson\pic_0094.jpg	maggie_simpson
Simpsons character classifier at home\simpsons_dataset\maggie_simpson\pic_0095.jpg	maggie_simpson
Simpsons character classifier at home\simpsons_dataset\maggie_simpson\pic_0096.jpg	maggie_simpson
Simpsons character classifier at home\simpsons_dataset\maggie_simpson\pic_0097.jpg	maggie_simpson
Simpsons character classifier at home\simpsons_dataset\maggie_simpson\pic_0098.jpg	maggie_simpson
Simpsons character classifier at home\simpsons_dataset\maggie_simpson\pic_0099.jpg	maggie_simpson
Simpsons character classifier at home\simpsons_dataset\maggie_simpson\pic_0100.jpg	maggie_simpson
Simpsons character classifier at home\simpsons_dataset\maggie_simpson\pic_0101.jpg	maggie_simpson
Simpsons character classifier at home\simpsons_dataset\maggie_simpson\pic_0102.jpg	maggie_simpson
Simpsons character classifier at home\simpsons_dataset\maggie_simpson\pic_0103.jpg	maggie_simpson
Simpsons character classifier at home\simpsons_dataset\maggie_simpson\pic_0104.jpg	maggie_simpson
Simpsons character classifier at home\simpsons_dataset\maggie_simpson\pic_0105.jpg	maggie_simpson
Simpsons character classifier at home\simpsons_dataset\maggie_simpson\pic_0106.jpg	maggie_simpson
Simpsons character classifier at home\simpsons_dataset\maggie_simpson\pic_0107.jpg	maggie_simpson
Simpsons character classifier at home\simpsons_dataset\maggie_simpson\pic_0108.jpg	maggie_simpson
Simpsons character classifier at home\simpsons_dataset\maggie_simpson\pic_0109.jpg	maggie_simpson
Simpsons character classifier at home\simpsons_dataset\maggie_simpson\pic_0110.jpg	maggie_simpson
Simpsons character classifier at home\simpsons_dataset\maggie_simpson\pic_0111.jpg	maggie_simpson
Simpsons character classifier at home\simpsons_dataset\maggie_simpson\pic_0112.jpg	maggie_simpson
Simpsons character classifier at home\simpsons_dataset\maggie_simpson\pic_0113.jpg	maggie_simpson
Simpsons character classifier at home\simpsons_dataset\maggie_simpson\pic_0114.jpg	maggie_simpson
Simpsons character classifier at home\simpsons_dataset\maggie_simpson\pic_0115.jpg	maggie_simpson
Simpsons character classifier at home\simpsons_dataset\maggie_simpson\pic_0116.jpg	maggie_simpson
Simpsons character classifier at home\simpsons_dataset\maggie_simpson\pic_0117.jpg	maggie_simpson
Simpsons character classifier at home\simpsons_dataset\maggie_simpson\pic_0118.jpg	maggie_simpson
Simpsons character classifier at home\simpsons_dataset\maggie_simpson\pic_0119.jpg	maggie_simpson
Simpsons character classifier at home\simpsons_dataset\maggie_simpson\pic_0120.jpg	maggie_simpson
Simpsons character classifier at home\simpsons_dataset\maggie_simpson\pic_0121.jpg	maggie_simpson
Simpsons character classifier at home\simpsons_dataset\maggie_simpson\pic_0122.jpg	maggie_simpson
Simpsons character classifier at home\simpsons_dataset\maggie_simpson\pic_0123.jpg	maggie_simpson
Simpsons character classifier at home\simpsons_dataset\maggie_simpson\pic_0124.jpg	maggie_simpson
Simpsons character classifier at home\simpsons_dataset\maggie_simpson\pic_0125.jpg	maggie_simpson
Simpsons character classifier at home\simpsons_dataset\maggie_simpson\pic_0126.jpg	maggie_simpson
Simpsons character classifier at home\simpsons_dataset\maggie_simpson\pic_0127.jpg	maggie_simpson
