Simpsons character classifier at home\simpsons_dataset\martin_prince\pic_0000.jpg	martin_prince
Simpsons character classifier at home\simpsons_dataset\martin_prince\pic_0001.jpg	martin_prince
Simpsons character classifier at home\simpsons_dataset\martin_prince\pic_0002.jpg	martin_prince
Simpsons character classifier at home\simpsons_dataset\martin_prince\pic_0003.jpg	martin_prince
Simpsons character classifier at home\simpsons_dataset\martin_prince\pic_0004.jpg	martin_prince
Simpsons character classifier at home\simpsons_dataset\martin_prince\pic_0005.jpg	martin_prince
Simpsons character classifier at home\simpsons_dataset\martin_prince\pic_0006.jpg	martin_prince
Simpsons character classifier at home\simpsons_dataset\martin_prince\pic_0007.jpg	martin_prince
Simpsons character classifier at home\simpsons_dataset\martin_prince\pic_0008.jpg	martin_prince
Simpsons character classifier at home\simpsons_dataset\martin_prince\pic_0009.jpg	martin_prince
Simpsons character classifier at home\simpsons_dataset\martin_prince\pic_0010.jpg	martin_prince
Simpsons character classifier at home\simpsons_dataset\martin_prince\pic_0011.jpg	martin_prince
Simpsons character classifier at home\simpsons_dataset\martin_prince\pic_0012.jpg	martin_prince
Simpsons character classifier at home\simpsons_dataset\martin_prince\pic_0013.jpg	martin_prince
Simpsons character classifier at home\simpsons_dataset\martin_prince\pic_0014.jpg	martin_prince
Simpsons character classifier at home\simpsons_dataset\martin_prince\pic_0015.jpg	martin_prince
Simpsons character classifier at home\simpsons_dataset\martin_prince\pic_0016.jpg	martin_prince
Simpsons character classifier at home\simpsons_dataset\martin_prince\pic_0017.jpg	martin_prince
Simpsons character classifier at home\simpsons_dataset\martin_prince\pic_0018.jpg	martin_prince
Simpsons character classifier at home\simpsons_dataset\martin_prince\pic_0019.jpg	martin_prince
Simpsons character classifier at home\simpsons_dataset\martin_prince\pic_0020.jpg	martin_prince
Simpsons character classifier at home\simpsons_dataset\martin_prince\pic_0021.jpg	martin_prince
Simpsons character classifier at home\simpsons_dataset\martin_prince\pic_0022.jpg	martin_prince
Simpsons character classifier at home\simpsons_dataset\martin_prince\pic_0023.jpg	martin_prince
Simpsons character classifier at home\simpsons_dataset\martin_prince\pic_0024.jpg	martin_prince
Simpsons character classifier at home\simpsons_dataset\martin_prince\pic_0025.jpg	martin_prince
Simpsons character classifier at home\simpsons_dataset\martin_prince\pic_0026.jpg	martin_prince
Simpsons character classifier at home\simpsons_dataset\martin_prince\pic_0027.jpg	martin_prince
Simpsons character classifier at home\simpsons_dataset\martin_prince\pic_0028.jpg	martin_prince
Simpsons character classifier at home\simpsons_dataset\martin_prince\pic_0029.jpg	martin_prince
Simpsons character classifier at home\simpsons_dataset\martin_prince\pic_0030.jpg	martin_prince
Simpsons character classifier at home\simpsons_dataset\martin_prince\pic_0031.jpg	martin_prince
Simpsons character classifier at home\simpsons_dataset\martin_prince\pic_0032.jpg	martin_prince
Simpsons character classifier at home\simpsons_dataset\martin_prince\pic_0033.jpg	martin_prince
Simpsons character classifier at home\simpsons_dataset\martin_prince\pic_0034.jpg	martin_prince
Simpsons character classifier at home\simpsons_dataset\martin_prince\pic_0035.jpg	martin_prince
Simpsons character classifier at home\simpsons_dataset\martin_prince\pic_0036.jpg	martin_prince
Simpsons character classifier at home\simpsons_dataset\martin_prince\pic_0037.jpg	martin_prince
Simpsons character classifier at home\simpsons_dataset\martin_prince\pic_0038.jpg	martin_prince
Simpsons character classifier at home\simpsons_dataset\martin_prince\pic_0039.jpg	martin_prince
Simpsons character classifier at home\simpsons_dataset\martin_prince\pic_0040.jpg	martin_prince
Simpsons character classifier at home\simpsons_dataset\martin_prince\pic_0041.jpg	martin_prince
Simpsons character classifier at home\simpsons_dataset\martin_prince\pic_0042.jpg	martin_prince
Simpsons character classifier at home\simpsons_dataset\martin_prince\pic_0043.jpg	martin_prince
Simpsons character classifier at home\simpsons_dataset\martin_prince\pic_0044.jpg	martin_prince
Simpsons character classifier at home\simpsons_dataset\martin_prince\pic_0045.jpg	martin_prince
Simpsons character classifier at home\simpsons_dataset\martin_prince\pic_0046.jpg	martin_prince
Simpsons character classifier at home\simpsons_dataset\martin_prince\pic_0047.jpg	martin_prince
Simpsons character classifier at home\simpsons_dataset\martin_prince\pic_0048.jpg	martin_prince
Simpsons character classifier at home\simpsons_dataset\martin_prince\pic_0049.jpg	martin_prince
Simpsons character classifier at home\simpsons_dataset\martin_prince\pic_0050.jpg	martin_prince
Simpsons character classifier at home\simpsons_dataset\martin_prince\pic_0051.jpg	martin_prince
Simpsons character classifier at home\simpsons_dataset\martin_prince\pic_0052.jpg	martin_prince
Simpsons character classifier at home\simpsons_dataset\martin_prince\pic_0053.jpg	martin_prince
Simpsons character classifier at home\simpsons_dataset\martin_prince\pic_0054.jpg	martin_prince
Simpsons character classifier at home\simpsons_dataset\martin_prince\pic_0055.jpg	martin_prince
Simpsons character classifier at home\simpsons_dataset\martin_prince\pic_0056.jpg	martin_prince
Simpsons character classifier at home\simpsons_dataset\martin_prince\pic_0057.jpg	martin_prince
Simpsons character classifier at home\simpsons_dataset\martin_prince\pic_0058.jpg	martin_prince
Simpsons character classifier at home\simpsons_dataset\martin_prince\pic_0059.jpg	martin_prince
Simpsons character classifier at home\simpsons_dataset\martin_prince\pic_0060.jpg	martin_prince
Simpsons character classifier at home\simpsons_dataset\martin_prince\pic_0061.jpg	martin_prince
Simpsons character classifier at home\simpsons_dataset\martin_prince\pic_0062.jpg	martin_prince
Simpsons character classifier at home\simpsons_dataset\martin_prince\pic_0063.jpg	martin_prince
Simpsons character classifier at home\simpsons_dataset\martin_prince\pic_0064.jpg	martin_prince
Simpsons character classifier at home\simpsons_dataset\martin_prince\pic_0065.jpg	martin_prince
Simpsons character classifier at home\simpsons_dataset\martin_prince\pic_0066.jpg	martin_prince
Simpsons character classifier at home\simpsons_dataset\martin_prince\pic_0067.jpg	martin_prince
Simpsons character classifier at home\simpsons_dataset\martin_prince\pic_0068.jpg	martin_prince
Simpsons character classifier at home\simpsons_dataset\martin_prince\pic_0069.jpg	martin_prince
Simpsons character classifier at home\simpsons_dataset\martin_prince\pic_0070.jpg	martin_prince
