Simpsons character classifier at home\simpsons_dataset\nelson_muntz\pic_0000.jpg	nelson_muntz
Simpsons character classifier at home\simpsons_dataset\nelson_muntz\pic_0001.jpg	nelson_muntz
Simpsons character classifier at home\simpsons_dataset\nelson_muntz\pic_0002.jpg	nelson_muntz
Simpsons character classifier at home\simpsons_dataset\nelson_muntz\pic_0003.jpg	nelson_muntz
Simpsons character classifier at home\simpsons_dataset\nelson_muntz\pic_0004.jpg	nelson_muntz
Simpsons character classifier at home\simpsons_dataset\nelson_muntz\pic_0005.jpg	nelson_muntz
Simpsons character classifier at home\simpsons_dataset\nelson_muntz\pic_0006.jpg	nelson_muntz
Simpsons character classifier at home\simpsons_dataset\nelson_muntz\pic_0007.jpg	nelson_muntz
Simpsons character classifier at home\simpsons_dataset\nelson_muntz\pic_0008.jpg	nelson_muntz
Simpsons character classifier at home\simpsons_dataset\nelson_muntz\pic_0009.jpg	nelson_muntz
Simpsons character classifier at home\simpsons_dataset\nelson_muntz\pic_0010.jpg	nelson_muntz
Simpsons character classifier at home\simpsons_dataset\nelson_muntz\pic_0011.jpg	nelson_muntz
Simpsons character classifier at home\simpsons_dataset\nelson_muntz\pic_0012.jpg	nelson_muntz
Simpsons character classifier at home\simpsons_dataset\nelson_muntz\pic_0013.jpg	nelson_muntz
Simpsons character classifier at home\simpsons_dataset\nelson_muntz\pic_0014.jpg	nelson_muntz
Simpsons character classifier at home\simpsons_dataset\nelson_muntz\pic_0015.jpg	nelson_muntz
Simpsons character classifier at home\simpsons_dataset\nelson_muntz\pic_0016.jpg	nelson_muntz
Simpsons character classifier at home\simpsons_dataset\nelson_muntz\pic_0017.jpg	nelson_muntz
Simpsons character classifier at home\simpsons_dataset\nelson_muntz\pic_0018.jpg	nelson_muntz
Simpsons character classifier at home\simpsons_dataset\nelson_muntz\pic_0019.jpg	nelson_muntz
Simpsons character classifier at home\simpsons_dataset\nelson_muntz\pic_0020.jpg	nelson_muntz
Simpsons character classifier at home\simpsons_dataset\nelson_muntz\pic_0021.jpg	nelson_muntz
Simpsons character classifier at home\simpsons_dataset\nelson_muntz\pic_0022.jpg	nelson_muntz
Simpsons character classifier at home\simpsons_dataset\nelson_muntz\pic_0023.jpg	nelson_muntz
Simpsons character classifier at home\simpsons_dataset\nelson_muntz\pic_0024.jpg	nelson_muntz
Simpsons character classifier at home\simpsons_dataset\nelson_muntz\pic_0025.jpg	nelson_muntz
Simpsons character classifier at home\simpsons_dataset\nelson_muntz\pic_0026.jpg	nelson_muntz
Simpsons character classifier at home\simpsons_dataset\nelson_muntz\pic_0027.jpg	nelson_muntz
Simpsons character classifier at home\simpsons_dataset\nelson_muntz\pic_0028.jpg	nelson_muntz
Simpsons character classifier at home\simpsons_dataset\nelson_muntz\pic_0029.jpg	nelson_muntz
Simpsons character classifier at home\simpsons_dataset\nelson_muntz\pic_0030.jpg	nelson_muntz
Simpsons character classifier at home\simpsons_dataset\nelson_muntz\pic_0031.jpg	nelson_muntz
Simpsons character classifier at home\simpsons_dataset\nelson_muntz\pic_0032.jpg	nelson_muntz
Simpsons character classifier at home\simpsons_dataset\nelson_muntz\pic_0033.jpg	nelson_muntz
Simpsons character classifier at home\simpsons_dataset\nelson_muntz\pic_0034.jpg	nelson_muntz
Simpsons character classifier at home\simpsons_dataset\nelson_muntz\pic_0035.jpg	nelson_muntz
Simpsons character classifier at home\simpsons_dataset\nelson_muntz\pic_0036.jpg	nelson_muntz
Simpsons character classifier at home\simpsons_dataset\nelson_muntz\pic_0037.jpg	nelson_muntz
Simpsons character classifier at home\simpsons_dataset\nelson_muntz\pic_0038.jpg	nelson_muntz
Simpsons character classifier at home\simpsons_dataset\nelson_muntz\pic_0039.jpg	nelson_muntz
Simpsons character classifier at home\simpsons_dataset\nelson_muntz\pic_0040.jpg	nelson_muntz
Simpsons character classifier at home\simpsons_dataset\nelson_muntz\pic_0041.jpg	nelson_muntz
Simpsons character classifier at home\simpsons_dataset\nelson_muntz\pic_0042.jpg	nelson_muntz
Simpsons character classifier at home\simpsons_dataset\nelson_muntz\pic_0043.jpg	nelson_muntz
Simpsons character classifier at home\simpsons_dataset\nelson_muntz\pic_0044.jpg	nelson_muntz
Simpsons character classifier at home\simpsons_dataset\nelson_muntz\pic_0045.jpg	nelson_muntz
Simpsons character classifier at home\simpsons_dataset\nelson_muntz\pic_0046.jpg	nelson_muntz
Simpsons character classifier at home\simpsons_dataset\nelson_muntz\pic_0047.jpg	nelson_muntz
Simpsons character classifier at home\simpsons_dataset\nelson_muntz\pic_0048.jpg	nelson_muntz
Simpsons character classifier at home\simpsons_dataset\nelson_muntz\pic_0049.jpg	nelson_muntz
Simpsons character classifier at home\simpsons_dataset\nelson_muntz\pic_0050.jpg	nelson_muntz
Simpsons character classifier at home\simpsons_dataset\nelson_muntz\pic_0051.jpg	nelson_muntz
Simpsons character classifier at home\simpsons_dataset\nelson_muntz\pic_0052.jpg	nelson_muntz
Simpsons character classifier at home\simpsons_dataset\nelson_muntz\pic_0053.jpg	nelson_muntz
Simpsons character classifier at home\simpsons_dataset\nelson_muntz\pic_0054.jpg	nelson_muntz
Simpsons character classifier at home\simpsons_dataset\nelson_muntz\pic_0055.jpg	nelson_muntz
Simpsons character classifier at home\simpsons_dataset\nelson_muntz\pic_0056.jpg	nelson_muntz
Simpsons character classifier at home\simpsons_dataset\nelson_muntz\pic_0057.jpg	nelson_muntz
Simpsons character classifier at home\simpsons_dataset\nelson_muntz\pic_0058.jpg	nelson_muntz
Simpsons character classifier at home\simpsons_dataset\nelson_muntz\pic_0059.jpg	nelson_muntz
Simpsons character classifier at home\simpsons_dataset\nelson_muntz\pic_0060.jpg	nelson_muntz
Simpsons character classifier at home\simpsons_dataset\nelson_muntz\pic_0061.jpg	nelson_muntz
Simpsons character classifier at home\simpsons_dataset\nelson_muntz\pic_0062.jpg	nelson_muntz
Simpsons character classifier at home\simpsons_dataset\nelson_muntz\pic_0063.jpg	nelson_muntz
Simpsons character classifier at home\simpsons_dataset\nelson_muntz\pic_0064.jpg	nelson_muntz
Simpsons character classifier at home\simpsons_dataset\nelson_muntz\pic_0065.jpg	nelson_muntz
Simpsons character classifier at home\simpsons_dataset\nelson_muntz\pic_0066.jpg	nelson_muntz
Simpsons character classifier at home\simpsons_dataset\nelson_muntz\pic_0067.jpg	nelson_muntz
Simpsons character classifier at home\simpsons_dataset\nelson_muntz\pic_0068.jpg	nelson_muntz
Simpsons character classifier at home\simpsons_dataset\nelson_muntz\pic_0069.jpg	nelson_muntz
Simpsons character classifier at home\simpsons_dataset\nelson_muntz\pic_0070.jpg	nelson_muntz
Simpsons character classifier at home\simpsons_dataset\nelson_muntz\pic_0071.jpg	nelson_muntz
Simpsons character classifier at home\simpsons_dataset\nelson_muntz\pic_0072.jpg	nelson_muntz
Simpsons character classifier at home\simpsons_dataset\nelson_muntz\pic_0073.jpg	nelson_muntz
Simpsons character classifier at home\simpsons_dataset\nelson_muntz\pic_0074.jpg	nelson_muntz
Simpsons character classifier at home\simpsons_dataset\nelson_muntz\pic_0075.jpg	nelson_muntz
Simpsons character classifier at home\simpsons_dataset\nelson_muntz\pic_0076.jpg	nelson_muntz
Simpsons character classifier at home\simpsons_dataset\nelson_muntz\pic_0077.jpg	nelson_muntz
Simpsons character classifier at home\simpsons_dataset\nelson_muntz\pic_0078.jpg	nelson_muntz
Simpsons character classifier at home\simpsons_dataset\nelson_muntz\pic_0079.jpg	nelson_muntz
Simpsons character classifier at home\simpsons_dataset\nelson_muntz\pic_0080.jpg	nelson_muntz
Simpsons character classifier at home\simpsons_dataset\nelson_muntz\pic_0081.jpg	nelson_muntz
Simpsons character classifier at home\simpsons_dataset\nelson_muntz\pic_0082.jpg	nelson_muntz
Simpsons character classifier at home\simpsons_dataset\nelson_muntz\pic_0083.jpg	nelson_muntz
Simpsons character classifier at home\simpsons_dataset\nelson_muntz\pic_0084.jpg	nelson_muntz
Simpsons character classifier at home\simpsons_dataset\nelson_muntz\pic_0085.jpg	nelson_muntz
Simpsons character classifier at home\simpsons_dataset\nelson_muntz\pic_0086.jpg	nelson_muntz
Simpsons character classifier at home\simpsons_dataset\nelson_muntz\pic_0087.jpg	nelson_muntz
Simpsons character classifier at home\simpsons_dataset\nelson_muntz\pic_0088.jpg	nelson_muntz
Simpsons character classifier at home\simpsons_dataset\nelson_muntz\pic_0089.jpg	nelson_muntz
Simpsons character classifier at home\simpsons_dataset\nelson_muntz\pic_0090.jpg	nelson_muntz
Simpsons character classifier at home\simpsons_dataset\nelson_muntz\pic_0091.jpg	nelson_muntz
Simpsons character classifier at home\simpsons_dataset\nelson_muntz\pic_0092.jpg	nelson_muntz
Simpsons character classifier at home\simpsons_dataset\nelson_muntz\pic_0093.jpg	nelson_muntz
Simpsons character classifier at home\simpsons_dataset\nelson_muntz\pic_0094.jpg	nelson_muntz
Simpsons character classifier at home\simpsons_dataset\nelson_muntz\pic_0095.jpg	nelson_muntz
Simpsons character classifier at home\simpsons_dataset\nelson_muntz\pic_0096.jpg	nelson_muntz
Simpsons character classifier at home\simpsons_dataset\nelson_muntz\pic_0097.jpg	nelson_muntz
Simpsons character classifier at home\simpsons_dataset\nelson_muntz\pic_0098.jpg	nelson_muntz
Simpsons character classifier at home\simpsons_dataset\nelson_muntz\pic_0099.jpg	nelson_muntz
Simpsons character classifier at home\simpsons_dataset\nelson_muntz\pic_0100.jpg	nelson_muntz
Simpsons character classifier at home\simpsons_dataset\nelson_muntz\pic_0101.jpg	nelson_muntz
Simpsons character classifier at home\simpsons_dataset\nelson_muntz\pic_0102.jpg	nelson_muntz
Simpsons character classifier at home\simpsons_dataset\nelson_muntz\pic_0103.jpg	nelson_muntz
Simpsons character classifier at home\simpsons_dataset\nelson_muntz\pic_0104.jpg	nelson_muntz
Simpsons character classifier at home\simpsons_dataset\nelson_muntz\pic_0105.jpg	nelson_muntz
Simpsons character classifier at home\simpsons_dataset\nelson_muntz\pic_0106.jpg	nelson_muntz
Simpsons character classifier at home\simpsons_dataset\nelson_muntz\pic_0107.jpg	nelson_muntz
Simpsons character classifier at home\simpsons_dataset\nelson_muntz\pic_0108.jpg	nelson_muntz
Simpsons character classifier at home\simpsons_dataset\nelson_muntz\pic_0109.jpg	nelson_muntz
Simpsons character classifier at home\simpsons_dataset\nelson_muntz\pic_0110.jpg	nelson_muntz
Simpsons character classifier at home\simpsons_dataset\nelson_muntz\pic_0111.jpg	nelson_muntz
Simpsons character classifier at home\simpsons_dataset\nelson_muntz\pic_0112.jpg	nelson_muntz
Simpsons character classifier at home\simpsons_dataset\nelson_muntz\pic_0113.jpg	nelson_muntz
Simpsons character classifier at home\simpsons_dataset\nelson_muntz\pic_0114.jpg	nelson_muntz
Simpsons character classifier at home\simpsons_dataset\nelson_muntz\pic_0115.jpg	nelson_muntz
Simpsons character classifier at home\simpsons_dataset\nelson_muntz\pic_0116.jpg	nelson_muntz
Simpsons character classifier at home\simpsons_dataset\nelson_muntz\pic_0117.jpg	nelson_muntz
Simpsons character classifier at home\simpsons_dataset\nelson_muntz\pic_0118.jpg	nelson_muntz
Simpsons character classifier at home\simpsons_dataset\nelson_muntz\pic_0119.jpg	nelson_muntz
Simpsons character classifier at home\simpsons_dataset\nelson_muntz\pic_0120.jpg	nelson_muntz
Simpsons character classifier at home\simpsons_dataset\nelson_muntz\pic_0121.jpg	nelson_muntz
Simpsons character classifier at home\simpsons_dataset\nelson_muntz\pic_0122.jpg	nelson_muntz
Simpsons character classifier at home\simpsons_dataset\nelson_muntz\pic_0123.jpg	nelson_muntz
Simpsons character classifier at home\simpsons_dataset\nelson_muntz\pic_0124.jpg	nelson_muntz
Simpsons character classifier at home\simpsons_dataset\nelson_muntz\pic_0125.jpg	nelson_muntz
Simpsons character classifier at home\simpsons_dataset\nelson_muntz\pic_0126.jpg	nelson_muntz
Simpsons character classifier at home\simpsons_dataset\nelson_muntz\pic_0127.jpg	nelson_muntz
Simpsons character classifier at home\simpsons_dataset\nelson_muntz\pic_0128.jpg	nelson_muntz
Simpsons character classifier at home\simpsons_dataset\nelson_muntz\pic_0129.jpg	nelson_muntz
Simpsons character classifier at home\simpsons_dataset\nelson_muntz\pic_0130.jpg	nelson_muntz
Simpsons character classifier at home\simpsons_dataset\nelson_muntz\pic_0131.jpg	nelson_muntz
Simpsons character classifier at home\simpsons_dataset\nelson_muntz\pic_0132.jpg	nelson_muntz
Simpsons character classifier at home\simpsons_dataset\nelson_muntz\pic_0133.jpg	nelson_muntz
Simpsons character classifier at home\simpsons_dataset\nelson_muntz\pic_0134.jpg	nelson_muntz
Simpsons character classifier at home\simpsons_dataset\nelson_muntz\pic_0135.jpg	nelson_muntz
Simpsons character classifier at home\simpsons_dataset\nelson_muntz\pic_0136.jpg	nelson_muntz
Simpsons character classifier at home\simpsons_dataset\nelson_muntz\pic_0137.jpg	nelson_muntz
Simpsons character classifier at home\simpsons_dataset\nelson_muntz\pic_0138.jpg	nelson_muntz
Simpsons character classifier at home\simpsons_dataset\nelson_muntz\pic_0139.jpg	nelson_muntz
Simpsons character classifier at home\simpsons_dataset\nelson_muntz\pic_0140.jpg	nelson_muntz
Simpsons character classifier at home\simpsons_dataset\nelson_muntz\pic_0141.jpg	nelson_muntz
Simpsons character classifier at home\simpsons_dataset\nelson_muntz\pic_0142.jpg	nelson_muntz
Simpsons character classifier at home\simpsons_dataset\nelson_muntz\pic_0143.jpg	nelson_muntz
Simpsons character classifier at home\simpsons_dataset\nelson_muntz\pic_0144.jpg	nelson_muntz
Simpsons character classifier at home\simpsons_dataset\nelson_muntz\pic_0145.jpg	nelson_muntz
Simpsons character classifier at home\simpsons_dataset\nelson_muntz\pic_0146.jpg	nelson_muntz
Simpsons character classifier at home\simpsons_dataset\nelson_muntz\pic_0147.jpg	nelson_muntz
Simpsons character classifier at home\simpsons_dataset\nelson_muntz\pic_0148.jpg	nelson_muntz
Simpsons character classifier at home\simpsons_dataset\nelson_muntz\pic_0149.jpg	nelson_muntz
Simpsons character classifier at home\simpsons_dataset\nelson_muntz\pic_0150.jpg	nelson_muntz
Simpsons character classifier at home\simpsons_dataset\nelson_muntz\pic_0151.jpg	nelson_muntz
Simpsons character classifier at home\simpsons_dataset\nelson_muntz\pic_0152.jpg	nelson_muntz
Simpsons character classifier at home\simpsons_dataset\nelson_muntz\pic_0153.jpg	nelson_muntz
Simpsons character classifier at home\simpsons_dataset\nelson_muntz\pic_0154.jpg	nelson_muntz
Simpsons character classifier at home\simpsons_dataset\nelson_muntz\pic_0155.jpg	nelson_muntz
Simpsons character classifier at home\simpsons_dataset\nelson_muntz\pic_0156.jpg	nelson_muntz
Simpsons character classifier at home\simpsons_dataset\nelson_muntz\pic_0157.jpg	nelson_muntz
Simpsons character classifier at home\simpsons_dataset\nelson_muntz\pic_0158.jpg	nelson_muntz
Simpsons character classifier at home\simpsons_dataset\nelson_muntz\pic_0159.jpg	nelson_muntz
Simpsons character classifier at home\simpsons_dataset\nelson_muntz\pic_0160.jpg	nelson_muntz
Simpsons character classifier at home\simpsons_dataset\nelson_muntz\pic_0161.jpg	nelson_muntz
Simpsons character classifier at home\simpsons_dataset\nelson_muntz\pic_0162.jpg	nelson_muntz
Simpsons character classifier at home\simpsons_dataset\nelson_muntz\pic_0163.jpg	nelson_muntz
Simpsons character classifier at home\simpsons_dataset\nelson_muntz\pic_0164.jpg	nelson_muntz
Simpsons character classifier at home\simpsons_dataset\nelson_muntz\pic_0165.jpg	nelson_muntz
Simpsons character classifier at home\simpsons_dataset\nelson_muntz\pic_0166.jpg	nelson_muntz
Simpsons character classifier at home\simpsons_dataset\nelson_muntz\pic_0167.jpg	nelson_muntz
Simpsons character classifier at home\simpsons_dataset\nelson_muntz\pic_0168.jpg	nelson_muntz
Simpsons character classifier at home\simpsons_dataset\nelson_muntz\pic_0169.jpg	nelson_muntz
Simpsons character classifier at home\simpsons_dataset\nelson_muntz\pic_0170.jpg	nelson_muntz
Simpsons character classifier at home\simpsons_dataset\nelson_muntz\pic_0171.jpg	nelson_muntz
Simpsons character classifier at home\simpsons_dataset\nelson_muntz\pic_0172.jpg	nelson_muntz
Simpsons character classifier at home\simpsons_dataset\nelson_muntz\pic_0173.jpg	nelson_muntz
Simpsons character classifier at home\simpsons_dataset\nelson_muntz\pic_0174.jpg	nelson_muntz
Simpsons character classifier at home\simpsons_dataset\nelson_muntz\pic_0175.jpg	nelson_muntz
Simpsons character classifier at home\simpsons_dataset\nelson_muntz\pic_0176.jpg	nelson_muntz
Simpsons character classifier at home\simpsons_dataset\nelson_muntz\pic_0177.jpg	nelson_muntz
Simpsons character classifier at home\simpsons_dataset\nelson_muntz\pic_0178.jpg	nelson_muntz
Simpsons character classifier at home\simpsons_dataset\nelson_muntz\pic_0179.jpg	nelson_muntz
Simpsons character classifier at home\simpsons_dataset\nelson_muntz\pic_0180.jpg	nelson_muntz
Simpsons character classifier at home\simpsons_dataset\nelson_muntz\pic_0181.jpg	nelson_muntz
Simpsons character classifier at home\simpsons_dataset\nelson_muntz\pic_0182.jpg	nelson_muntz
Simpsons character classifier at home\simpsons_dataset\nelson_muntz\pic_0183.jpg	nelson_muntz
Simpsons character classifier at home\simpsons_dataset\nelson_muntz\pic_0184.jpg	nelson_muntz
Simpsons character classifier at home\simpsons_dataset\nelson_muntz\pic_0185.jpg	nelson_muntz
Simpsons character classifier at home\simpsons_dataset\nelson_muntz\pic_0186.jpg	nelson_muntz
Simpsons character classifier at home\simpsons_dataset\nelson_muntz\pic_0187.jpg	nelson_muntz
Simpsons character classifier at home\simpsons_dataset\nelson_muntz\pic_0188.jpg	nelson_muntz
Simpsons character classifier at home\simpsons_dataset\nelson_muntz\pic_0189.jpg	nelson_muntz
Simpsons character classifier at home\simpsons_dataset\nelson_muntz\pic_0190.jpg	nelson_muntz
Simpsons character classifier at home\simpsons_dataset\nelson_muntz\pic_0191.jpg	nelson_muntz
Simpsons character classifier at home\simpsons_dataset\nelson_muntz\pic_0192.jpg	nelson_muntz
Simpsons character classifier at home\simpsons_dataset\nelson_muntz\pic_0193.jpg	nelson_muntz
Simpsons character classifier at home\simpsons_dataset\nelson_muntz\pic_0194.jpg	nelson_muntz
Simpsons character classifier at home\simpsons_dataset\nelson_muntz\pic_0195.jpg	nelson_muntz
Simpsons character classifier at home\simpsons_dataset\nelson_muntz\pic_0196.jpg	nelson_muntz
Simpsons character classifier at home\simpsons_dataset\nelson_muntz\pic_0197.jpg	nelson_muntz
Simpsons character classifier at home\simpsons_dataset\nelson_muntz\pic_0198.jpg	nelson_muntz
Simpsons character classifier at home\simpsons_dataset\nelson_muntz\pic_0199.jpg	nelson_muntz
Simpsons character classifier at home\simpsons_dataset\nelson_muntz\pic_0200.jpg	nelson_muntz
Simpsons character classifier at home\simpsons_dataset\nelson_muntz\pic_0201.jpg	nelson_muntz
Simpsons character classifier at home\simpsons_dataset\nelson_muntz\pic_0202.jpg	nelson_muntz
Simpsons character classifier at home\simpsons_dataset\nelson_muntz\pic_0203.jpg	nelson_muntz
Simpsons character classifier at home\simpsons_dataset\nelson_muntz\pic_0204.jpg	nelson_muntz
Simpsons character classifier at home\simpsons_dataset\nelson_muntz\pic_0205.jpg	nelson_muntz
Simpsons character classifier at home\simpsons_dataset\nelson_muntz\pic_0206.jpg	nelson_muntz
Simpsons character classifier at home\simpsons_dataset\nelson_muntz\pic_0207.jpg	nelson_muntz
Simpsons character classifier at home\simpsons_dataset\nelson_muntz\pic_0208.jpg	nelson_muntz
Simpsons character classifier at home\simpsons_dataset\nelson_muntz\pic_0209.jpg	nelson_muntz
Simpsons character classifier at home\simpsons_dataset\nelson_muntz\pic_0210.jpg	nelson_muntz
Simpsons character classifier at home\simpsons_dataset\nelson_muntz\pic_0211.jpg	nelson_muntz
Simpsons character classifier at home\simpsons_dataset\nelson_muntz\pic_0212.jpg	nelson_muntz
Simpsons character classifier at home\simpsons_dataset\nelson_muntz\pic_0213.jpg	nelson_muntz
Simpsons character classifier at home\simpsons_dataset\nelson_muntz\pic_0214.jpg	nelson_muntz
Simpsons character classifier at home\simpsons_dataset\nelson_muntz\pic_0215.jpg	nelson_muntz
Simpsons character classifier at home\simpsons_dataset\nelson_muntz\pic_0216.jpg	nelson_muntz
Simpsons character classifier at home\simpsons_dataset\nelson_muntz\pic_0217.jpg	nelson_muntz
Simpsons character classifier at home\simpsons_dataset\nelson_muntz\pic_0218.jpg	nelson_muntz
Simpsons character classifier at home\simpsons_dataset\nelson_muntz\pic_0219.jpg	nelson_muntz
Simpsons character classifier at home\simpsons_dataset\nelson_muntz\pic_0220.jpg	nelson_muntz
Simpsons character classifier at home\simpsons_dataset\nelson_muntz\pic_0221.jpg	nelson_muntz
Simpsons character classifier at home\simpsons_dataset\nelson_muntz\pic_0222.jpg	nelson_muntz
Simpsons character classifier at home\simpsons_dataset\nelson_muntz\pic_0223.jpg	nelson_muntz
Simpsons character classifier at home\simpsons_dataset\nelson_muntz\pic_0224.jpg	nelson_muntz
Simpsons character classifier at home\simpsons_dataset\nelson_muntz\pic_0225.jpg	nelson_muntz
Simpsons character classifier at home\simpsons_dataset\nelson_muntz\pic_0226.jpg	nelson_muntz
Simpsons character classifier at home\simpsons_dataset\nelson_muntz\pic_0227.jpg	nelson_muntz
Simpsons character classifier at home\simpsons_dataset\nelson_muntz\pic_0228.jpg	nelson_muntz
Simpsons character classifier at home\simpsons_dataset\nelson_muntz\pic_0229.jpg	nelson_muntz
Simpsons character classifier at home\simpsons_dataset\nelson_muntz\pic_0230.jpg	nelson_muntz
Simpsons character classifier at home\simpsons_dataset\nelson_muntz\pic_0231.jpg	nelson_muntz
Simpsons character classifier at home\simpsons_dataset\nelson_muntz\pic_0232.jpg	nelson_muntz
Simpsons character classifier at home\simpsons_dataset\nelson_muntz\pic_0233.jpg	nelson_muntz
Simpsons character classifier at home\simpsons_dataset\nelson_muntz\pic_0234.jpg	nelson_muntz
Simpsons character classifier at home\simpsons_dataset\nelson_muntz\pic_0235.jpg	nelson_muntz
Simpsons character classifier at home\simpsons_dataset\nelson_muntz\pic_0236.jpg	nelson_muntz
Simpsons character classifier at home\simpsons_dataset\nelson_muntz\pic_0237.jpg	nelson_muntz
Simpsons character classifier at home\simpsons_dataset\nelson_muntz\pic_0238.jpg	nelson_muntz
Simpsons character classifier at home\simpsons_dataset\nelson_muntz\pic_0239.jpg	nelson_muntz
Simpsons character classifier at home\simpsons_dataset\nelson_muntz\pic_0240.jpg	nelson_muntz
Simpsons character classifier at home\simpsons_dataset\nelson_muntz\pic_0241.jpg	nelson_muntz
Simpsons character classifier at home\simpsons_dataset\nelson_muntz\pic_0242.jpg	nelson_muntz
Simpsons character classifier at home\simpsons_dataset\nelson_muntz\pic_0243.jpg	nelson_muntz
Simpsons character classifier at home\simpsons_dataset\nelson_muntz\pic_0244.jpg	nelson_muntz
Simpsons character classifier at home\simpsons_dataset\nelson_muntz\pic_0245.jpg	nelson_muntz
Simpsons character classifier at home\simpsons_dataset\nelson_muntz\pic_0246.jpg	nelson_muntz
Simpsons character classifier at home\simpsons_dataset\nelson_muntz\pic_0247.jpg	nelson_muntz
Simpsons character classifier at home\simpsons_dataset\nelson_muntz\pic_0248.jpg	nelson_muntz
Simpsons character classifier at home\simpsons_dataset\nelson_muntz\pic_0249.jpg	nelson_muntz
Simpsons character classifier at home\simpsons_dataset\nelson_muntz\pic_0250.jpg	nelson_muntz
Simpsons character classifier at home\simpsons_dataset\nelson_muntz\pic_0251.jpg	nelson_muntz
Simpsons character classifier at home\simpsons_dataset\nelson_muntz\pic_0252.jpg	nelson_muntz
Simpsons character classifier at home\simpsons_dataset\nelson_muntz\pic_0253.jpg	nelson_muntz
Simpsons character classifier at home\simpsons_dataset\nelson_muntz\pic_0254.jpg	nelson_muntz
Simpsons character classifier at home\simpsons_dataset\nelson_muntz\pic_0255.jpg	nelson_muntz
Simpsons character classifier at home\simpsons_dataset\nelson_muntz\pic_0256.jpg	nelson_muntz
Simpsons character classifier at home\simpsons_dataset\nelson_muntz\pic_0257.jpg	nelson_muntz
Simpsons character classifier at home\simpsons_dataset\nelson_muntz\pic_0258.jpg	nelson_muntz
Simpsons character classifier at home\simpsons_dataset\nelson_muntz\pic_0259.jpg	nelson_muntz
Simpsons character classifier at home\simpsons_dataset\nelson_muntz\pic_0260.jpg	nelson_muntz
Simpsons character classifier at home\simpsons_dataset\nelson_muntz\pic_0261.jpg	nelson_muntz
Simpsons character classifier at home\simpsons_dataset\nelson_muntz\pic_0262.jpg	nelson_muntz
Simpsons character classifier at home\simpsons_dataset\nelson_muntz\pic_0263.jpg	nelson_muntz
Simpsons character classifier at home\simpsons_dataset\nelson_muntz\pic_0264.jpg	nelson_muntz
Simpsons character classifier at home\simpsons_dataset\nelson_muntz\pic_0265.jpg	nelson_muntz
Simpsons character classifier at home\simpsons_dataset\nelson_muntz\pic_0266.jpg	nelson_muntz
Simpsons character classifier at home\simpsons_dataset\nelson_muntz\pic_0267.jpg	nelson_muntz
Simpsons character classifier at home\simpsons_dataset\nelson_muntz\pic_0268.jpg	nelson_muntz
Simpsons character classifier at home\simpsons_dataset\nelson_muntz\pic_0269.jpg	nelson_muntz
Simpsons character classifier at home\simpsons_dataset\nelson_muntz\pic_0270.jpg	nelson_muntz
Simpsons character classifier at home\simpsons_dataset\nelson_muntz\pic_0271.jpg	nelson_muntz
Simpsons character classifier at home\simpsons_dataset\nelson_muntz\pic_0272.jpg	nelson_muntz
Simpsons character classifier at home\simpsons_dataset\nelson_muntz\pic_0273.jpg	nelson_muntz
Simpsons character classifier at home\simpsons_dataset\nelson_muntz\pic_0274.jpg	nelson_muntz
Simpsons character classifier at home\simpsons_dataset\nelson_muntz\pic_0275.jpg	nelson_muntz
Simpsons character classifier at home\simpsons_dataset\nelson_muntz\pic_0276.jpg	nelson_muntz
Simpsons character classifier at home\simpsons_dataset\nelson_muntz\pic_0277.jpg	nelson_muntz
Simpsons character classifier at home\simpsons_dataset\nelson_muntz\pic_0278.jpg	nelson_muntz
Simpsons character classifier at home\simpsons_dataset\nelson_muntz\pic_0279.jpg	nelson_muntz
Simpsons character classifier at home\simpsons_dataset\nelson_muntz\pic_0280.jpg	nelson_muntz
Simpsons character classifier at home\simpsons_dataset\nelson_muntz\pic_0281.jpg	nelson_muntz
Simpsons character classifier at home\simpsons_dataset\nelson_muntz\pic_0282.jpg	nelson_muntz
Simpsons character classifier at home\simpsons_dataset\nelson_muntz\pic_0283.jpg	nelson_muntz
Simpsons character classifier at home\simpsons_dataset\nelson_muntz\pic_0284.jpg	nelson_muntz
Simpsons character classifier at home\simpsons_dataset\nelson_muntz\pic_0285.jpg	nelson_muntz
Simpsons character classifier at home\simpsons_dataset\nelson_muntz\pic_0286.jpg	nelson_muntz
Simpsons character classifier at home\simpsons_dataset\nelson_muntz\pic_0287.jpg	nelson_muntz
Simpsons character classifier at home\simpsons_dataset\nelson_muntz\pic_0288.jpg	nelson_muntz
Simpsons character classifier at home\simpsons_dataset\nelson_muntz\pic_0289.jpg	nelson_muntz
Simpsons character classifier at home\simpsons_dataset\nelson_muntz\pic_0290.jpg	nelson_muntz
Simpsons character classifier at home\simpsons_dataset\nelson_muntz\pic_0291.jpg	nelson_muntz
Simpsons character classifier at home\simpsons_dataset\nelson_muntz\pic_0292.jpg	nelson_muntz
Simpsons character classifier at home\simpsons_dataset\nelson_muntz\pic_0293.jpg	nelson_muntz
Simpsons character classifier at home\simpsons_dataset\nelson_muntz\pic_0294.jpg	nelson_muntz
Simpsons character classifier at home\simpsons_dataset\nelson_muntz\pic_0295.jpg	nelson_muntz
Simpsons character classifier at home\simpsons_dataset\nelson_muntz\pic_0296.jpg	nelson_muntz
Simpsons character classifier at home\simpsons_dataset\nelson_muntz\pic_0297.jpg	nelson_muntz
Simpsons character classifier at home\simpsons_dataset\nelson_muntz\pic_0298.jpg	nelson_muntz
Simpsons character classifier at home\simpsons_dataset\nelson_muntz\pic_0299.jpg	nelson_muntz
Simpsons character classifier at home\simpsons_dataset\nelson_muntz\pic_0300.jpg	nelson_muntz
Simpsons character classifier at home\simpsons_dataset\nelson_muntz\pic_0301.jpg	nelson_muntz
Simpsons character classifier at home\simpsons_dataset\nelson_muntz\pic_0302.jpg	nelson_muntz
Simpsons character classifier at home\simpsons_dataset\nelson_muntz\pic_0303.jpg	nelson_muntz
Simpsons character classifier at home\simpsons_dataset\nelson_muntz\pic_0304.jpg	nelson_muntz
Simpsons character classifier at home\simpsons_dataset\nelson_muntz\pic_0305.jpg	nelson_muntz
Simpsons character classifier at home\simpsons_dataset\nelson_muntz\pic_0306.jpg	nelson_muntz
Simpsons character classifier at home\simpsons_dataset\nelson_muntz\pic_0307.jpg	nelson_muntz
Simpsons character classifier at home\simpsons_dataset\nelson_muntz\pic_0308.jpg	nelson_muntz
Simpsons character classifier at home\simpsons_dataset\nelson_muntz\pic_0309.jpg	nelson_muntz
Simpsons character classifier at home\simpsons_dataset\nelson_muntz\pic_0310.jpg	nelson_muntz
Simpsons character classifier at home\simpsons_dataset\nelson_muntz\pic_0311.jpg	nelson_muntz
Simpsons character classifier at home\simpsons_dataset\nelson_muntz\pic_0312.jpg	nelson_muntz
Simpsons character classifier at home\simpsons_dataset\nelson_muntz\pic_0313.jpg	nelson_muntz
Simpsons character classifier at home\simpsons_dataset\nelson_muntz\pic_0314.jpg	nelson_muntz
Simpsons character classifier at home\simpsons_dataset\nelson_muntz\pic_0315.jpg	nelson_muntz
Simpsons character classifier at home\simpsons_dataset\nelson_muntz\pic_0316.jpg	nelson_muntz
Simpsons character classifier at home\simpsons_dataset\nelson_muntz\pic_0317.jpg	nelson_muntz
Simpsons character classifier at home\simpsons_dataset\nelson_muntz\pic_0318.jpg	nelson_muntz
Simpsons character classifier at home\simpsons_dataset\nelson_muntz\pic_0319.jpg	nelson_muntz
Simpsons character classifier at home\simpsons_dataset\nelson_muntz\pic_0320.jpg	nelson_muntz
Simpsons character classifier at home\simpsons_dataset\nelson_muntz\pic_0321.jpg	nelson_muntz
Simpsons character classifier at home\simpsons_dataset\nelson_muntz\pic_0322.jpg	nelson_muntz
Simpsons character classifier at home\simpsons_dataset\nelson_muntz\pic_0323.jpg	nelson_muntz
Simpsons character classifier at home\simpsons_dataset\nelson_muntz\pic_0324.jpg	nelson_muntz
Simpsons character classifier at home\simpsons_dataset\nelson_muntz\pic_0325.jpg	nelson_muntz
Simpsons character classifier at home\simpsons_dataset\nelson_muntz\pic_0326.jpg	nelson_muntz
Simpsons character classifier at home\simpsons_dataset\nelson_muntz\pic_0327.jpg	nelson_muntz
Simpsons character classifier at home\simpsons_dataset\nelson_muntz\pic_0328.jpg	nelson_muntz
Simpsons character classifier at home\simpsons_dataset\nelson_muntz\pic_0329.jpg	nelson_muntz
Simpsons character classifier at home\simpsons_dataset\nelson_muntz\pic_0330.jpg	nelson_muntz
Simpsons character classifier at home\simpsons_dataset\nelson_muntz\pic_0331.jpg	nelson_muntz
Simpsons character classifier at home\simpsons_dataset\nelson_muntz\pic_0332.jpg	nelson_muntz
Simpsons character classifier at home\simpsons_dataset\nelson_muntz\pic_0333.jpg	nelson_muntz
Simpsons character classifier at home\simpsons_dataset\nelson_muntz\pic_0334.jpg	nelson_muntz
Simpsons character classifier at home\simpsons_dataset\nelson_muntz\pic_0335.jpg	nelson_muntz
Simpsons character classifier at home\simpsons_dataset\nelson_muntz\pic_0336.jpg	nelson_muntz
Simpsons character classifier at home\simpsons_dataset\nelson_muntz\pic_0337.jpg	nelson_muntz
Simpsons character classifier at home\simpsons_dataset\nelson_muntz\pic_0338.jpg	nelson_muntz
Simpsons character classifier at home\simpsons_dataset\nelson_muntz\pic_0339.jpg	nelson_muntz
Simpsons character classifier at home\simpsons_dataset\nelson_muntz\pic_0340.jpg	nelson_muntz
Simpsons character classifier at home\simpsons_dataset\nelson_muntz\pic_0341.jpg	nelson_muntz
Simpsons character classifier at home\simpsons_dataset\nelson_muntz\pic_0342.jpg	nelson_muntz
Simpsons character classifier at home\simpsons_dataset\nelson_muntz\pic_0343.jpg	nelson_muntz
Simpsons character classifier at home\simpsons_dataset\nelson_muntz\pic_0344.jpg	nelson_muntz
Simpsons character classifier at home\simpsons_dataset\nelson_muntz\pic_0345.jpg	nelson_muntz
Simpsons character classifier at home\simpsons_dataset\nelson_muntz\pic_0346.jpg	nelson_muntz
Simpsons character classifier at home\simpsons_dataset\nelson_muntz\pic_0347.jpg	nelson_muntz
Simpsons character classifier at home\simpsons_dataset\nelson_muntz\pic_0348.jpg	nelson_muntz
Simpsons character classifier at home\simpsons_dataset\nelson_muntz\pic_0349.jpg	nelson_muntz
Simpsons character classifier at home\simpsons_dataset\nelson_muntz\pic_0350.jpg	nelson_muntz
Simpsons character classifier at home\simpsons_dataset\nelson_muntz\pic_0351.jpg	nelson_muntz
Simpsons character classifier at home\simpsons_dataset\nelson_muntz\pic_0352.jpg	nelson_muntz
Simpsons character classifier at home\simpsons_dataset\nelson_muntz\pic_0353.jpg	nelson_muntz
Simpsons character classifier at home\simpsons_dataset\nelson_muntz\pic_0354.jpg	nelson_muntz
Simpsons character classifier at home\simpsons_dataset\nelson_muntz\pic_0355.jpg	nelson_muntz
Simpsons character classifier at home\simpsons_dataset\nelson_muntz\pic_0356.jpg	nelson_muntz
Simpsons character classifier at home\simpsons_dataset\nelson_muntz\pic_0357.jpg	nelson_muntz
