Simpsons character classifier at home\simpsons_dataset\ralph_wiggum\pic_0000.jpg	ralph_wiggum
Simpsons character classifier at home\simpsons_dataset\ralph_wiggum\pic_0001.jpg	ralph_wiggum
Simpsons character classifier at home\simpsons_dataset\ralph_wiggum\pic_0002.jpg	ralph_wiggum
Simpsons character classifier at home\simpsons_dataset\ralph_wiggum\pic_0003.jpg	ralph_wiggum
Simpsons character classifier at home\simpsons_dataset\ralph_wiggum\pic_0004.jpg	ralph_wiggum
Simpsons character classifier at home\simpsons_dataset\ralph_wiggum\pic_0005.jpg	ralph_wiggum
Simpsons character classifier at home\simpsons_dataset\ralph_wiggum\pic_0006.jpg	ralph_wiggum
Simpsons character classifier at home\simpsons_dataset\ralph_wiggum\pic_0007.jpg	ralph_wiggum
Simpsons character classifier at home\simpsons_dataset\ralph_wiggum\pic_0008.jpg	ralph_wiggum
Simpsons character classifier at home\simpsons_dataset\ralph_wiggum\pic_0009.jpg	ralph_wiggum
Simpsons character classifier at home\simpsons_dataset\ralph_wiggum\pic_0010.jpg	ralph_wiggum
Simpsons character classifier at home\simpsons_dataset\ralph_wiggum\pic_0011.jpg	ralph_wiggum
Simpsons character classifier at home\simpsons_dataset\ralph_wiggum\pic_0012.jpg	ralph_wiggum
Simpsons character classifier at home\simpsons_dataset\ralph_wiggum\pic_0013.jpg	ralph_wiggum
Simpsons character classifier at home\simpsons_dataset\ralph_wiggum\pic_0014.jpg	ralph_wiggum
Simpsons character classifier at home\simpsons_dataset\ralph_wiggum\pic_0015.jpg	ralph_wiggum
Simpsons character classifier at home\simpsons_dataset\ralph_wiggum\pic_0016.jpg	ralph_wiggum
Simpsons character classifier at home\simpsons_dataset\ralph_wiggum\pic_0017.jpg	ralph_wiggum
Simpsons character classifier at home\simpsons_dataset\ralph_wiggum\pic_0018.jpg	ralph_wiggum
Simpsons character classifier at home\simpsons_dataset\ralph_wiggum\pic_0019.jpg	ralph_wiggum
Simpsons character classifier at home\simpsons_dataset\ralph_wiggum\pic_0020.jpg	ralph_wiggum
Simpsons character classifier at home\simpsons_dataset\ralph_wiggum\pic_0021.jpg	ralph_wiggum
Simpsons character classifier at home\simpsons_dataset\ralph_wiggum\pic_0022.jpg	ralph_wiggum
Simpsons character classifier at home\simpsons_dataset\ralph_wiggum\pic_0023.jpg	ralph_wiggum
Simpsons character classifier at home\simpsons_dataset\ralph_wiggum\pic_0024.jpg	ralph_wiggum
Simpsons character classifier at home\simpsons_dataset\ralph_wiggum\pic_0025.jpg	ralph_wiggum
Simpsons character classifier at home\simpsons_dataset\ralph_wiggum\pic_0026.jpg	ralph_wiggum
Simpsons character classifier at home\simpsons_dataset\ralph_wiggum\pic_0027.jpg	ralph_wiggum
Simpsons character classifier at home\simpsons_dataset\ralph_wiggum\pic_0028.jpg	ralph_wiggum
Simpsons character classifier at home\simpsons_dataset\ralph_wiggum\pic_0029.jpg	ralph_wiggum
Simpsons character classifier at home\simpsons_dataset\ralph_wiggum\pic_0030.jpg	ralph_wiggum
Simpsons character classifier at home\simpsons_dataset\ralph_wiggum\pic_0031.jpg	ralph_wiggum
Simpsons character classifier at home\simpsons_dataset\ralph_wiggum\pic_0032.jpg	ralph_wiggum
Simpsons character classifier at home\simpsons_dataset\ralph_wiggum\pic_0033.jpg	ralph_wiggum
Simpsons character classifier at home\simpsons_dataset\ralph_wiggum\pic_0034.jpg	ralph_wiggum
Simpsons character classifier at home\simpsons_dataset\ralph_wiggum\pic_0035.jpg	ralph_wiggum
Simpsons character classifier at home\simpsons_dataset\ralph_wiggum\pic_0036.jpg	ralph_wiggum
Simpsons character classifier at home\simpsons_dataset\ralph_wiggum\pic_0037.jpg	ralph_wiggum
Simpsons character classifier at home\simpsons_dataset\ralph_wiggum\pic_0038.jpg	ralph_wiggum
Simpsons character classifier at home\simpsons_dataset\ralph_wiggum\pic_0039.jpg	ralph_wiggum
Simpsons character classifier at home\simpsons_dataset\ralph_wiggum\pic_0040.jpg	ralph_wiggum
Simpsons character classifier at home\simpsons_dataset\ralph_wiggum\pic_0041.jpg	ralph_wiggum
Simpsons character classifier at home\simpsons_dataset\ralph_wiggum\pic_0042.jpg	ralph_wiggum
Simpsons character classifier at home\simpsons_dataset\ralph_wiggum\pic_0043.jpg	ralph_wiggum
Simpsons character classifier at home\simpsons_dataset\ralph_wiggum\pic_0044.jpg	ralph_wiggum
Simpsons character classifier at home\simpsons_dataset\ralph_wiggum\pic_0045.jpg	ralph_wiggum
Simpsons character classifier at home\simpsons_dataset\ralph_wiggum\pic_0046.jpg	ralph_wiggum
Simpsons character classifier at home\simpsons_dataset\ralph_wiggum\pic_0047.jpg	ralph_wiggum
Simpsons character classifier at home\simpsons_dataset\ralph_wiggum\pic_0048.jpg	ralph_wiggum
Simpsons character classifier at home\simpsons_dataset\ralph_wiggum\pic_0049.jpg	ralph_wiggum
Simpsons character classifier at home\simpsons_dataset\ralph_wiggum\pic_0050.jpg	ralph_wiggum
Simpsons character classifier at home\simpsons_dataset\ralph_wiggum\pic_0051.jpg	ralph_wiggum
Simpsons character classifier at home\simpsons_dataset\ralph_wiggum\pic_0052.jpg	ralph_wiggum
Simpsons character classifier at home\simpsons_dataset\ralph_wiggum\pic_0053.jpg	ralph_wiggum
Simpsons character classifier at home\simpsons_dataset\ralph_wiggum\pic_0054.jpg	ralph_wiggum
Simpsons character classifier at home\simpsons_dataset\ralph_wiggum\pic_0055.jpg	ralph_wiggum
Simpsons character classifier at home\simpsons_dataset\ralph_wiggum\pic_0056.jpg	ralph_wiggum
Simpsons character classifier at home\simpsons_dataset\ralph_wiggum\pic_0057.jpg	ralph_wiggum
Simpsons character classifier at home\simpsons_dataset\ralph_wiggum\pic_0058.jpg	ralph_wiggum
Simpsons character classifier at home\simpsons_dataset\ralph_wiggum\pic_0059.jpg	ralph_wiggum
Simpsons character classifier at home\simpsons_dataset\ralph_wiggum\pic_0060.jpg	ralph_wiggum
Simpsons character classifier at home\simpsons_dataset\ralph_wiggum\pic_0061.jpg	ralph_wiggum
Simpsons character classifier at home\simpsons_dataset\ralph_wiggum\pic_0062.jpg	ralph_wiggum
Simpsons character classifier at home\simpsons_dataset\ralph_wiggum\pic_0063.jpg	ralph_wiggum
Simpsons character classifier at home\simpsons_dataset\ralph_wiggum\pic_0064.jpg	ralph_wiggum
Simpsons character classifier at home\simpsons_dataset\ralph_wiggum\pic_0065.jpg	ralph_wiggum
Simpsons character classifier at home\simpsons_dataset\ralph_wiggum\pic_0066.jpg	ralph_wiggum
Simpsons character classifier at home\simpsons_dataset\ralph_wiggum\pic_0067.jpg	ralph_wiggum
Simpsons character classifier at home\simpsons_dataset\ralph_wiggum\pic_0068.jpg	ralph_wiggum
Simpsons character classifier at home\simpsons_dataset\ralph_wiggum\pic_0069.jpg	ralph_wiggum
Simpsons character classifier at home\simpsons_dataset\ralph_wiggum\pic_0070.jpg	ralph_wiggum
Simpsons character classifier at home\simpsons_dataset\ralph_wiggum\pic_0071.jpg	ralph_wiggum
Simpsons character classifier at home\simpsons_dataset\ralph_wiggum\pic_0072.jpg	ralph_wiggum
Simpsons character classifier at home\simpsons_dataset\ralph_wiggum\pic_0073.jpg	ralph_wiggum
Simpsons character classifier at home\simpsons_dataset\ralph_wiggum\pic_0074.jpg	ralph_wiggum
Simpsons character classifier at home\simpsons_dataset\ralph_wiggum\pic_0075.jpg	ralph_wiggum
Simpsons character classifier at home\simpsons_dataset\ralph_wiggum\pic_0076.jpg	ralph_wiggum
Simpsons character classifier at home\simpsons_dataset\ralph_wiggum\pic_0077.jpg	ralph_wiggum
Simpsons character classifier at home\simpsons_dataset\ralph_wiggum\pic_0078.jpg	ralph_wiggum
Simpsons character classifier at home\simpsons_dataset\ralph_wiggum\pic_0079.jpg	ralph_wiggum
Simpsons character classifier at home\simpsons_dataset\ralph_wiggum\pic_0080.jpg	ralph_wiggum
Simpsons character classifier at home\simpsons_dataset\ralph_wiggum\pic_0081.jpg	ralph_wiggum
Simpsons character classifier at home\simpsons_dataset\ralph_wiggum\pic_0082.jpg	ralph_wiggum
Simpsons character classifier at home\simpsons_dataset\ralph_wiggum\pic_0083.jpg	ralph_wiggum
Simpsons character classifier at home\simpsons_dataset\ralph_wiggum\pic_0084.jpg	ralph_wiggum
Simpsons character classifier at home\simpsons_dataset\ralph_wiggum\pic_0085.jpg	ralph_wiggum
Simpsons character classifier at home\simpsons_dataset\ralph_wiggum\pic_0086.jpg	ralph_wiggum
Simpsons character classifier at home\simpsons_dataset\ralph_wiggum\pic_0087.jpg	ralph_wiggum
Simpsons character classifier at home\simpsons_dataset\ralph_wiggum\pic_0088.jpg	ralph_wiggum
