Simpsons character classifier at home\simpsons_dataset\sideshow_bob\pic_0000.jpg	sideshow_bob
Simpsons character classifier at home\simpsons_dataset\sideshow_bob\pic_0001.jpg	sideshow_bob
Simpsons character classifier at home\simpsons_dataset\sideshow_bob\pic_0002.jpg	sideshow_bob
Simpsons character classifier at home\simpsons_dataset\sideshow_bob\pic_0003.jpg	sideshow_bob
Simpsons character classifier at home\simpsons_dataset\sideshow_bob\pic_0004.jpg	sideshow_bob
Simpsons character classifier at home\simpsons_dataset\sideshow_bob\pic_0005.jpg	sideshow_bob
Simpsons character classifier at home\simpsons_dataset\sideshow_bob\pic_0006.jpg	sideshow_bob
Simpsons character classifier at home\simpsons_dataset\sideshow_bob\pic_0007.jpg	sideshow_bob
Simpsons character classifier at home\simpsons_dataset\sideshow_bob\pic_0008.jpg	sideshow_bob
Simpsons character classifier at home\simpsons_dataset\sideshow_bob\pic_0009.jpg	sideshow_bob
Simpsons character classifier at home\simpsons_dataset\sideshow_bob\pic_0010.jpg	sideshow_bob
Simpsons character classifier at home\simpsons_dataset\sideshow_bob\pic_0011.jpg	sideshow_bob
Simpsons character classifier at home\simpsons_dataset\sideshow_bob\pic_0012.jpg	sideshow_bob
Simpsons character classifier at home\simpsons_dataset\sideshow_bob\pic_0013.jpg	sideshow_bob
Simpsons character classifier at home\simpsons_dataset\sideshow_bob\pic_0014.jpg	sideshow_bob
Simpsons character classifier at home\simpsons_dataset\sideshow_bob\pic_0015.jpg	sideshow_bob
Simpsons character classifier at home\simpsons_dataset\sideshow_bob\pic_0016.jpg	sideshow_bob
Simpsons character classifier at home\simpsons_dataset\sideshow_bob\pic_0017.jpg	sideshow_bob
Simpsons character classifier at home\simpsons_dataset\sideshow_bob\pic_0018.jpg	sideshow_bob
Simpsons character classifier at home\simpsons_dataset\sideshow_bob\pic_0019.jpg	sideshow_bob
Simpsons character classifier at home\simpsons_dataset\sideshow_bob\pic_0020.jpg	sideshow_bob
Simpsons character classifier at home\simpsons_dataset\sideshow_bob\pic_0021.jpg	sideshow_bob
Simpsons character classifier at home\simpsons_dataset\sideshow_bob\pic_0022.jpg	sideshow_bob
Simpsons character classifier at home\simpsons_dataset\sideshow_bob\pic_0023.jpg	sideshow_bob
Simpsons character classifier at home\simpsons_dataset\sideshow_bob\pic_0024.jpg	sideshow_bob
Simpsons character classifier at home\simpsons_dataset\sideshow_bob\pic_0025.jpg	sideshow_bob
Simpsons character classifier at home\simpsons_dataset\sideshow_bob\pic_0026.jpg	sideshow_bob
Simpsons character classifier at home\simpsons_dataset\sideshow_bob\pic_0027.jpg	sideshow_bob
Simpsons character classifier at home\simpsons_dataset\sideshow_bob\pic_0028.jpg	sideshow_bob
Simpsons character classifier at home\simpsons_dataset\sideshow_bob\pic_0029.jpg	sideshow_bob
Simpsons character classifier at home\simpsons_dataset\sideshow_bob\pic_0030.jpg	sideshow_bob
Simpsons character classifier at home\simpsons_dataset\sideshow_bob\pic_0031.jpg	sideshow_bob
Simpsons character classifier at home\simpsons_dataset\sideshow_bob\pic_0032.jpg	sideshow_bob
Simpsons character classifier at home\simpsons_dataset\sideshow_bob\pic_0033.jpg	sideshow_bob
Simpsons character classifier at home\simpsons_dataset\sideshow_bob\pic_0034.jpg	sideshow_bob
Simpsons character classifier at home\simpsons_dataset\sideshow_bob\pic_0035.jpg	sideshow_bob
Simpsons character classifier at home\simpsons_dataset\sideshow_bob\pic_0036.jpg	sideshow_bob
Simpsons character classifier at home\simpsons_dataset\sideshow_bob\pic_0037.jpg	sideshow_bob
Simpsons character classifier at home\simpsons_dataset\sideshow_bob\pic_0038.jpg	sideshow_bob
Simpsons character classifier at home\simpsons_dataset\sideshow_bob\pic_0039.jpg	sideshow_bob
Simpsons character classifier at home\simpsons_dataset\sideshow_bob\pic_0040.jpg	sideshow_bob
Simpsons character classifier at home\simpsons_dataset\sideshow_bob\pic_0041.jpg	sideshow_bob
Simpsons character classifier at home\simpsons_dataset\sideshow_bob\pic_0042.jpg	sideshow_bob
Simpsons character classifier at home\simpsons_dataset\sideshow_bob\pic_0043.jpg	sideshow_bob
Simpsons character classifier at home\simpsons_dataset\sideshow_bob\pic_0044.jpg	sideshow_bob
Simpsons character classifier at home\simpsons_dataset\sideshow_bob\pic_0045.jpg	sideshow_bob
Simpsons character classifier at home\simpsons_dataset\sideshow_bob\pic_0046.jpg	sideshow_bob
Simpsons character classifier at home\simpsons_dataset\sideshow_bob\pic_0047.jpg	sideshow_bob
Simpsons character classifier at home\simpsons_dataset\sideshow_bob\pic_0048.jpg	sideshow_bob
Simpsons character classifier at home\simpsons_dataset\sideshow_bob\pic_0049.jpg	sideshow_bob
Simpsons character classifier at home\simpsons_dataset\sideshow_bob\pic_0050.jpg	sideshow_bob
Simpsons character classifier at home\simpsons_dataset\sideshow_bob\pic_0051.jpg	sideshow_bob
Simpsons character classifier at home\simpsons_dataset\sideshow_bob\pic_0052.jpg	sideshow_bob
Simpsons character classifier at home\simpsons_dataset\sideshow_bob\pic_0053.jpg	sideshow_bob
Simpsons character classifier at home\simpsons_dataset\sideshow_bob\pic_0054.jpg	sideshow_bob
Simpsons character classifier at home\simpsons_dataset\sideshow_bob\pic_0055.jpg	sideshow_bob
Simpsons character classifier at home\simpsons_dataset\sideshow_bob\pic_0056.jpg	sideshow_bob
Simpsons character classifier at home\simpsons_dataset\sideshow_bob\pic_0057.jpg	sideshow_bob
Simpsons character classifier at home\simpsons_dataset\sideshow_bob\pic_0058.jpg	sideshow_bob
Simpsons character classifier at home\simpsons_dataset\sideshow_bob\pic_0059.jpg	sideshow_bob
Simpsons character classifier at home\simpsons_dataset\sideshow_bob\pic_0060.jpg	sideshow_bob
Simpsons character classifier at home\simpsons_dataset\sideshow_bob\pic_0061.jpg	sideshow_bob
Simpsons character classifier at home\simpsons_dataset\sideshow_bob\pic_0062.jpg	sideshow_bob
Simpsons character classifier at home\simpsons_dataset\sideshow_bob\pic_0063.jpg	sideshow_bob
Simpsons character classifier at home\simpsons_dataset\sideshow_bob\pic_0064.jpg	sideshow_bob
Simpsons character classifier at home\simpsons_dataset\sideshow_bob\pic_0065.jpg	sideshow_bob
Simpsons character classifier at home\simpsons_dataset\sideshow_bob\pic_0066.jpg	sideshow_bob
Simpsons character classifier at home\simpsons_dataset\sideshow_bob\pic_0067.jpg	sideshow_bob
Simpsons character classifier at home\simpsons_dataset\sideshow_bob\pic_0068.jpg	sideshow_bob
Simpsons character classifier at home\simpsons_dataset\sideshow_bob\pic_0069.jpg	sideshow_bob
Simpsons character classifier at home\simpsons_dataset\sideshow_bob\pic_0070.jpg	sideshow_bob
Simpsons character classifier at home\simpsons_dataset\sideshow_bob\pic_0071.jpg	sideshow_bob
Simpsons character classifier at home\simpsons_dataset\sideshow_bob\pic_0072.jpg	sideshow_bob
Simpsons character classifier at home\simpsons_dataset\sideshow_bob\pic_0073.jpg	sideshow_bob
Simpsons character classifier at home\simpsons_dataset\sideshow_bob\pic_0074.jpg	sideshow_bob
Simpsons character classifier at home\simpsons_dataset\sideshow_bob\pic_0075.jpg	sideshow_bob
Simpsons character classifier at home\simpsons_dataset\sideshow_bob\pic_0076.jpg	sideshow_bob
Simpsons character classifier at home\simpsons_dataset\sideshow_bob\pic_0077.jpg	sideshow_bob
Simpsons character classifier at home\simpsons_dataset\sideshow_bob\pic_0078.jpg	sideshow_bob
Simpsons character classifier at home\simpsons_dataset\sideshow_bob\pic_0079.jpg	sideshow_bob
Simpsons character classifier at home\simpsons_dataset\sideshow_bob\pic_0080.jpg	sideshow_bob
Simpsons character classifier at home\simpsons_dataset\sideshow_bob\pic_0081.jpg	sideshow_bob
Simpsons character classifier at home\simpsons_dataset\sideshow_bob\pic_0082.jpg	sideshow_bob
Simpsons character classifier at home\simpsons_dataset\sideshow_bob\pic_0083.jpg	sideshow_bob
Simpsons character classifier at home\simpsons_dataset\sideshow_bob\pic_0084.jpg	sideshow_bob
Simpsons character classifier at home\simpsons_dataset\sideshow_bob\pic_0085.jpg	sideshow_bob
Simpsons character classifier at home\simpsons_dataset\sideshow_bob\pic_0086.jpg	sideshow_bob
Simpsons character classifier at home\simpsons_dataset\sideshow_bob\pic_0087.jpg	sideshow_bob
Simpsons character classifier at home\simpsons_dataset\sideshow_bob\pic_0088.jpg	sideshow_bob
Simpsons character classifier at home\simpsons_dataset\sideshow_bob\pic_0089.jpg	sideshow_bob
Simpsons character classifier at home\simpsons_dataset\sideshow_bob\pic_0090.jpg	sideshow_bob
Simpsons character classifier at home\simpsons_dataset\sideshow_bob\pic_0091.jpg	sideshow_bob
Simpsons character classifier at home\simpsons_dataset\sideshow_bob\pic_0092.jpg	sideshow_bob
Simpsons character classifier at home\simpsons_dataset\sideshow_bob\pic_0093.jpg	sideshow_bob
Simpsons character classifier at home\simpsons_dataset\sideshow_bob\pic_0094.jpg	sideshow_bob
Simpsons character classifier at home\simpsons_dataset\sideshow_bob\pic_0095.jpg	sideshow_bob
Simpsons character classifier at home\simpsons_dataset\sideshow_bob\pic_0096.jpg	sideshow_bob
Simpsons character classifier at home\simpsons_dataset\sideshow_bob\pic_0097.jpg	sideshow_bob
Simpsons character classifier at home\simpsons_dataset\sideshow_bob\pic_0098.jpg	sideshow_bob
Simpsons character classifier at home\simpsons_dataset\sideshow_bob\pic_0099.jpg	sideshow_bob
Simpsons character classifier at home\simpsons_dataset\sideshow_bob\pic_0100.jpg	sideshow_bob
Simpsons character classifier at home\simpsons_dataset\sideshow_bob\pic_0101.jpg	sideshow_bob
Simpsons character classifier at home\simpsons_dataset\sideshow_bob\pic_0102.jpg	sideshow_bob
Simpsons character classifier at home\simpsons_dataset\sideshow_bob\pic_0103.jpg	sideshow_bob
Simpsons character classifier at home\simpsons_dataset\sideshow_bob\pic_0104.jpg	sideshow_bob
Simpsons character classifier at home\simpsons_dataset\sideshow_bob\pic_0105.jpg	sideshow_bob
Simpsons character classifier at home\simpsons_dataset\sideshow_bob\pic_0106.jpg	sideshow_bob
Simpsons character classifier at home\simpsons_dataset\sideshow_bob\pic_0107.jpg	sideshow_bob
Simpsons character classifier at home\simpsons_dataset\sideshow_bob\pic_0108.jpg	sideshow_bob
Simpsons character classifier at home\simpsons_dataset\sideshow_bob\pic_0109.jpg	sideshow_bob
Simpsons character classifier at home\simpsons_dataset\sideshow_bob\pic_0110.jpg	sideshow_bob
Simpsons character classifier at home\simpsons_dataset\sideshow_bob\pic_0111.jpg	sideshow_bob
Simpsons character classifier at home\simpsons_dataset\sideshow_bob\pic_0112.jpg	sideshow_bob
Simpsons character classifier at home\simpsons_dataset\sideshow_bob\pic_0113.jpg	sideshow_bob
Simpsons character classifier at home\simpsons_dataset\sideshow_bob\pic_0114.jpg	sideshow_bob
Simpsons character classifier at home\simpsons_dataset\sideshow_bob\pic_0115.jpg	sideshow_bob
Simpsons character classifier at home\simpsons_dataset\sideshow_bob\pic_0116.jpg	sideshow_bob
Simpsons character classifier at home\simpsons_dataset\sideshow_bob\pic_0117.jpg	sideshow_bob
Simpsons character classifier at home\simpsons_dataset\sideshow_bob\pic_0118.jpg	sideshow_bob
Simpsons character classifier at home\simpsons_dataset\sideshow_bob\pic_0119.jpg	sideshow_bob
Simpsons character classifier at home\simpsons_dataset\sideshow_bob\pic_0120.jpg	sideshow_bob
Simpsons character classifier at home\simpsons_dataset\sideshow_bob\pic_0121.jpg	sideshow_bob
Simpsons character classifier at home\simpsons_dataset\sideshow_bob\pic_0122.jpg	sideshow_bob
Simpsons character classifier at home\simpsons_dataset\sideshow_bob\pic_0123.jpg	sideshow_bob
Simpsons character classifier at home\simpsons_dataset\sideshow_bob\pic_0124.jpg	sideshow_bob
Simpsons character classifier at home\simpsons_dataset\sideshow_bob\pic_0125.jpg	sideshow_bob
Simpsons character classifier at home\simpsons_dataset\sideshow_bob\pic_0126.jpg	sideshow_bob
Simpsons character classifier at home\simpsons_dataset\sideshow_bob\pic_0127.jpg	sideshow_bob
Simpsons character classifier at home\simpsons_dataset\sideshow_bob\pic_0128.jpg	sideshow_bob
Simpsons character classifier at home\simpsons_dataset\sideshow_bob\pic_0129.jpg	sideshow_bob
Simpsons character classifier at home\simpsons_dataset\sideshow_bob\pic_0130.jpg	sideshow_bob
Simpsons character classifier at home\simpsons_dataset\sideshow_bob\pic_0131.jpg	sideshow_bob
Simpsons character classifier at home\simpsons_dataset\sideshow_bob\pic_0133.jpg	sideshow_bob
Simpsons character classifier at home\simpsons_dataset\sideshow_bob\pic_0134.jpg	sideshow_bob
Simpsons character classifier at home\simpsons_dataset\sideshow_bob\pic_0135.jpg	sideshow_bob
Simpsons character classifier at home\simpsons_dataset\sideshow_bob\pic_0136.jpg	sideshow_bob
Simpsons character classifier at home\simpsons_dataset\sideshow_bob\pic_0137.jpg	sideshow_bob
Simpsons character classifier at home\simpsons_dataset\sideshow_bob\pic_0138.jpg	sideshow_bob
Simpsons character classifier at home\simpsons_dataset\sideshow_bob\pic_0139.jpg	sideshow_bob
Simpsons character classifier at home\simpsons_dataset\sideshow_bob\pic_0140.jpg	sideshow_bob
Simpsons character classifier at home\simpsons_dataset\sideshow_bob\pic_0141.jpg	sideshow_bob
Simpsons character classifier at home\simpsons_dataset\sideshow_bob\pic_0142.jpg	sideshow_bob
Simpsons character classifier at home\simpsons_dataset\sideshow_bob\pic_0143.jpg	sideshow_bob
Simpsons character classifier at home\simpsons_dataset\sideshow_bob\pic_0144.jpg	sideshow_bob
Simpsons character classifier at home\simpsons_dataset\sideshow_bob\pic_0145.jpg	sideshow_bob
Simpsons character classifier at home\simpsons_dataset\sideshow_bob\pic_0146.jpg	sideshow_bob
Simpsons character classifier at home\simpsons_dataset\sideshow_bob\pic_0147.jpg	sideshow_bob
Simpsons character classifier at home\simpsons_dataset\sideshow_bob\pic_0148.jpg	sideshow_bob
Simpsons character classifier at home\simpsons_dataset\sideshow_bob\pic_0149.jpg	sideshow_bob
Simpsons character classifier at home\simpsons_dataset\sideshow_bob\pic_0150.jpg	sideshow_bob
Simpsons character classifier at home\simpsons_dataset\sideshow_bob\pic_0151.jpg	sideshow_bob
Simpsons character classifier at home\simpsons_dataset\sideshow_bob\pic_0152.jpg	sideshow_bob
Simpsons character classifier at home\simpsons_dataset\sideshow_bob\pic_0153.jpg	sideshow_bob
Simpsons character classifier at home\simpsons_dataset\sideshow_bob\pic_0154.jpg	sideshow_bob
Simpsons character classifier at home\simpsons_dataset\sideshow_bob\pic_0155.jpg	sideshow_bob
Simpsons character classifier at home\simpsons_dataset\sideshow_bob\pic_0156.jpg	sideshow_bob
Simpsons character classifier at home\simpsons_dataset\sideshow_bob\pic_0157.jpg	sideshow_bob
Simpsons character classifier at home\simpsons_dataset\sideshow_bob\pic_0158.jpg	sideshow_bob
Simpsons character classifier at home\simpsons_dataset\sideshow_bob\pic_0159.jpg	sideshow_bob
Simpsons character classifier at home\simpsons_dataset\sideshow_bob\pic_0160.jpg	sideshow_bob
Simpsons character classifier at home\simpsons_dataset\sideshow_bob\pic_0161.jpg	sideshow_bob
Simpsons character classifier at home\simpsons_dataset\sideshow_bob\pic_0162.jpg	sideshow_bob
Simpsons character classifier at home\simpsons_dataset\sideshow_bob\pic_0163.jpg	sideshow_bob
Simpsons character classifier at home\simpsons_dataset\sideshow_bob\pic_0164.jpg	sideshow_bob
Simpsons character classifier at home\simpsons_dataset\sideshow_bob\pic_0165.jpg	sideshow_bob
Simpsons character classifier at home\simpsons_dataset\sideshow_bob\pic_0166.jpg	sideshow_bob
Simpsons character classifier at home\simpsons_dataset\sideshow_bob\pic_0167.jpg	sideshow_bob
Simpsons character classifier at home\simpsons_dataset\sideshow_bob\pic_0168.jpg	sideshow_bob
Simpsons character classifier at home\simpsons_dataset\sideshow_bob\pic_0169.jpg	sideshow_bob
Simpsons character classifier at home\simpsons_dataset\sideshow_bob\pic_0170.jpg	sideshow_bob
Simpsons character classifier at home\simpsons_dataset\sideshow_bob\pic_0171.jpg	sideshow_bob
Simpsons character classifier at home\simpsons_dataset\sideshow_bob\pic_0172.jpg	sideshow_bob
Simpsons character classifier at home\simpsons_dataset\sideshow_bob\pic_0173.jpg	sideshow_bob
Simpsons character classifier at home\simpsons_dataset\sideshow_bob\pic_0174.jpg	sideshow_bob
Simpsons character classifier at home\simpsons_dataset\sideshow_bob\pic_0175.jpg	sideshow_bob
Simpsons character classifier at home\simpsons_dataset\sideshow_bob\pic_0176.jpg	sideshow_bob
Simpsons character classifier at home\simpsons_dataset\sideshow_bob\pic_0177.jpg	sideshow_bob
Simpsons character classifier at home\simpsons_dataset\sideshow_bob\pic_0178.jpg	sideshow_bob
Simpsons character classifier at home\simpsons_dataset\sideshow_bob\pic_0179.jpg	sideshow_bob
Simpsons character classifier at home\simpsons_dataset\sideshow_bob\pic_0180.jpg	sideshow_bob
Simpsons character classifier at home\simpsons_dataset\sideshow_bob\pic_0181.jpg	sideshow_bob
Simpsons character classifier at home\simpsons_dataset\sideshow_bob\pic_0182.jpg	sideshow_bob
Simpsons character classifier at home\simpsons_dataset\sideshow_bob\pic_0183.jpg	sideshow_bob
Simpsons character classifier at home\simpsons_dataset\sideshow_bob\pic_0184.jpg	sideshow_bob
Simpsons character classifier at home\simpsons_dataset\sideshow_bob\pic_0185.jpg	sideshow_bob
Simpsons character classifier at home\simpsons_dataset\sideshow_bob\pic_0186.jpg	sideshow_bob
Simpsons character classifier at home\simpsons_dataset\sideshow_bob\pic_0187.jpg	sideshow_bob
Simpsons character classifier at home\simpsons_dataset\sideshow_bob\pic_0188.jpg	sideshow_bob
Simpsons character classifier at home\simpsons_dataset\sideshow_bob\pic_0189.jpg	sideshow_bob
Simpsons character classifier at home\simpsons_dataset\sideshow_bob\pic_0190.jpg	sideshow_bob
Simpsons character classifier at home\simpsons_dataset\sideshow_bob\pic_0191.jpg	sideshow_bob
Simpsons character classifier at home\simpsons_dataset\sideshow_bob\pic_0192.jpg	sideshow_bob
Simpsons character classifier at home\simpsons_dataset\sideshow_bob\pic_0193.jpg	sideshow_bob
Simpsons character classifier at home\simpsons_dataset\sideshow_bob\pic_0194.jpg	sideshow_bob
Simpsons character classifier at home\simpsons_dataset\sideshow_bob\pic_0195.jpg	sideshow_bob
Simpsons character classifier at home\simpsons_dataset\sideshow_bob\pic_0196.jpg	sideshow_bob
Simpsons character classifier at home\simpsons_dataset\sideshow_bob\pic_0197.jpg	sideshow_bob
Simpsons character classifier at home\simpsons_dataset\sideshow_bob\pic_0198.jpg	sideshow_bob
Simpsons character classifier at home\simpsons_dataset\sideshow_bob\pic_0199.jpg	sideshow_bob
Simpsons character classifier at home\simpsons_dataset\sideshow_bob\pic_0200.jpg	sideshow_bob
Simpsons character classifier at home\simpsons_dataset\sideshow_bob\pic_0201.jpg	sideshow_bob
Simpsons character classifier at home\simpsons_dataset\sideshow_bob\pic_0202.jpg	sideshow_bob
Simpsons character classifier at home\simpsons_dataset\sideshow_bob\pic_0203.jpg	sideshow_bob
Simpsons character classifier at home\simpsons_dataset\sideshow_bob\pic_0204.jpg	sideshow_bob
Simpsons character classifier at home\simpsons_dataset\sideshow_bob\pic_0205.jpg	sideshow_bob
Simpsons character classifier at home\simpsons_dataset\sideshow_bob\pic_0206.jpg	sideshow_bob
Simpsons character classifier at home\simpsons_dataset\sideshow_bob\pic_0207.jpg	sideshow_bob
Simpsons character classifier at home\simpsons_dataset\sideshow_bob\pic_0208.jpg	sideshow_bob
Simpsons character classifier at home\simpsons_dataset\sideshow_bob\pic_0209.jpg	sideshow_bob
Simpsons character classifier at home\simpsons_dataset\sideshow_bob\pic_0210.jpg	sideshow_bob
Simpsons character classifier at home\simpsons_dataset\sideshow_bob\pic_0211.jpg	sideshow_bob
Simpsons character classifier at home\simpsons_dataset\sideshow_bob\pic_0212.jpg	sideshow_bob
Simpsons character classifier at home\simpsons_dataset\sideshow_bob\pic_0213.jpg	sideshow_bob
Simpsons character classifier at home\simpsons_dataset\sideshow_bob\pic_0214.jpg	sideshow_bob
Simpsons character classifier at home\simpsons_dataset\sideshow_bob\pic_0215.jpg	sideshow_bob
Simpsons character classifier at home\simpsons_dataset\sideshow_bob\pic_0216.jpg	sideshow_bob
Simpsons character classifier at home\simpsons_dataset\sideshow_bob\pic_0217.jpg	sideshow_bob
Simpsons character classifier at home\simpsons_dataset\sideshow_bob\pic_0218.jpg	sideshow_bob
Simpsons character classifier at home\simpsons_dataset\sideshow_bob\pic_0219.jpg	sideshow_bob
Simpsons character classifier at home\simpsons_dataset\sideshow_bob\pic_0220.jpg	sideshow_bob
Simpsons character classifier at home\simpsons_dataset\sideshow_bob\pic_0221.jpg	sideshow_bob
Simpsons character classifier at home\simpsons_dataset\sideshow_bob\pic_0222.jpg	sideshow_bob
Simpsons character classifier at home\simpsons_dataset\sideshow_bob\pic_0223.jpg	sideshow_bob
Simpsons character classifier at home\simpsons_dataset\sideshow_bob\pic_0224.jpg	sideshow_bob
Simpsons character classifier at home\simpsons_dataset\sideshow_bob\pic_0225.jpg	sideshow_bob
Simpsons character classifier at home\simpsons_dataset\sideshow_bob\pic_0226.jpg	sideshow_bob
Simpsons character classifier at home\simpsons_dataset\sideshow_bob\pic_0227.jpg	sideshow_bob
Simpsons character classifier at home\simpsons_dataset\sideshow_bob\pic_0228.jpg	sideshow_bob
Simpsons character classifier at home\simpsons_dataset\sideshow_bob\pic_0229.jpg	sideshow_bob
Simpsons character classifier at home\simpsons_dataset\sideshow_bob\pic_0230.jpg	sideshow_bob
Simpsons character classifier at home\simpsons_dataset\sideshow_bob\pic_0231.jpg	sideshow_bob
Simpsons character classifier at home\simpsons_dataset\sideshow_bob\pic_0232.jpg	sideshow_bob
Simpsons character classifier at home\simpsons_dataset\sideshow_bob\pic_0233.jpg	sideshow_bob
Simpsons character classifier at home\simpsons_dataset\sideshow_bob\pic_0234.jpg	sideshow_bob
Simpsons character classifier at home\simpsons_dataset\sideshow_bob\pic_0235.jpg	sideshow_bob
Simpsons character classifier at home\simpsons_dataset\sideshow_bob\pic_0236.jpg	sideshow_bob
Simpsons character classifier at home\simpsons_dataset\sideshow_bob\pic_0237.jpg	sideshow_bob
Simpsons character classifier at home\simpsons_dataset\sideshow_bob\pic_0238.jpg	sideshow_bob
Simpsons character classifier at home\simpsons_dataset\sideshow_bob\pic_0239.jpg	sideshow_bob
Simpsons character classifier at home\simpsons_dataset\sideshow_bob\pic_0240.jpg	sideshow_bob
Simpsons character classifier at home\simpsons_dataset\sideshow_bob\pic_0241.jpg	sideshow_bob
Simpsons character classifier at home\simpsons_dataset\sideshow_bob\pic_0242.jpg	sideshow_bob
Simpsons character classifier at home\simpsons_dataset\sideshow_bob\pic_0243.jpg	sideshow_bob
Simpsons character classifier at home\simpsons_dataset\sideshow_bob\pic_0244.jpg	sideshow_bob
Simpsons character classifier at home\simpsons_dataset\sideshow_bob\pic_0245.jpg	sideshow_bob
Simpsons character classifier at home\simpsons_dataset\sideshow_bob\pic_0246.jpg	sideshow_bob
Simpsons character classifier at home\simpsons_dataset\sideshow_bob\pic_0247.jpg	sideshow_bob
Simpsons character classifier at home\simpsons_dataset\sideshow_bob\pic_0248.jpg	sideshow_bob
Simpsons character classifier at home\simpsons_dataset\sideshow_bob\pic_0249.jpg	sideshow_bob
Simpsons character classifier at home\simpsons_dataset\sideshow_bob\pic_0250.jpg	sideshow_bob
Simpsons character classifier at home\simpsons_dataset\sideshow_bob\pic_0251.jpg	sideshow_bob
Simpsons character classifier at home\simpsons_dataset\sideshow_bob\pic_0252.jpg	sideshow_bob
Simpsons character classifier at home\simpsons_dataset\sideshow_bob\pic_0253.jpg	sideshow_bob
Simpsons character classifier at home\simpsons_dataset\sideshow_bob\pic_0254.jpg	sideshow_bob
Simpsons character classifier at home\simpsons_dataset\sideshow_bob\pic_0255.jpg	sideshow_bob
Simpsons character classifier at home\simpsons_dataset\sideshow_bob\pic_0256.jpg	sideshow_bob
Simpsons character classifier at home\simpsons_dataset\sideshow_bob\pic_0257.jpg	sideshow_bob
Simpsons character classifier at home\simpsons_dataset\sideshow_bob\pic_0258.jpg	sideshow_bob
Simpsons character classifier at home\simpsons_dataset\sideshow_bob\pic_0259.jpg	sideshow_bob
Simpsons character classifier at home\simpsons_dataset\sideshow_bob\pic_0260.jpg	sideshow_bob
Simpsons character classifier at home\simpsons_dataset\sideshow_bob\pic_0261.jpg	sideshow_bob
Simpsons character classifier at home\simpsons_dataset\sideshow_bob\pic_0262.jpg	sideshow_bob
Simpsons character classifier at home\simpsons_dataset\sideshow_bob\pic_0263.jpg	sideshow_bob
Simpsons character classifier at home\simpsons_dataset\sideshow_bob\pic_0264.jpg	sideshow_bob
Simpsons character classifier at home\simpsons_dataset\sideshow_bob\pic_0265.jpg	sideshow_bob
Simpsons character classifier at home\simpsons_dataset\sideshow_bob\pic_0266.jpg	sideshow_bob
Simpsons character classifier at home\simpsons_dataset\sideshow_bob\pic_0267.jpg	sideshow_bob
Simpsons character classifier at home\simpsons_dataset\sideshow_bob\pic_0268.jpg	sideshow_bob
Simpsons character classifier at home\simpsons_dataset\sideshow_bob\pic_0269.jpg	sideshow_bob
Simpsons character classifier at home\simpsons_dataset\sideshow_bob\pic_0270.jpg	sideshow_bob
Simpsons character classifier at home\simpsons_dataset\sideshow_bob\pic_0271.jpg	sideshow_bob
Simpsons character classifier at home\simpsons_dataset\sideshow_bob\pic_0272.jpg	sideshow_bob
Simpsons character classifier at home\simpsons_dataset\sideshow_bob\pic_0273.jpg	sideshow_bob
Simpsons character classifier at home\simpsons_dataset\sideshow_bob\pic_0274.jpg	sideshow_bob
Simpsons character classifier at home\simpsons_dataset\sideshow_bob\pic_0275.jpg	sideshow_bob
Simpsons character classifier at home\simpsons_dataset\sideshow_bob\pic_0276.jpg	sideshow_bob
Simpsons character classifier at home\simpsons_dataset\sideshow_bob\pic_0277.jpg	sideshow_bob
Simpsons character classifier at home\simpsons_dataset\sideshow_bob\pic_0278.jpg	sideshow_bob
Simpsons character classifier at home\simpsons_dataset\sideshow_bob\pic_0279.jpg	sideshow_bob
Simpsons character classifier at home\simpsons_dataset\sideshow_bob\pic_0280.jpg	sideshow_bob
Simpsons character classifier at home\simpsons_dataset\sideshow_bob\pic_0281.jpg	sideshow_bob
Simpsons character classifier at home\simpsons_dataset\sideshow_bob\pic_0282.jpg	sideshow_bob
Simpsons character classifier at home\simpsons_dataset\sideshow_bob\pic_0283.jpg	sideshow_bob
Simpsons character classifier at home\simpsons_dataset\sideshow_bob\pic_0284.jpg	sideshow_bob
Simpsons character classifier at home\simpsons_dataset\sideshow_bob\pic_0285.jpg	sideshow_bob
Simpsons character classifier at home\simpsons_dataset\sideshow_bob\pic_0286.jpg	sideshow_bob
Simpsons character classifier at home\simpsons_dataset\sideshow_bob\pic_0287.jpg	sideshow_bob
Simpsons character classifier at home\simpsons_dataset\sideshow_bob\pic_0288.jpg	sideshow_bob
Simpsons character classifier at home\simpsons_dataset\sideshow_bob\pic_0289.jpg	sideshow_bob
Simpsons character classifier at home\simpsons_dataset\sideshow_bob\pic_0290.jpg	sideshow_bob
Simpsons character classifier at home\simpsons_dataset\sideshow_bob\pic_0291.jpg	sideshow_bob
Simpsons character classifier at home\simpsons_dataset\sideshow_bob\pic_0292.jpg	sideshow_bob
Simpsons character classifier at home\simpsons_dataset\sideshow_bob\pic_0293.jpg	sideshow_bob
Simpsons character classifier at home\simpsons_dataset\sideshow_bob\pic_0294.jpg	sideshow_bob
Simpsons character classifier at home\simpsons_dataset\sideshow_bob\pic_0295.jpg	sideshow_bob
Simpsons character classifier at home\simpsons_dataset\sideshow_bob\pic_0296.jpg	sideshow_bob
Simpsons character classifier at home\simpsons_dataset\sideshow_bob\pic_0297.jpg	sideshow_bob
Simpsons character classifier at home\simpsons_dataset\sideshow_bob\pic_0298.jpg	sideshow_bob
Simpsons character classifier at home\simpsons_dataset\sideshow_bob\pic_0299.jpg	sideshow_bob
Simpsons character classifier at home\simpsons_dataset\sideshow_bob\pic_0300.jpg	sideshow_bob
Simpsons character classifier at home\simpsons_dataset\sideshow_bob\pic_0301.jpg	sideshow_bob
Simpsons character classifier at home\simpsons_dataset\sideshow_bob\pic_0302.jpg	sideshow_bob
Simpsons character classifier at home\simpsons_dataset\sideshow_bob\pic_0303.jpg	sideshow_bob
Simpsons character classifier at home\simpsons_dataset\sideshow_bob\pic_0304.jpg	sideshow_bob
Simpsons character classifier at home\simpsons_dataset\sideshow_bob\pic_0305.jpg	sideshow_bob
Simpsons character classifier at home\simpsons_dataset\sideshow_bob\pic_0306.jpg	sideshow_bob
Simpsons character classifier at home\simpsons_dataset\sideshow_bob\pic_0307.jpg	sideshow_bob
Simpsons character classifier at home\simpsons_dataset\sideshow_bob\pic_0308.jpg	sideshow_bob
Simpsons character classifier at home\simpsons_dataset\sideshow_bob\pic_0309.jpg	sideshow_bob
Simpsons character classifier at home\simpsons_dataset\sideshow_bob\pic_0310.jpg	sideshow_bob
Simpsons character classifier at home\simpsons_dataset\sideshow_bob\pic_0311.jpg	sideshow_bob
Simpsons character classifier at home\simpsons_dataset\sideshow_bob\pic_0312.jpg	sideshow_bob
Simpsons character classifier at home\simpsons_dataset\sideshow_bob\pic_0313.jpg	sideshow_bob
Simpsons character classifier at home\simpsons_dataset\sideshow_bob\pic_0314.jpg	sideshow_bob
Simpsons character classifier at home\simpsons_dataset\sideshow_bob\pic_0315.jpg	sideshow_bob
Simpsons character classifier at home\simpsons_dataset\sideshow_bob\pic_0316.jpg	sideshow_bob
Simpsons character classifier at home\simpsons_dataset\sideshow_bob\pic_0317.jpg	sideshow_bob
Simpsons character classifier at home\simpsons_dataset\sideshow_bob\pic_0318.jpg	sideshow_bob
Simpsons character classifier at home\simpsons_dataset\sideshow_bob\pic_0319.jpg	sideshow_bob
Simpsons character classifier at home\simpsons_dataset\sideshow_bob\pic_0320.jpg	sideshow_bob
Simpsons character classifier at home\simpsons_dataset\sideshow_bob\pic_0321.jpg	sideshow_bob
Simpsons character classifier at home\simpsons_dataset\sideshow_bob\pic_0322.jpg	sideshow_bob
Simpsons character classifier at home\simpsons_dataset\sideshow_bob\pic_0323.jpg	sideshow_bob
Simpsons character classifier at home\simpsons_dataset\sideshow_bob\pic_0324.jpg	sideshow_bob
Simpsons character classifier at home\simpsons_dataset\sideshow_bob\pic_0325.jpg	sideshow_bob
Simpsons character classifier at home\simpsons_dataset\sideshow_bob\pic_0326.jpg	sideshow_bob
Simpsons character classifier at home\simpsons_dataset\sideshow_bob\pic_0327.jpg	sideshow_bob
Simpsons character classifier at home\simpsons_dataset\sideshow_bob\pic_0328.jpg	sideshow_bob
Simpsons character classifier at home\simpsons_dataset\sideshow_bob\pic_0329.jpg	sideshow_bob
Simpsons character classifier at home\simpsons_dataset\sideshow_bob\pic_0330.jpg	sideshow_bob
Simpsons character classifier at home\simpsons_dataset\sideshow_bob\pic_0331.jpg	sideshow_bob
Simpsons character classifier at home\simpsons_dataset\sideshow_bob\pic_0332.jpg	sideshow_bob
Simpsons character classifier at home\simpsons_dataset\sideshow_bob\pic_0333.jpg	sideshow_bob
Simpsons character classifier at home\simpsons_dataset\sideshow_bob\pic_0334.jpg	sideshow_bob
Simpsons character classifier at home\simpsons_dataset\sideshow_bob\pic_0335.jpg	sideshow_bob
Simpsons character classifier at home\simpsons_dataset\sideshow_bob\pic_0336.jpg	sideshow_bob
Simpsons character classifier at home\simpsons_dataset\sideshow_bob\pic_0337.jpg	sideshow_bob
Simpsons character classifier at home\simpsons_dataset\sideshow_bob\pic_0338.jpg	sideshow_bob
Simpsons character classifier at home\simpsons_dataset\sideshow_bob\pic_0339.jpg	sideshow_bob
Simpsons character classifier at home\simpsons_dataset\sideshow_bob\pic_0340.jpg	sideshow_bob
Simpsons character classifier at home\simpsons_dataset\sideshow_bob\pic_0341.jpg	sideshow_bob
Simpsons character classifier at home\simpsons_dataset\sideshow_bob\pic_0342.jpg	sideshow_bob
Simpsons character classifier at home\simpsons_dataset\sideshow_bob\pic_0343.jpg	sideshow_bob
Simpsons character classifier at home\simpsons_dataset\sideshow_bob\pic_0344.jpg	sideshow_bob
Simpsons character classifier at home\simpsons_dataset\sideshow_bob\pic_0345.jpg	sideshow_bob
Simpsons character classifier at home\simpsons_dataset\sideshow_bob\pic_0346.jpg	sideshow_bob
Simpsons character classifier at home\simpsons_dataset\sideshow_bob\pic_0347.jpg	sideshow_bob
Simpsons character classifier at home\simpsons_dataset\sideshow_bob\pic_0348.jpg	sideshow_bob
Simpsons character classifier at home\simpsons_dataset\sideshow_bob\pic_0349.jpg	sideshow_bob
Simpsons character classifier at home\simpsons_dataset\sideshow_bob\pic_0350.jpg	sideshow_bob
Simpsons character classifier at home\simpsons_dataset\sideshow_bob\pic_0351.jpg	sideshow_bob
Simpsons character classifier at home\simpsons_dataset\sideshow_bob\pic_0352.jpg	sideshow_bob
Simpsons character classifier at home\simpsons_dataset\sideshow_bob\pic_0353.jpg	sideshow_bob
Simpsons character classifier at home\simpsons_dataset\sideshow_bob\pic_0354.jpg	sideshow_bob
Simpsons character classifier at home\simpsons_dataset\sideshow_bob\pic_0355.jpg	sideshow_bob
Simpsons character classifier at home\simpsons_dataset\sideshow_bob\pic_0356.jpg	sideshow_bob
Simpsons character classifier at home\simpsons_dataset\sideshow_bob\pic_0357.jpg	sideshow_bob
Simpsons character classifier at home\simpsons_dataset\sideshow_bob\pic_0358.jpg	sideshow_bob
Simpsons character classifier at home\simpsons_dataset\sideshow_bob\pic_0359.jpg	sideshow_bob
Simpsons character classifier at home\simpsons_dataset\sideshow_bob\pic_0360.jpg	sideshow_bob
Simpsons character classifier at home\simpsons_dataset\sideshow_bob\pic_0361.jpg	sideshow_bob
Simpsons character classifier at home\simpsons_dataset\sideshow_bob\pic_0362.jpg	sideshow_bob
Simpsons character classifier at home\simpsons_dataset\sideshow_bob\pic_0363.jpg	sideshow_bob
Simpsons character classifier at home\simpsons_dataset\sideshow_bob\pic_0364.jpg	sideshow_bob
Simpsons character classifier at home\simpsons_dataset\sideshow_bob\pic_0365.jpg	sideshow_bob
Simpsons character classifier at home\simpsons_dataset\sideshow_bob\pic_0366.jpg	sideshow_bob
Simpsons character classifier at home\simpsons_dataset\sideshow_bob\pic_0367.jpg	sideshow_bob
Simpsons character classifier at home\simpsons_dataset\sideshow_bob\pic_0368.jpg	sideshow_bob
Simpsons character classifier at home\simpsons_dataset\sideshow_bob\pic_0369.jpg	sideshow_bob
Simpsons character classifier at home\simpsons_dataset\sideshow_bob\pic_0370.jpg	sideshow_bob
Simpsons character classifier at home\simpsons_dataset\sideshow_bob\pic_0371.jpg	sideshow_bob
Simpsons character classifier at home\simpsons_dataset\sideshow_bob\pic_0372.jpg	sideshow_bob
Simpsons character classifier at home\simpsons_dataset\sideshow_bob\pic_0373.jpg	sideshow_bob
Simpsons character classifier at home\simpsons_dataset\sideshow_bob\pic_0374.jpg	sideshow_bob
Simpsons character classifier at home\simpsons_dataset\sideshow_bob\pic_0375.jpg	sideshow_bob
Simpsons character classifier at home\simpsons_dataset\sideshow_bob\pic_0376.jpg	sideshow_bob
Simpsons character classifier at home\simpsons_dataset\sideshow_bob\pic_0377.jpg	sideshow_bob
Simpsons character classifier at home\simpsons_dataset\sideshow_bob\pic_0378.jpg	sideshow_bob
Simpsons character classifier at home\simpsons_dataset\sideshow_bob\pic_0379.jpg	sideshow_bob
Simpsons character classifier at home\simpsons_dataset\sideshow_bob\pic_0380.jpg	sideshow_bob
Simpsons character classifier at home\simpsons_dataset\sideshow_bob\pic_0381.jpg	sideshow_bob
Simpsons character classifier at home\simpsons_dataset\sideshow_bob\pic_0382.jpg	sideshow_bob
Simpsons character classifier at home\simpsons_dataset\sideshow_bob\pic_0383.jpg	sideshow_bob
Simpsons character classifier at home\simpsons_dataset\sideshow_bob\pic_0384.jpg	sideshow_bob
Simpsons character classifier at home\simpsons_dataset\sideshow_bob\pic_0385.jpg	sideshow_bob
Simpsons character classifier at home\simpsons_dataset\sideshow_bob\pic_0386.jpg	sideshow_bob
Simpsons character classifier at home\simpsons_dataset\sideshow_bob\pic_0387.jpg	sideshow_bob
Simpsons character classifier at home\simpsons_dataset\sideshow_bob\pic_0388.jpg	sideshow_bob
Simpsons character classifier at home\simpsons_dataset\sideshow_bob\pic_0389.jpg	sideshow_bob
Simpsons character classifier at home\simpsons_dataset\sideshow_bob\pic_0390.jpg	sideshow_bob
Simpsons character classifier at home\simpsons_dataset\sideshow_bob\pic_0391.jpg	sideshow_bob
Simpsons character classifier at home\simpsons_dataset\sideshow_bob\pic_0392.jpg	sideshow_bob
Simpsons character classifier at home\simpsons_dataset\sideshow_bob\pic_0393.jpg	sideshow_bob
Simpsons character classifier at home\simpsons_dataset\sideshow_bob\pic_0394.jpg	sideshow_bob
Simpsons character classifier at home\simpsons_dataset\sideshow_bob\pic_0395.jpg	sideshow_bob
Simpsons character classifier at home\simpsons_dataset\sideshow_bob\pic_0396.jpg	sideshow_bob
Simpsons character classifier at home\simpsons_dataset\sideshow_bob\pic_0397.jpg	sideshow_bob
Simpsons character classifier at home\simpsons_dataset\sideshow_bob\pic_0398.jpg	sideshow_bob
Simpsons character classifier at home\simpsons_dataset\sideshow_bob\pic_0399.jpg	sideshow_bob
Simpsons character classifier at home\simpsons_dataset\sideshow_bob\pic_0400.jpg	sideshow_bob
Simpsons character classifier at home\simpsons_dataset\sideshow_bob\pic_0401.jpg	sideshow_bob
Simpsons character classifier at home\simpsons_dataset\sideshow_bob\pic_0402.jpg	sideshow_bob
Simpsons character classifier at home\simpsons_dataset\sideshow_bob\pic_0403.jpg	sideshow_bob
Simpsons character classifier at home\simpsons_dataset\sideshow_bob\pic_0404.jpg	sideshow_bob
Simpsons character classifier at home\simpsons_dataset\sideshow_bob\pic_0405.jpg	sideshow_bob
Simpsons character classifier at home\simpsons_dataset\sideshow_bob\pic_0406.jpg	sideshow_bob
Simpsons character classifier at home\simpsons_dataset\sideshow_bob\pic_0407.jpg	sideshow_bob
Simpsons character classifier at home\simpsons_dataset\sideshow_bob\pic_0408.jpg	sideshow_bob
Simpsons character classifier at home\simpsons_dataset\sideshow_bob\pic_0409.jpg	sideshow_bob
Simpsons character classifier at home\simpsons_dataset\sideshow_bob\pic_0410.jpg	sideshow_bob
Simpsons character classifier at home\simpsons_dataset\sideshow_bob\pic_0411.jpg	sideshow_bob
Simpsons character classifier at home\simpsons_dataset\sideshow_bob\pic_0412.jpg	sideshow_bob
Simpsons character classifier at home\simpsons_dataset\sideshow_bob\pic_0413.jpg	sideshow_bob
Simpsons character classifier at home\simpsons_dataset\sideshow_bob\pic_0414.jpg	sideshow_bob
Simpsons character classifier at home\simpsons_dataset\sideshow_bob\pic_0415.jpg	sideshow_bob
Simpsons character classifier at home\simpsons_dataset\sideshow_bob\pic_0416.jpg	sideshow_bob
Simpsons character classifier at home\simpsons_dataset\sideshow_bob\pic_0417.jpg	sideshow_bob
Simpsons character classifier at home\simpsons_dataset\sideshow_bob\pic_0418.jpg	sideshow_bob
Simpsons character classifier at home\simpsons_dataset\sideshow_bob\pic_0419.jpg	sideshow_bob
Simpsons character classifier at home\simpsons_dataset\sideshow_bob\pic_0420.jpg	sideshow_bob
Simpsons character classifier at home\simpsons_dataset\sideshow_bob\pic_0421.jpg	sideshow_bob
Simpsons character classifier at home\simpsons_dataset\sideshow_bob\pic_0422.jpg	sideshow_bob
Simpsons character classifier at home\simpsons_dataset\sideshow_bob\pic_0423.jpg	sideshow_bob
Simpsons character classifier at home\simpsons_dataset\sideshow_bob\pic_0424.jpg	sideshow_bob
Simpsons character classifier at home\simpsons_dataset\sideshow_bob\pic_0425.jpg	sideshow_bob
Simpsons character classifier at home\simpsons_dataset\sideshow_bob\pic_0426.jpg	sideshow_bob
Simpsons character classifier at home\simpsons_dataset\sideshow_bob\pic_0427.jpg	sideshow_bob
Simpsons character classifier at home\simpsons_dataset\sideshow_bob\pic_0428.jpg	sideshow_bob
Simpsons character classifier at home\simpsons_dataset\sideshow_bob\pic_0429.jpg	sideshow_bob
Simpsons character classifier at home\simpsons_dataset\sideshow_bob\pic_0430.jpg	sideshow_bob
Simpsons character classifier at home\simpsons_dataset\sideshow_bob\pic_0431.jpg	sideshow_bob
Simpsons character classifier at home\simpsons_dataset\sideshow_bob\pic_0432.jpg	sideshow_bob
Simpsons character classifier at home\simpsons_dataset\sideshow_bob\pic_0433.jpg	sideshow_bob
Simpsons character classifier at home\simpsons_dataset\sideshow_bob\pic_0434.jpg	sideshow_bob
Simpsons character classifier at home\simpsons_dataset\sideshow_bob\pic_0435.jpg	sideshow_bob
Simpsons character classifier at home\simpsons_dataset\sideshow_bob\pic_0436.jpg	sideshow_bob
Simpsons character classifier at home\simpsons_dataset\sideshow_bob\pic_0437.jpg	sideshow_bob
Simpsons character classifier at home\simpsons_dataset\sideshow_bob\pic_0438.jpg	sideshow_bob
Simpsons character classifier at home\simpsons_dataset\sideshow_bob\pic_0439.jpg	sideshow_bob
Simpsons character classifier at home\simpsons_dataset\sideshow_bob\pic_0440.jpg	sideshow_bob
Simpsons character classifier at home\simpsons_dataset\sideshow_bob\pic_0441.jpg	sideshow_bob
Simpsons character classifier at home\simpsons_dataset\sideshow_bob\pic_0442.jpg	sideshow_bob
Simpsons character classifier at home\simpsons_dataset\sideshow_bob\pic_0443.jpg	sideshow_bob
Simpsons character classifier at home\simpsons_dataset\sideshow_bob\pic_0444.jpg	sideshow_bob
Simpsons character classifier at home\simpsons_dataset\sideshow_bob\pic_0445.jpg	sideshow_bob
Simpsons character classifier at home\simpsons_dataset\sideshow_bob\pic_0446.jpg	sideshow_bob
Simpsons character classifier at home\simpsons_dataset\sideshow_bob\pic_0447.jpg	sideshow_bob
Simpsons character classifier at home\simpsons_dataset\sideshow_bob\pic_0448.jpg	sideshow_bob
Simpsons character classifier at home\simpsons_dataset\sideshow_bob\pic_0449.jpg	sideshow_bob
Simpsons character classifier at home\simpsons_dataset\sideshow_bob\pic_0450.jpg	sideshow_bob
Simpsons character classifier at home\simpsons_dataset\sideshow_bob\pic_0451.jpg	sideshow_bob
Simpsons character classifier at home\simpsons_dataset\sideshow_bob\pic_0452.jpg	sideshow_bob
Simpsons character classifier at home\simpsons_dataset\sideshow_bob\pic_0453.jpg	sideshow_bob
Simpsons character classifier at home\simpsons_dataset\sideshow_bob\pic_0454.jpg	sideshow_bob
Simpsons character classifier at home\simpsons_dataset\sideshow_bob\pic_0455.jpg	sideshow_bob
Simpsons character classifier at home\simpsons_dataset\sideshow_bob\pic_0456.jpg	sideshow_bob
Simpsons character classifier at home\simpsons_dataset\sideshow_bob\pic_0457.jpg	sideshow_bob
Simpsons character classifier at home\simpsons_dataset\sideshow_bob\pic_0458.jpg	sideshow_bob
Simpsons character classifier at home\simpsons_dataset\sideshow_bob\pic_0459.jpg	sideshow_bob
Simpsons character classifier at home\simpsons_dataset\sideshow_bob\pic_0460.jpg	sideshow_bob
Simpsons character classifier at home\simpsons_dataset\sideshow_bob\pic_0461.jpg	sideshow_bob
Simpsons character classifier at home\simpsons_dataset\sideshow_bob\pic_0462.jpg	sideshow_bob
Simpsons character classifier at home\simpsons_dataset\sideshow_bob\pic_0463.jpg	sideshow_bob
Simpsons character classifier at home\simpsons_dataset\sideshow_bob\pic_0464.jpg	sideshow_bob
Simpsons character classifier at home\simpsons_dataset\sideshow_bob\pic_0465.jpg	sideshow_bob
Simpsons character classifier at home\simpsons_dataset\sideshow_bob\pic_0466.jpg	sideshow_bob
Simpsons character classifier at home\simpsons_dataset\sideshow_bob\pic_0467.jpg	sideshow_bob
Simpsons character classifier at home\simpsons_dataset\sideshow_bob\pic_0468.jpg	sideshow_bob
Simpsons character classifier at home\simpsons_dataset\sideshow_bob\pic_0469.jpg	sideshow_bob
Simpsons character classifier at home\simpsons_dataset\sideshow_bob\pic_0470.jpg	sideshow_bob
Simpsons character classifier at home\simpsons_dataset\sideshow_bob\pic_0471.jpg	sideshow_bob
Simpsons character classifier at home\simpsons_dataset\sideshow_bob\pic_0472.jpg	sideshow_bob
Simpsons character classifier at home\simpsons_dataset\sideshow_bob\pic_0473.jpg	sideshow_bob
Simpsons character classifier at home\simpsons_dataset\sideshow_bob\pic_0474.jpg	sideshow_bob
Simpsons character classifier at home\simpsons_dataset\sideshow_bob\pic_0475.jpg	sideshow_bob
Simpsons character classifier at home\simpsons_dataset\sideshow_bob\pic_0476.jpg	sideshow_bob
Simpsons character classifier at home\simpsons_dataset\sideshow_bob\pic_0477.jpg	sideshow_bob
Simpsons character classifier at home\simpsons_dataset\sideshow_bob\pic_0478.jpg	sideshow_bob
Simpsons character classifier at home\simpsons_dataset\sideshow_bob\pic_0479.jpg	sideshow_bob
Simpsons character classifier at home\simpsons_dataset\sideshow_bob\pic_0480.jpg	sideshow_bob
Simpsons character classifier at home\simpsons_dataset\sideshow_bob\pic_0481.jpg	sideshow_bob
Simpsons character classifier at home\simpsons_dataset\sideshow_bob\pic_0482.jpg	sideshow_bob
Simpsons character classifier at home\simpsons_dataset\sideshow_bob\pic_0483.jpg	sideshow_bob
Simpsons character classifier at home\simpsons_dataset\sideshow_bob\pic_0484.jpg	sideshow_bob
Simpsons character classifier at home\simpsons_dataset\sideshow_bob\pic_0485.jpg	sideshow_bob
Simpsons character classifier at home\simpsons_dataset\sideshow_bob\pic_0486.jpg	sideshow_bob
Simpsons character classifier at home\simpsons_dataset\sideshow_bob\pic_0487.jpg	sideshow_bob
Simpsons character classifier at home\simpsons_dataset\sideshow_bob\pic_0488.jpg	sideshow_bob
Simpsons character classifier at home\simpsons_dataset\sideshow_bob\pic_0489.jpg	sideshow_bob
Simpsons character classifier at home\simpsons_dataset\sideshow_bob\pic_0490.jpg	sideshow_bob
Simpsons character classifier at home\simpsons_dataset\sideshow_bob\pic_0491.jpg	sideshow_bob
Simpsons character classifier at home\simpsons_dataset\sideshow_bob\pic_0492.jpg	sideshow_bob
Simpsons character classifier at home\simpsons_dataset\sideshow_bob\pic_0493.jpg	sideshow_bob
Simpsons character classifier at home\simpsons_dataset\sideshow_bob\pic_0494.jpg	sideshow_bob
Simpsons character classifier at home\simpsons_dataset\sideshow_bob\pic_0495.jpg	sideshow_bob
Simpsons character classifier at home\simpsons_dataset\sideshow_bob\pic_0496.jpg	sideshow_bob
Simpsons character classifier at home\simpsons_dataset\sideshow_bob\pic_0497.jpg	sideshow_bob
Simpsons character classifier at home\simpsons_dataset\sideshow_bob\pic_0498.jpg	sideshow_bob
Simpsons character classifier at home\simpsons_dataset\sideshow_bob\pic_0499.jpg	sideshow_bob
Simpsons character classifier at home\simpsons_dataset\sideshow_bob\pic_0500.jpg	sideshow_bob
Simpsons character classifier at home\simpsons_dataset\sideshow_bob\pic_0501.jpg	sideshow_bob
Simpsons character classifier at home\simpsons_dataset\sideshow_bob\pic_0502.jpg	sideshow_bob
Simpsons character classifier at home\simpsons_dataset\sideshow_bob\pic_0503.jpg	sideshow_bob
Simpsons character classifier at home\simpsons_dataset\sideshow_bob\pic_0504.jpg	sideshow_bob
Simpsons character classifier at home\simpsons_dataset\sideshow_bob\pic_0505.jpg	sideshow_bob
Simpsons character classifier at home\simpsons_dataset\sideshow_bob\pic_0506.jpg	sideshow_bob
Simpsons character classifier at home\simpsons_dataset\sideshow_bob\pic_0507.jpg	sideshow_bob
Simpsons character classifier at home\simpsons_dataset\sideshow_bob\pic_0508.jpg	sideshow_bob
Simpsons character classifier at home\simpsons_dataset\sideshow_bob\pic_0509.jpg	sideshow_bob
Simpsons character classifier at home\simpsons_dataset\sideshow_bob\pic_0510.jpg	sideshow_bob
Simpsons character classifier at home\simpsons_dataset\sideshow_bob\pic_0511.jpg	sideshow_bob
Simpsons character classifier at home\simpsons_dataset\sideshow_bob\pic_0512.jpg	sideshow_bob
Simpsons character classifier at home\simpsons_dataset\sideshow_bob\pic_0513.jpg	sideshow_bob
Simpsons character classifier at home\simpsons_dataset\sideshow_bob\pic_0514.jpg	sideshow_bob
Simpsons character classifier at home\simpsons_dataset\sideshow_bob\pic_0515.jpg	sideshow_bob
Simpsons character classifier at home\simpsons_dataset\sideshow_bob\pic_0516.jpg	sideshow_bob
Simpsons character classifier at home\simpsons_dataset\sideshow_bob\pic_0517.jpg	sideshow_bob
Simpsons character classifier at home\simpsons_dataset\sideshow_bob\pic_0518.jpg	sideshow_bob
Simpsons character classifier at home\simpsons_dataset\sideshow_bob\pic_0519.jpg	sideshow_bob
Simpsons character classifier at home\simpsons_dataset\sideshow_bob\pic_0520.jpg	sideshow_bob
Simpsons character classifier at home\simpsons_dataset\sideshow_bob\pic_0521.jpg	sideshow_bob
Simpsons character classifier at home\simpsons_dataset\sideshow_bob\pic_0522.jpg	sideshow_bob
Simpsons character classifier at home\simpsons_dataset\sideshow_bob\pic_0523.jpg	sideshow_bob
Simpsons character classifier at home\simpsons_dataset\sideshow_bob\pic_0524.jpg	sideshow_bob
Simpsons character classifier at home\simpsons_dataset\sideshow_bob\pic_0525.jpg	sideshow_bob
Simpsons character classifier at home\simpsons_dataset\sideshow_bob\pic_0526.jpg	sideshow_bob
Simpsons character classifier at home\simpsons_dataset\sideshow_bob\pic_0527.jpg	sideshow_bob
Simpsons character classifier at home\simpsons_dataset\sideshow_bob\pic_0528.jpg	sideshow_bob
Simpsons character classifier at home\simpsons_dataset\sideshow_bob\pic_0529.jpg	sideshow_bob
Simpsons character classifier at home\simpsons_dataset\sideshow_bob\pic_0530.jpg	sideshow_bob
Simpsons character classifier at home\simpsons_dataset\sideshow_bob\pic_0531.jpg	sideshow_bob
Simpsons character classifier at home\simpsons_dataset\sideshow_bob\pic_0532.jpg	sideshow_bob
Simpsons character classifier at home\simpsons_dataset\sideshow_bob\pic_0533.jpg	sideshow_bob
Simpsons character classifier at home\simpsons_dataset\sideshow_bob\pic_0534.jpg	sideshow_bob
Simpsons character classifier at home\simpsons_dataset\sideshow_bob\pic_0535.jpg	sideshow_bob
Simpsons character classifier at home\simpsons_dataset\sideshow_bob\pic_0536.jpg	sideshow_bob
Simpsons character classifier at home\simpsons_dataset\sideshow_bob\pic_0537.jpg	sideshow_bob
Simpsons character classifier at home\simpsons_dataset\sideshow_bob\pic_0538.jpg	sideshow_bob
Simpsons character classifier at home\simpsons_dataset\sideshow_bob\pic_0539.jpg	sideshow_bob
Simpsons character classifier at home\simpsons_dataset\sideshow_bob\pic_0540.jpg	sideshow_bob
Simpsons character classifier at home\simpsons_dataset\sideshow_bob\pic_0541.jpg	sideshow_bob
Simpsons character classifier at home\simpsons_dataset\sideshow_bob\pic_0542.jpg	sideshow_bob
Simpsons character classifier at home\simpsons_dataset\sideshow_bob\pic_0543.jpg	sideshow_bob
Simpsons character classifier at home\simpsons_dataset\sideshow_bob\pic_0544.jpg	sideshow_bob
Simpsons character classifier at home\simpsons_dataset\sideshow_bob\pic_0545.jpg	sideshow_bob
Simpsons character classifier at home\simpsons_dataset\sideshow_bob\pic_0546.jpg	sideshow_bob
Simpsons character classifier at home\simpsons_dataset\sideshow_bob\pic_0547.jpg	sideshow_bob
Simpsons character classifier at home\simpsons_dataset\sideshow_bob\pic_0548.jpg	sideshow_bob
Simpsons character classifier at home\simpsons_dataset\sideshow_bob\pic_0549.jpg	sideshow_bob
Simpsons character classifier at home\simpsons_dataset\sideshow_bob\pic_0550.jpg	sideshow_bob
Simpsons character classifier at home\simpsons_dataset\sideshow_bob\pic_0551.jpg	sideshow_bob
Simpsons character classifier at home\simpsons_dataset\sideshow_bob\pic_0552.jpg	sideshow_bob
Simpsons character classifier at home\simpsons_dataset\sideshow_bob\pic_0553.jpg	sideshow_bob
Simpsons character classifier at home\simpsons_dataset\sideshow_bob\pic_0554.jpg	sideshow_bob
Simpsons character classifier at home\simpsons_dataset\sideshow_bob\pic_0555.jpg	sideshow_bob
Simpsons character classifier at home\simpsons_dataset\sideshow_bob\pic_0556.jpg	sideshow_bob
Simpsons character classifier at home\simpsons_dataset\sideshow_bob\pic_0557.jpg	sideshow_bob
Simpsons character classifier at home\simpsons_dataset\sideshow_bob\pic_0558.jpg	sideshow_bob
Simpsons character classifier at home\simpsons_dataset\sideshow_bob\pic_0559.jpg	sideshow_bob
Simpsons character classifier at home\simpsons_dataset\sideshow_bob\pic_0560.jpg	sideshow_bob
Simpsons character classifier at home\simpsons_dataset\sideshow_bob\pic_0561.jpg	sideshow_bob
Simpsons character classifier at home\simpsons_dataset\sideshow_bob\pic_0562.jpg	sideshow_bob
Simpsons character classifier at home\simpsons_dataset\sideshow_bob\pic_0563.jpg	sideshow_bob
Simpsons character classifier at home\simpsons_dataset\sideshow_bob\pic_0564.jpg	sideshow_bob
Simpsons character classifier at home\simpsons_dataset\sideshow_bob\pic_0565.jpg	sideshow_bob
Simpsons character classifier at home\simpsons_dataset\sideshow_bob\pic_0566.jpg	sideshow_bob
Simpsons character classifier at home\simpsons_dataset\sideshow_bob\pic_0567.jpg	sideshow_bob
Simpsons character classifier at home\simpsons_dataset\sideshow_bob\pic_0568.jpg	sideshow_bob
Simpsons character classifier at home\simpsons_dataset\sideshow_bob\pic_0569.jpg	sideshow_bob
Simpsons character classifier at home\simpsons_dataset\sideshow_bob\pic_0570.jpg	sideshow_bob
Simpsons character classifier at home\simpsons_dataset\sideshow_bob\pic_0571.jpg	sideshow_bob
Simpsons character classifier at home\simpsons_dataset\sideshow_bob\pic_0572.jpg	sideshow_bob
Simpsons character classifier at home\simpsons_dataset\sideshow_bob\pic_0573.jpg	sideshow_bob
Simpsons character classifier at home\simpsons_dataset\sideshow_bob\pic_0574.jpg	sideshow_bob
Simpsons character classifier at home\simpsons_dataset\sideshow_bob\pic_0575.jpg	sideshow_bob
Simpsons character classifier at home\simpsons_dataset\sideshow_bob\pic_0576.jpg	sideshow_bob
Simpsons character classifier at home\simpsons_dataset\sideshow_bob\pic_0577.jpg	sideshow_bob
Simpsons character classifier at home\simpsons_dataset\sideshow_bob\pic_0578.jpg	sideshow_bob
Simpsons character classifier at home\simpsons_dataset\sideshow_bob\pic_0579.jpg	sideshow_bob
Simpsons character classifier at home\simpsons_dataset\sideshow_bob\pic_0580.jpg	sideshow_bob
Simpsons character classifier at home\simpsons_dataset\sideshow_bob\pic_0581.jpg	sideshow_bob
Simpsons character classifier at home\simpsons_dataset\sideshow_bob\pic_0582.jpg	sideshow_bob
Simpsons character classifier at home\simpsons_dataset\sideshow_bob\pic_0583.jpg	sideshow_bob
Simpsons character classifier at home\simpsons_dataset\sideshow_bob\pic_0584.jpg	sideshow_bob
Simpsons character classifier at home\simpsons_dataset\sideshow_bob\pic_0585.jpg	sideshow_bob
Simpsons character classifier at home\simpsons_dataset\sideshow_bob\pic_0586.jpg	sideshow_bob
Simpsons character classifier at home\simpsons_dataset\sideshow_bob\pic_0587.jpg	sideshow_bob
Simpsons character classifier at home\simpsons_dataset\sideshow_bob\pic_0588.jpg	sideshow_bob
Simpsons character classifier at home\simpsons_dataset\sideshow_bob\pic_0589.jpg	sideshow_bob
Simpsons character classifier at home\simpsons_dataset\sideshow_bob\pic_0590.jpg	sideshow_bob
Simpsons character classifier at home\simpsons_dataset\sideshow_bob\pic_0591.jpg	sideshow_bob
Simpsons character classifier at home\simpsons_dataset\sideshow_bob\pic_0592.jpg	sideshow_bob
Simpsons character classifier at home\simpsons_dataset\sideshow_bob\pic_0593.jpg	sideshow_bob
Simpsons character classifier at home\simpsons_dataset\sideshow_bob\pic_0594.jpg	sideshow_bob
Simpsons character classifier at home\simpsons_dataset\sideshow_bob\pic_0595.jpg	sideshow_bob
Simpsons character classifier at home\simpsons_dataset\sideshow_bob\pic_0596.jpg	sideshow_bob
Simpsons character classifier at home\simpsons_dataset\sideshow_bob\pic_0597.jpg	sideshow_bob
Simpsons character classifier at home\simpsons_dataset\sideshow_bob\pic_0598.jpg	sideshow_bob
Simpsons character classifier at home\simpsons_dataset\sideshow_bob\pic_0599.jpg	sideshow_bob
Simpsons character classifier at home\simpsons_dataset\sideshow_bob\pic_0600.jpg	sideshow_bob
Simpsons character classifier at home\simpsons_dataset\sideshow_bob\pic_0601.jpg	sideshow_bob
Simpsons character classifier at home\simpsons_dataset\sideshow_bob\pic_0602.jpg	sideshow_bob
Simpsons character classifier at home\simpsons_dataset\sideshow_bob\pic_0603.jpg	sideshow_bob
Simpsons character classifier at home\simpsons_dataset\sideshow_bob\pic_0604.jpg	sideshow_bob
Simpsons character classifier at home\simpsons_dataset\sideshow_bob\pic_0605.jpg	sideshow_bob
Simpsons character classifier at home\simpsons_dataset\sideshow_bob\pic_0606.jpg	sideshow_bob
Simpsons character classifier at home\simpsons_dataset\sideshow_bob\pic_0607.jpg	sideshow_bob
Simpsons character classifier at home\simpsons_dataset\sideshow_bob\pic_0608.jpg	sideshow_bob
Simpsons character classifier at home\simpsons_dataset\sideshow_bob\pic_0609.jpg	sideshow_bob
Simpsons character classifier at home\simpsons_dataset\sideshow_bob\pic_0610.jpg	sideshow_bob
Simpsons character classifier at home\simpsons_dataset\sideshow_bob\pic_0611.jpg	sideshow_bob
Simpsons character classifier at home\simpsons_dataset\sideshow_bob\pic_0612.jpg	sideshow_bob
Simpsons character classifier at home\simpsons_dataset\sideshow_bob\pic_0613.jpg	sideshow_bob
Simpsons character classifier at home\simpsons_dataset\sideshow_bob\pic_0614.jpg	sideshow_bob
Simpsons character classifier at home\simpsons_dataset\sideshow_bob\pic_0615.jpg	sideshow_bob
Simpsons character classifier at home\simpsons_dataset\sideshow_bob\pic_0616.jpg	sideshow_bob
Simpsons character classifier at home\simpsons_dataset\sideshow_bob\pic_0617.jpg	sideshow_bob
Simpsons character classifier at home\simpsons_dataset\sideshow_bob\pic_0618.jpg	sideshow_bob
Simpsons character classifier at home\simpsons_dataset\sideshow_bob\pic_0619.jpg	sideshow_bob
Simpsons character classifier at home\simpsons_dataset\sideshow_bob\pic_0620.jpg	sideshow_bob
Simpsons character classifier at home\simpsons_dataset\sideshow_bob\pic_0621.jpg	sideshow_bob
Simpsons character classifier at home\simpsons_dataset\sideshow_bob\pic_0622.jpg	sideshow_bob
Simpsons character classifier at home\simpsons_dataset\sideshow_bob\pic_0623.jpg	sideshow_bob
Simpsons character classifier at home\simpsons_dataset\sideshow_bob\pic_0624.jpg	sideshow_bob
Simpsons character classifier at home\simpsons_dataset\sideshow_bob\pic_0625.jpg	sideshow_bob
Simpsons character classifier at home\simpsons_dataset\sideshow_bob\pic_0626.jpg	sideshow_bob
Simpsons character classifier at home\simpsons_dataset\sideshow_bob\pic_0627.jpg	sideshow_bob
Simpsons character classifier at home\simpsons_dataset\sideshow_bob\pic_0628.jpg	sideshow_bob
Simpsons character classifier at home\simpsons_dataset\sideshow_bob\pic_0629.jpg	sideshow_bob
Simpsons character classifier at home\simpsons_dataset\sideshow_bob\pic_0630.jpg	sideshow_bob
Simpsons character classifier at home\simpsons_dataset\sideshow_bob\pic_0631.jpg	sideshow_bob
Simpsons character classifier at home\simpsons_dataset\sideshow_bob\pic_0632.jpg	sideshow_bob
Simpsons character classifier at home\simpsons_dataset\sideshow_bob\pic_0633.jpg	sideshow_bob
Simpsons character classifier at home\simpsons_dataset\sideshow_bob\pic_0634.jpg	sideshow_bob
Simpsons character classifier at home\simpsons_dataset\sideshow_bob\pic_0635.jpg	sideshow_bob
Simpsons character classifier at home\simpsons_dataset\sideshow_bob\pic_0636.jpg	sideshow_bob
Simpsons character classifier at home\simpsons_dataset\sideshow_bob\pic_0637.jpg	sideshow_bob
Simpsons character classifier at home\simpsons_dataset\sideshow_bob\pic_0638.jpg	sideshow_bob
Simpsons character classifier at home\simpsons_dataset\sideshow_bob\pic_0639.jpg	sideshow_bob
Simpsons character classifier at home\simpsons_dataset\sideshow_bob\pic_0640.jpg	sideshow_bob
Simpsons character classifier at home\simpsons_dataset\sideshow_bob\pic_0641.jpg	sideshow_bob
Simpsons character classifier at home\simpsons_dataset\sideshow_bob\pic_0642.jpg	sideshow_bob
Simpsons character classifier at home\simpsons_dataset\sideshow_bob\pic_0643.jpg	sideshow_bob
Simpsons character classifier at home\simpsons_dataset\sideshow_bob\pic_0644.jpg	sideshow_bob
Simpsons character classifier at home\simpsons_dataset\sideshow_bob\pic_0645.jpg	sideshow_bob
Simpsons character classifier at home\simpsons_dataset\sideshow_bob\pic_0646.jpg	sideshow_bob
Simpsons character classifier at home\simpsons_dataset\sideshow_bob\pic_0647.jpg	sideshow_bob
Simpsons character classifier at home\simpsons_dataset\sideshow_bob\pic_0648.jpg	sideshow_bob
Simpsons character classifier at home\simpsons_dataset\sideshow_bob\pic_0649.jpg	sideshow_bob
Simpsons character classifier at home\simpsons_dataset\sideshow_bob\pic_0650.jpg	sideshow_bob
Simpsons character classifier at home\simpsons_dataset\sideshow_bob\pic_0651.jpg	sideshow_bob
Simpsons character classifier at home\simpsons_dataset\sideshow_bob\pic_0652.jpg	sideshow_bob
Simpsons character classifier at home\simpsons_dataset\sideshow_bob\pic_0653.jpg	sideshow_bob
Simpsons character classifier at home\simpsons_dataset\sideshow_bob\pic_0654.jpg	sideshow_bob
Simpsons character classifier at home\simpsons_dataset\sideshow_bob\pic_0655.jpg	sideshow_bob
Simpsons character classifier at home\simpsons_dataset\sideshow_bob\pic_0656.jpg	sideshow_bob
Simpsons character classifier at home\simpsons_dataset\sideshow_bob\pic_0657.jpg	sideshow_bob
Simpsons character classifier at home\simpsons_dataset\sideshow_bob\pic_0658.jpg	sideshow_bob
Simpsons character classifier at home\simpsons_dataset\sideshow_bob\pic_0659.jpg	sideshow_bob
Simpsons character classifier at home\simpsons_dataset\sideshow_bob\pic_0660.jpg	sideshow_bob
Simpsons character classifier at home\simpsons_dataset\sideshow_bob\pic_0661.jpg	sideshow_bob
Simpsons character classifier at home\simpsons_dataset\sideshow_bob\pic_0662.jpg	sideshow_bob
Simpsons character classifier at home\simpsons_dataset\sideshow_bob\pic_0663.jpg	sideshow_bob
Simpsons character classifier at home\simpsons_dataset\sideshow_bob\pic_0664.jpg	sideshow_bob
Simpsons character classifier at home\simpsons_dataset\sideshow_bob\pic_0665.jpg	sideshow_bob
Simpsons character classifier at home\simpsons_dataset\sideshow_bob\pic_0666.jpg	sideshow_bob
Simpsons character classifier at home\simpsons_dataset\sideshow_bob\pic_0667.jpg	sideshow_bob
Simpsons character classifier at home\simpsons_dataset\sideshow_bob\pic_0668.jpg	sideshow_bob
Simpsons character classifier at home\simpsons_dataset\sideshow_bob\pic_0669.jpg	sideshow_bob
Simpsons character classifier at home\simpsons_dataset\sideshow_bob\pic_0670.jpg	sideshow_bob
Simpsons character classifier at home\simpsons_dataset\sideshow_bob\pic_0671.jpg	sideshow_bob
Simpsons character classifier at home\simpsons_dataset\sideshow_bob\pic_0672.jpg	sideshow_bob
Simpsons character classifier at home\simpsons_dataset\sideshow_bob\pic_0673.jpg	sideshow_bob
Simpsons character classifier at home\simpsons_dataset\sideshow_bob\pic_0674.jpg	sideshow_bob
Simpsons character classifier at home\simpsons_dataset\sideshow_bob\pic_0675.jpg	sideshow_bob
Simpsons character classifier at home\simpsons_dataset\sideshow_bob\pic_0676.jpg	sideshow_bob
Simpsons character classifier at home\simpsons_dataset\sideshow_bob\pic_0677.jpg	sideshow_bob
Simpsons character classifier at home\simpsons_dataset\sideshow_bob\pic_0678.jpg	sideshow_bob
Simpsons character classifier at home\simpsons_dataset\sideshow_bob\pic_0679.jpg	sideshow_bob
Simpsons character classifier at home\simpsons_dataset\sideshow_bob\pic_0680.jpg	sideshow_bob
Simpsons character classifier at home\simpsons_dataset\sideshow_bob\pic_0681.jpg	sideshow_bob
Simpsons character classifier at home\simpsons_dataset\sideshow_bob\pic_0682.jpg	sideshow_bob
Simpsons character classifier at home\simpsons_dataset\sideshow_bob\pic_0683.jpg	sideshow_bob
Simpsons character classifier at home\simpsons_dataset\sideshow_bob\pic_0684.jpg	sideshow_bob
Simpsons character classifier at home\simpsons_dataset\sideshow_bob\pic_0685.jpg	sideshow_bob
Simpsons character classifier at home\simpsons_dataset\sideshow_bob\pic_0686.jpg	sideshow_bob
Simpsons character classifier at home\simpsons_dataset\sideshow_bob\pic_0687.jpg	sideshow_bob
Simpsons character classifier at home\simpsons_dataset\sideshow_bob\pic_0688.jpg	sideshow_bob
Simpsons character classifier at home\simpsons_dataset\sideshow_bob\pic_0689.jpg	sideshow_bob
Simpsons character classifier at home\simpsons_dataset\sideshow_bob\pic_0690.jpg	sideshow_bob
Simpsons character classifier at home\simpsons_dataset\sideshow_bob\pic_0691.jpg	sideshow_bob
Simpsons character classifier at home\simpsons_dataset\sideshow_bob\pic_0692.jpg	sideshow_bob
Simpsons character classifier at home\simpsons_dataset\sideshow_bob\pic_0693.jpg	sideshow_bob
Simpsons character classifier at home\simpsons_dataset\sideshow_bob\pic_0694.jpg	sideshow_bob
Simpsons character classifier at home\simpsons_dataset\sideshow_bob\pic_0695.jpg	sideshow_bob
Simpsons character classifier at home\simpsons_dataset\sideshow_bob\pic_0696.jpg	sideshow_bob
Simpsons character classifier at home\simpsons_dataset\sideshow_bob\pic_0697.jpg	sideshow_bob
Simpsons character classifier at home\simpsons_dataset\sideshow_bob\pic_0698.jpg	sideshow_bob
Simpsons character classifier at home\simpsons_dataset\sideshow_bob\pic_0699.jpg	sideshow_bob
Simpsons character classifier at home\simpsons_dataset\sideshow_bob\pic_0700.jpg	sideshow_bob
Simpsons character classifier at home\simpsons_dataset\sideshow_bob\pic_0701.jpg	sideshow_bob
Simpsons character classifier at home\simpsons_dataset\sideshow_bob\pic_0702.jpg	sideshow_bob
Simpsons character classifier at home\simpsons_dataset\sideshow_bob\pic_0703.jpg	sideshow_bob
Simpsons character classifier at home\simpsons_dataset\sideshow_bob\pic_0704.jpg	sideshow_bob
Simpsons character classifier at home\simpsons_dataset\sideshow_bob\pic_0705.jpg	sideshow_bob
Simpsons character classifier at home\simpsons_dataset\sideshow_bob\pic_0706.jpg	sideshow_bob
Simpsons character classifier at home\simpsons_dataset\sideshow_bob\pic_0707.jpg	sideshow_bob
Simpsons character classifier at home\simpsons_dataset\sideshow_bob\pic_0708.jpg	sideshow_bob
Simpsons character classifier at home\simpsons_dataset\sideshow_bob\pic_0709.jpg	sideshow_bob
Simpsons character classifier at home\simpsons_dataset\sideshow_bob\pic_0710.jpg	sideshow_bob
Simpsons character classifier at home\simpsons_dataset\sideshow_bob\pic_0711.jpg	sideshow_bob
Simpsons character classifier at home\simpsons_dataset\sideshow_bob\pic_0712.jpg	sideshow_bob
Simpsons character classifier at home\simpsons_dataset\sideshow_bob\pic_0713.jpg	sideshow_bob
Simpsons character classifier at home\simpsons_dataset\sideshow_bob\pic_0714.jpg	sideshow_bob
Simpsons character classifier at home\simpsons_dataset\sideshow_bob\pic_0715.jpg	sideshow_bob
Simpsons character classifier at home\simpsons_dataset\sideshow_bob\pic_0716.jpg	sideshow_bob
Simpsons character classifier at home\simpsons_dataset\sideshow_bob\pic_0717.jpg	sideshow_bob
Simpsons character classifier at home\simpsons_dataset\sideshow_bob\pic_0718.jpg	sideshow_bob
Simpsons character classifier at home\simpsons_dataset\sideshow_bob\pic_0719.jpg	sideshow_bob
Simpsons character classifier at home\simpsons_dataset\sideshow_bob\pic_0720.jpg	sideshow_bob
Simpsons character classifier at home\simpsons_dataset\sideshow_bob\pic_0721.jpg	sideshow_bob
Simpsons character classifier at home\simpsons_dataset\sideshow_bob\pic_0722.jpg	sideshow_bob
Simpsons character classifier at home\simpsons_dataset\sideshow_bob\pic_0723.jpg	sideshow_bob
Simpsons character classifier at home\simpsons_dataset\sideshow_bob\pic_0724.jpg	sideshow_bob
Simpsons character classifier at home\simpsons_dataset\sideshow_bob\pic_0725.jpg	sideshow_bob
Simpsons character classifier at home\simpsons_dataset\sideshow_bob\pic_0726.jpg	sideshow_bob
Simpsons character classifier at home\simpsons_dataset\sideshow_bob\pic_0727.jpg	sideshow_bob
Simpsons character classifier at home\simpsons_dataset\sideshow_bob\pic_0728.jpg	sideshow_bob
Simpsons character classifier at home\simpsons_dataset\sideshow_bob\pic_0729.jpg	sideshow_bob
Simpsons character classifier at home\simpsons_dataset\sideshow_bob\pic_0730.jpg	sideshow_bob
Simpsons character classifier at home\simpsons_dataset\sideshow_bob\pic_0731.jpg	sideshow_bob
Simpsons character classifier at home\simpsons_dataset\sideshow_bob\pic_0732.jpg	sideshow_bob
Simpsons character classifier at home\simpsons_dataset\sideshow_bob\pic_0733.jpg	sideshow_bob
Simpsons character classifier at home\simpsons_dataset\sideshow_bob\pic_0734.jpg	sideshow_bob
Simpsons character classifier at home\simpsons_dataset\sideshow_bob\pic_0735.jpg	sideshow_bob
Simpsons character classifier at home\simpsons_dataset\sideshow_bob\pic_0736.jpg	sideshow_bob
Simpsons character classifier at home\simpsons_dataset\sideshow_bob\pic_0737.jpg	sideshow_bob
Simpsons character classifier at home\simpsons_dataset\sideshow_bob\pic_0738.jpg	sideshow_bob
Simpsons character classifier at home\simpsons_dataset\sideshow_bob\pic_0739.jpg	sideshow_bob
Simpsons character classifier at home\simpsons_dataset\sideshow_bob\pic_0740.jpg	sideshow_bob
Simpsons character classifier at home\simpsons_dataset\sideshow_bob\pic_0741.jpg	sideshow_bob
Simpsons character classifier at home\simpsons_dataset\sideshow_bob\pic_0742.jpg	sideshow_bob
Simpsons character classifier at home\simpsons_dataset\sideshow_bob\pic_0743.jpg	sideshow_bob
Simpsons character classifier at home\simpsons_dataset\sideshow_bob\pic_0744.jpg	sideshow_bob
Simpsons character classifier at home\simpsons_dataset\sideshow_bob\pic_0745.jpg	sideshow_bob
Simpsons character classifier at home\simpsons_dataset\sideshow_bob\pic_0746.jpg	sideshow_bob
Simpsons character classifier at home\simpsons_dataset\sideshow_bob\pic_0747.jpg	sideshow_bob
Simpsons character classifier at home\simpsons_dataset\sideshow_bob\pic_0748.jpg	sideshow_bob
Simpsons character classifier at home\simpsons_dataset\sideshow_bob\pic_0749.jpg	sideshow_bob
Simpsons character classifier at home\simpsons_dataset\sideshow_bob\pic_0750.jpg	sideshow_bob
Simpsons character classifier at home\simpsons_dataset\sideshow_bob\pic_0751.jpg	sideshow_bob
Simpsons character classifier at home\simpsons_dataset\sideshow_bob\pic_0752.jpg	sideshow_bob
Simpsons character classifier at home\simpsons_dataset\sideshow_bob\pic_0753.jpg	sideshow_bob
Simpsons character classifier at home\simpsons_dataset\sideshow_bob\pic_0754.jpg	sideshow_bob
Simpsons character classifier at home\simpsons_dataset\sideshow_bob\pic_0755.jpg	sideshow_bob
Simpsons character classifier at home\simpsons_dataset\sideshow_bob\pic_0756.jpg	sideshow_bob
Simpsons character classifier at home\simpsons_dataset\sideshow_bob\pic_0757.jpg	sideshow_bob
Simpsons character classifier at home\simpsons_dataset\sideshow_bob\pic_0758.jpg	sideshow_bob
Simpsons character classifier at home\simpsons_dataset\sideshow_bob\pic_0759.jpg	sideshow_bob
Simpsons character classifier at home\simpsons_dataset\sideshow_bob\pic_0760.jpg	sideshow_bob
Simpsons character classifier at home\simpsons_dataset\sideshow_bob\pic_0761.jpg	sideshow_bob
Simpsons character classifier at home\simpsons_dataset\sideshow_bob\pic_0762.jpg	sideshow_bob
Simpsons character classifier at home\simpsons_dataset\sideshow_bob\pic_0763.jpg	sideshow_bob
Simpsons character classifier at home\simpsons_dataset\sideshow_bob\pic_0764.jpg	sideshow_bob
Simpsons character classifier at home\simpsons_dataset\sideshow_bob\pic_0765.jpg	sideshow_bob
Simpsons character classifier at home\simpsons_dataset\sideshow_bob\pic_0766.jpg	sideshow_bob
Simpsons character classifier at home\simpsons_dataset\sideshow_bob\pic_0767.jpg	sideshow_bob
Simpsons character classifier at home\simpsons_dataset\sideshow_bob\pic_0768.jpg	sideshow_bob
Simpsons character classifier at home\simpsons_dataset\sideshow_bob\pic_0769.jpg	sideshow_bob
Simpsons character classifier at home\simpsons_dataset\sideshow_bob\pic_0770.jpg	sideshow_bob
Simpsons character classifier at home\simpsons_dataset\sideshow_bob\pic_0771.jpg	sideshow_bob
Simpsons character classifier at home\simpsons_dataset\sideshow_bob\pic_0772.jpg	sideshow_bob
Simpsons character classifier at home\simpsons_dataset\sideshow_bob\pic_0773.jpg	sideshow_bob
Simpsons character classifier at home\simpsons_dataset\sideshow_bob\pic_0774.jpg	sideshow_bob
Simpsons character classifier at home\simpsons_dataset\sideshow_bob\pic_0775.jpg	sideshow_bob
Simpsons character classifier at home\simpsons_dataset\sideshow_bob\pic_0776.jpg	sideshow_bob
Simpsons character classifier at home\simpsons_dataset\sideshow_bob\pic_0777.jpg	sideshow_bob
Simpsons character classifier at home\simpsons_dataset\sideshow_bob\pic_0778.jpg	sideshow_bob
Simpsons character classifier at home\simpsons_dataset\sideshow_bob\pic_0779.jpg	sideshow_bob
Simpsons character classifier at home\simpsons_dataset\sideshow_bob\pic_0780.jpg	sideshow_bob
Simpsons character classifier at home\simpsons_dataset\sideshow_bob\pic_0781.jpg	sideshow_bob
Simpsons character classifier at home\simpsons_dataset\sideshow_bob\pic_0782.jpg	sideshow_bob
Simpsons character classifier at home\simpsons_dataset\sideshow_bob\pic_0783.jpg	sideshow_bob
Simpsons character classifier at home\simpsons_dataset\sideshow_bob\pic_0784.jpg	sideshow_bob
Simpsons character classifier at home\simpsons_dataset\sideshow_bob\pic_0785.jpg	sideshow_bob
Simpsons character classifier at home\simpsons_dataset\sideshow_bob\pic_0786.jpg	sideshow_bob
Simpsons character classifier at home\simpsons_dataset\sideshow_bob\pic_0787.jpg	sideshow_bob
Simpsons character classifier at home\simpsons_dataset\sideshow_bob\pic_0788.jpg	sideshow_bob
Simpsons character classifier at home\simpsons_dataset\sideshow_bob\pic_0789.jpg	sideshow_bob
Simpsons character classifier at home\simpsons_dataset\sideshow_bob\pic_0790.jpg	sideshow_bob
Simpsons character classifier at home\simpsons_dataset\sideshow_bob\pic_0791.jpg	sideshow_bob
Simpsons character classifier at home\simpsons_dataset\sideshow_bob\pic_0792.jpg	sideshow_bob
Simpsons character classifier at home\simpsons_dataset\sideshow_bob\pic_0793.jpg	sideshow_bob
Simpsons character classifier at home\simpsons_dataset\sideshow_bob\pic_0794.jpg	sideshow_bob
Simpsons character classifier at home\simpsons_dataset\sideshow_bob\pic_0795.jpg	sideshow_bob
Simpsons character classifier at home\simpsons_dataset\sideshow_bob\pic_0796.jpg	sideshow_bob
Simpsons character classifier at home\simpsons_dataset\sideshow_bob\pic_0797.jpg	sideshow_bob
Simpsons character classifier at home\simpsons_dataset\sideshow_bob\pic_0798.jpg	sideshow_bob
Simpsons character classifier at home\simpsons_dataset\sideshow_bob\pic_0799.jpg	sideshow_bob
Simpsons character classifier at home\simpsons_dataset\sideshow_bob\pic_0800.jpg	sideshow_bob
Simpsons character classifier at home\simpsons_dataset\sideshow_bob\pic_0801.jpg	sideshow_bob
Simpsons character classifier at home\simpsons_dataset\sideshow_bob\pic_0802.jpg	sideshow_bob
Simpsons character classifier at home\simpsons_dataset\sideshow_bob\pic_0803.jpg	sideshow_bob
Simpsons character classifier at home\simpsons_dataset\sideshow_bob\pic_0804.jpg	sideshow_bob
Simpsons character classifier at home\simpsons_dataset\sideshow_bob\pic_0805.jpg	sideshow_bob
Simpsons character classifier at home\simpsons_dataset\sideshow_bob\pic_0806.jpg	sideshow_bob
Simpsons character classifier at home\simpsons_dataset\sideshow_bob\pic_0807.jpg	sideshow_bob
Simpsons character classifier at home\simpsons_dataset\sideshow_bob\pic_0808.jpg	sideshow_bob
Simpsons character classifier at home\simpsons_dataset\sideshow_bob\pic_0809.jpg	sideshow_bob
Simpsons character classifier at home\simpsons_dataset\sideshow_bob\pic_0810.jpg	sideshow_bob
Simpsons character classifier at home\simpsons_dataset\sideshow_bob\pic_0811.jpg	sideshow_bob
Simpsons character classifier at home\simpsons_dataset\sideshow_bob\pic_0812.jpg	sideshow_bob
Simpsons character classifier at home\simpsons_dataset\sideshow_bob\pic_0813.jpg	sideshow_bob
Simpsons character classifier at home\simpsons_dataset\sideshow_bob\pic_0814.jpg	sideshow_bob
Simpsons character classifier at home\simpsons_dataset\sideshow_bob\pic_0815.jpg	sideshow_bob
Simpsons character classifier at home\simpsons_dataset\sideshow_bob\pic_0816.jpg	sideshow_bob
Simpsons character classifier at home\simpsons_dataset\sideshow_bob\pic_0817.jpg	sideshow_bob
Simpsons character classifier at home\simpsons_dataset\sideshow_bob\pic_0818.jpg	sideshow_bob
Simpsons character classifier at home\simpsons_dataset\sideshow_bob\pic_0819.jpg	sideshow_bob
Simpsons character classifier at home\simpsons_dataset\sideshow_bob\pic_0820.jpg	sideshow_bob
Simpsons character classifier at home\simpsons_dataset\sideshow_bob\pic_0821.jpg	sideshow_bob
Simpsons character classifier at home\simpsons_dataset\sideshow_bob\pic_0822.jpg	sideshow_bob
Simpsons character classifier at home\simpsons_dataset\sideshow_bob\pic_0823.jpg	sideshow_bob
Simpsons character classifier at home\simpsons_dataset\sideshow_bob\pic_0824.jpg	sideshow_bob
Simpsons character classifier at home\simpsons_dataset\sideshow_bob\pic_0825.jpg	sideshow_bob
Simpsons character classifier at home\simpsons_dataset\sideshow_bob\pic_0826.jpg	sideshow_bob
Simpsons character classifier at home\simpsons_dataset\sideshow_bob\pic_0827.jpg	sideshow_bob
Simpsons character classifier at home\simpsons_dataset\sideshow_bob\pic_0828.jpg	sideshow_bob
Simpsons character classifier at home\simpsons_dataset\sideshow_bob\pic_0829.jpg	sideshow_bob
Simpsons character classifier at home\simpsons_dataset\sideshow_bob\pic_0830.jpg	sideshow_bob
Simpsons character classifier at home\simpsons_dataset\sideshow_bob\pic_0831.jpg	sideshow_bob
Simpsons character classifier at home\simpsons_dataset\sideshow_bob\pic_0832.jpg	sideshow_bob
Simpsons character classifier at home\simpsons_dataset\sideshow_bob\pic_0833.jpg	sideshow_bob
Simpsons character classifier at home\simpsons_dataset\sideshow_bob\pic_0834.jpg	sideshow_bob
Simpsons character classifier at home\simpsons_dataset\sideshow_bob\pic_0835.jpg	sideshow_bob
Simpsons character classifier at home\simpsons_dataset\sideshow_bob\pic_0836.jpg	sideshow_bob
Simpsons character classifier at home\simpsons_dataset\sideshow_bob\pic_0837.jpg	sideshow_bob
Simpsons character classifier at home\simpsons_dataset\sideshow_bob\pic_0838.jpg	sideshow_bob
Simpsons character classifier at home\simpsons_dataset\sideshow_bob\pic_0839.jpg	sideshow_bob
Simpsons character classifier at home\simpsons_dataset\sideshow_bob\pic_0840.jpg	sideshow_bob
Simpsons character classifier at home\simpsons_dataset\sideshow_bob\pic_0841.jpg	sideshow_bob
Simpsons character classifier at home\simpsons_dataset\sideshow_bob\pic_0842.jpg	sideshow_bob
Simpsons character classifier at home\simpsons_dataset\sideshow_bob\pic_0843.jpg	sideshow_bob
Simpsons character classifier at home\simpsons_dataset\sideshow_bob\pic_0844.jpg	sideshow_bob
Simpsons character classifier at home\simpsons_dataset\sideshow_bob\pic_0845.jpg	sideshow_bob
Simpsons character classifier at home\simpsons_dataset\sideshow_bob\pic_0846.jpg	sideshow_bob
Simpsons character classifier at home\simpsons_dataset\sideshow_bob\pic_0847.jpg	sideshow_bob
Simpsons character classifier at home\simpsons_dataset\sideshow_bob\pic_0848.jpg	sideshow_bob
Simpsons character classifier at home\simpsons_dataset\sideshow_bob\pic_0849.jpg	sideshow_bob
Simpsons character classifier at home\simpsons_dataset\sideshow_bob\pic_0850.jpg	sideshow_bob
Simpsons character classifier at home\simpsons_dataset\sideshow_bob\pic_0851.jpg	sideshow_bob
Simpsons character classifier at home\simpsons_dataset\sideshow_bob\pic_0852.jpg	sideshow_bob
Simpsons character classifier at home\simpsons_dataset\sideshow_bob\pic_0853.jpg	sideshow_bob
Simpsons character classifier at home\simpsons_dataset\sideshow_bob\pic_0854.jpg	sideshow_bob
Simpsons character classifier at home\simpsons_dataset\sideshow_bob\pic_0855.jpg	sideshow_bob
Simpsons character classifier at home\simpsons_dataset\sideshow_bob\pic_0856.jpg	sideshow_bob
Simpsons character classifier at home\simpsons_dataset\sideshow_bob\pic_0857.jpg	sideshow_bob
Simpsons character classifier at home\simpsons_dataset\sideshow_bob\pic_0858.jpg	sideshow_bob
Simpsons character classifier at home\simpsons_dataset\sideshow_bob\pic_0859.jpg	sideshow_bob
Simpsons character classifier at home\simpsons_dataset\sideshow_bob\pic_0860.jpg	sideshow_bob
Simpsons character classifier at home\simpsons_dataset\sideshow_bob\pic_0861.jpg	sideshow_bob
Simpsons character classifier at home\simpsons_dataset\sideshow_bob\pic_0862.jpg	sideshow_bob
Simpsons character classifier at home\simpsons_dataset\sideshow_bob\pic_0863.jpg	sideshow_bob
Simpsons character classifier at home\simpsons_dataset\sideshow_bob\pic_0864.jpg	sideshow_bob
Simpsons character classifier at home\simpsons_dataset\sideshow_bob\pic_0865.jpg	sideshow_bob
Simpsons character classifier at home\simpsons_dataset\sideshow_bob\pic_0866.jpg	sideshow_bob
Simpsons character classifier at home\simpsons_dataset\sideshow_bob\pic_0867.jpg	sideshow_bob
Simpsons character classifier at home\simpsons_dataset\sideshow_bob\pic_0868.jpg	sideshow_bob
Simpsons character classifier at home\simpsons_dataset\sideshow_bob\pic_0869.jpg	sideshow_bob
Simpsons character classifier at home\simpsons_dataset\sideshow_bob\pic_0870.jpg	sideshow_bob
Simpsons character classifier at home\simpsons_dataset\sideshow_bob\pic_0871.jpg	sideshow_bob
Simpsons character classifier at home\simpsons_dataset\sideshow_bob\pic_0872.jpg	sideshow_bob
Simpsons character classifier at home\simpsons_dataset\sideshow_bob\pic_0873.jpg	sideshow_bob
Simpsons character classifier at home\simpsons_dataset\sideshow_bob\pic_0874.jpg	sideshow_bob
Simpsons character classifier at home\simpsons_dataset\sideshow_bob\pic_0875.jpg	sideshow_bob
Simpsons character classifier at home\simpsons_dataset\sideshow_bob\pic_0876.jpg	sideshow_bob
Simpsons character classifier at home\simpsons_dataset\sideshow_bob\pic_0877.jpg	sideshow_bob
