Simpsons character classifier at home\simpsons_dataset\sideshow_mel\pic_0000.jpg	sideshow_mel
Simpsons character classifier at home\simpsons_dataset\sideshow_mel\pic_0001.jpg	sideshow_mel
Simpsons character classifier at home\simpsons_dataset\sideshow_mel\pic_0002.jpg	sideshow_mel
Simpsons character classifier at home\simpsons_dataset\sideshow_mel\pic_0003.jpg	sideshow_mel
Simpsons character classifier at home\simpsons_dataset\sideshow_mel\pic_0004.jpg	sideshow_mel
Simpsons character classifier at home\simpsons_dataset\sideshow_mel\pic_0005.jpg	sideshow_mel
Simpsons character classifier at home\simpsons_dataset\sideshow_mel\pic_0006.jpg	sideshow_mel
Simpsons character classifier at home\simpsons_dataset\sideshow_mel\pic_0007.jpg	sideshow_mel
Simpsons character classifier at home\simpsons_dataset\sideshow_mel\pic_0008.jpg	sideshow_mel
Simpsons character classifier at home\simpsons_dataset\sideshow_mel\pic_0009.jpg	sideshow_mel
Simpsons character classifier at home\simpsons_dataset\sideshow_mel\pic_0010.jpg	sideshow_mel
Simpsons character classifier at home\simpsons_dataset\sideshow_mel\pic_0011.jpg	sideshow_mel
Simpsons character classifier at home\simpsons_dataset\sideshow_mel\pic_0012.jpg	sideshow_mel
Simpsons character classifier at home\simpsons_dataset\sideshow_mel\pic_0013.jpg	sideshow_mel
Simpsons character classifier at home\simpsons_dataset\sideshow_mel\pic_0014.jpg	sideshow_mel
Simpsons character classifier at home\simpsons_dataset\sideshow_mel\pic_0015.jpg	sideshow_mel
Simpsons character classifier at home\simpsons_dataset\sideshow_mel\pic_0016.jpg	sideshow_mel
Simpsons character classifier at home\simpsons_dataset\sideshow_mel\pic_0017.jpg	sideshow_mel
Simpsons character classifier at home\simpsons_dataset\sideshow_mel\pic_0018.jpg	sideshow_mel
Simpsons character classifier at home\simpsons_dataset\sideshow_mel\pic_0019.jpg	sideshow_mel
Simpsons character classifier at home\simpsons_dataset\sideshow_mel\pic_0020.jpg	sideshow_mel
Simpsons character classifier at home\simpsons_dataset\sideshow_mel\pic_0021.jpg	sideshow_mel
Simpsons character classifier at home\simpsons_dataset\sideshow_mel\pic_0022.jpg	sideshow_mel
Simpsons character classifier at home\simpsons_dataset\sideshow_mel\pic_0023.jpg	sideshow_mel
Simpsons character classifier at home\simpsons_dataset\sideshow_mel\pic_0024.jpg	sideshow_mel
Simpsons character classifier at home\simpsons_dataset\sideshow_mel\pic_0025.jpg	sideshow_mel
Simpsons character classifier at home\simpsons_dataset\sideshow_mel\pic_0026.jpg	sideshow_mel
Simpsons character classifier at home\simpsons_dataset\sideshow_mel\pic_0027.jpg	sideshow_mel
Simpsons character classifier at home\simpsons_dataset\sideshow_mel\pic_0028.jpg	sideshow_mel
Simpsons character classifier at home\simpsons_dataset\sideshow_mel\pic_0029.jpg	sideshow_mel
Simpsons character classifier at home\simpsons_dataset\sideshow_mel\pic_0030.jpg	sideshow_mel
Simpsons character classifier at home\simpsons_dataset\sideshow_mel\pic_0031.jpg	sideshow_mel
Simpsons character classifier at home\simpsons_dataset\sideshow_mel\pic_0032.jpg	sideshow_mel
Simpsons character classifier at home\simpsons_dataset\sideshow_mel\pic_0033.jpg	sideshow_mel
Simpsons character classifier at home\simpsons_dataset\sideshow_mel\pic_0034.jpg	sideshow_mel
Simpsons character classifier at home\simpsons_dataset\sideshow_mel\pic_0035.jpg	sideshow_mel
Simpsons character classifier at home\simpsons_dataset\sideshow_mel\pic_0036.jpg	sideshow_mel
Simpsons character classifier at home\simpsons_dataset\sideshow_mel\pic_0037.jpg	sideshow_mel
Simpsons character classifier at home\simpsons_dataset\sideshow_mel\pic_0038.jpg	sideshow_mel
Simpsons character classifier at home\simpsons_dataset\sideshow_mel\pic_0039.jpg	sideshow_mel
