Simpsons character classifier at home\simpsons_dataset\snake_jailbird\pic_0000.jpg	snake_jailbird
Simpsons character classifier at home\simpsons_dataset\snake_jailbird\pic_0001.jpg	snake_jailbird
Simpsons character classifier at home\simpsons_dataset\snake_jailbird\pic_0002.jpg	snake_jailbird
Simpsons character classifier at home\simpsons_dataset\snake_jailbird\pic_0003.jpg	snake_jailbird
Simpsons character classifier at home\simpsons_dataset\snake_jailbird\pic_0004.jpg	snake_jailbird
Simpsons character classifier at home\simpsons_dataset\snake_jailbird\pic_0005.jpg	snake_jailbird
Simpsons character classifier at home\simpsons_dataset\snake_jailbird\pic_0006.jpg	snake_jailbird
Simpsons character classifier at home\simpsons_dataset\snake_jailbird\pic_0007.jpg	snake_jailbird
Simpsons character classifier at home\simpsons_dataset\snake_jailbird\pic_0008.jpg	snake_jailbird
Simpsons character classifier at home\simpsons_dataset\snake_jailbird\pic_0009.jpg	snake_jailbird
Simpsons character classifier at home\simpsons_dataset\snake_jailbird\pic_0010.jpg	snake_jailbird
Simpsons character classifier at home\simpsons_dataset\snake_jailbird\pic_0011.jpg	snake_jailbird
Simpsons character classifier at home\simpsons_dataset\snake_jailbird\pic_0012.jpg	snake_jailbird
Simpsons character classifier at home\simpsons_dataset\snake_jailbird\pic_0013.jpg	snake_jailbird
Simpsons character classifier at home\simpsons_dataset\snake_jailbird\pic_0014.jpg	snake_jailbird
Simpsons character classifier at home\simpsons_dataset\snake_jailbird\pic_0015.jpg	snake_jailbird
Simpsons character classifier at home\simpsons_dataset\snake_jailbird\pic_0016.jpg	snake_jailbird
Simpsons character classifier at home\simpsons_dataset\snake_jailbird\pic_0017.jpg	snake_jailbird
Simpsons character classifier at home\simpsons_dataset\snake_jailbird\pic_0018.jpg	snake_jailbird
Simpsons character classifier at home\simpsons_dataset\snake_jailbird\pic_0019.jpg	snake_jailbird
Simpsons character classifier at home\simpsons_dataset\snake_jailbird\pic_0020.jpg	snake_jailbird
Simpsons character classifier at home\simpsons_dataset\snake_jailbird\pic_0021.jpg	snake_jailbird
Simpsons character classifier at home\simpsons_dataset\snake_jailbird\pic_0022.jpg	snake_jailbird
Simpsons character classifier at home\simpsons_dataset\snake_jailbird\pic_0023.jpg	snake_jailbird
Simpsons character classifier at home\simpsons_dataset\snake_jailbird\pic_0024.jpg	snake_jailbird
Simpsons character classifier at home\simpsons_dataset\snake_jailbird\pic_0025.jpg	snake_jailbird
Simpsons character classifier at home\simpsons_dataset\snake_jailbird\pic_0026.jpg	snake_jailbird
Simpsons character classifier at home\simpsons_dataset\snake_jailbird\pic_0027.jpg	snake_jailbird
Simpsons character classifier at home\simpsons_dataset\snake_jailbird\pic_0028.jpg	snake_jailbird
Simpsons character classifier at home\simpsons_dataset\snake_jailbird\pic_0029.jpg	snake_jailbird
Simpsons character classifier at home\simpsons_dataset\snake_jailbird\pic_0030.jpg	snake_jailbird
Simpsons character classifier at home\simpsons_dataset\snake_jailbird\pic_0031.jpg	snake_jailbird
Simpsons character classifier at home\simpsons_dataset\snake_jailbird\pic_0032.jpg	snake_jailbird
Simpsons character classifier at home\simpsons_dataset\snake_jailbird\pic_0033.jpg	snake_jailbird
Simpsons character classifier at home\simpsons_dataset\snake_jailbird\pic_0034.jpg	snake_jailbird
Simpsons character classifier at home\simpsons_dataset\snake_jailbird\pic_0035.jpg	snake_jailbird
Simpsons character classifier at home\simpsons_dataset\snake_jailbird\pic_0036.jpg	snake_jailbird
Simpsons character classifier at home\simpsons_dataset\snake_jailbird\pic_0037.jpg	snake_jailbird
Simpsons character classifier at home\simpsons_dataset\snake_jailbird\pic_0038.jpg	snake_jailbird
Simpsons character classifier at home\simpsons_dataset\snake_jailbird\pic_0039.jpg	snake_jailbird
Simpsons character classifier at home\simpsons_dataset\snake_jailbird\pic_0040.jpg	snake_jailbird
Simpsons character classifier at home\simpsons_dataset\snake_jailbird\pic_0041.jpg	snake_jailbird
Simpsons character classifier at home\simpsons_dataset\snake_jailbird\pic_0042.jpg	snake_jailbird
Simpsons character classifier at home\simpsons_dataset\snake_jailbird\pic_0043.jpg	snake_jailbird
Simpsons character classifier at home\simpsons_dataset\snake_jailbird\pic_0044.jpg	snake_jailbird
Simpsons character classifier at home\simpsons_dataset\snake_jailbird\pic_0045.jpg	snake_jailbird
Simpsons character classifier at home\simpsons_dataset\snake_jailbird\pic_0046.jpg	snake_jailbird
Simpsons character classifier at home\simpsons_dataset\snake_jailbird\pic_0047.jpg	snake_jailbird
Simpsons character classifier at home\simpsons_dataset\snake_jailbird\pic_0048.jpg	snake_jailbird
Simpsons character classifier at home\simpsons_dataset\snake_jailbird\pic_0049.jpg	snake_jailbird
Simpsons character classifier at home\simpsons_dataset\snake_jailbird\pic_0050.jpg	snake_jailbird
Simpsons character classifier at home\simpsons_dataset\snake_jailbird\pic_0051.jpg	snake_jailbird
Simpsons character classifier at home\simpsons_dataset\snake_jailbird\pic_0052.jpg	snake_jailbird
Simpsons character classifier at home\simpsons_dataset\snake_jailbird\pic_0053.jpg	snake_jailbird
Simpsons character classifier at home\simpsons_dataset\snake_jailbird\pic_0054.jpg	snake_jailbird
